[2026-07-31 08:21:12.231] [info] [sirius_context.cpp:225] QueryBegin: instance=0xfd127512aa00 connection=1 query=245 SQL: select s.s_name, s.s_address from supplier s, nation n where s.s_suppkey in ( select ps.ps_suppkey from partsupp ps where ps. ps_partkey in ( select p.p_partkey from part p where p.p_name like 'antique%' ) and ps.ps_availqty > ( select 0.5 * sum(l.l_quantity) from lineitem l where l.l_partkey = ps.ps_partkey and l.l_suppkey = ps.ps_suppkey and l.l_shipdate >= date '1993-01-01' and l.l_shipdate < date '1994-01-01' ) ) and s.s_nationkey = n.n_nationkey and n.n_name = 'KENYA' order by s.s_name
[2026-07-31 08:21:12.245] [info] [sirius_plan_get.cpp:498] [sirius_plan_get] LogicalGet has dynamic_filters attached (channel key=0xb45a69ac8cc0).
[2026-07-31 08:21:12.245] [info] [sirius_plan_comparison_join.cpp:608] [sirius_plan_comparison_join] Wired hash join with 1 dynamic-filter probe target(s) (build est 199999968 rows).
[2026-07-31 08:21:12.245] [info] [sirius_plan_get.cpp:498] [sirius_plan_get] LogicalGet has dynamic_filters attached (channel key=0xb45a6e0ee0f0).
[2026-07-31 08:21:12.245] [info] [sirius_plan_comparison_join.cpp:608] [sirius_plan_comparison_join] Wired hash join with 1 dynamic-filter probe target(s) (build est 0 rows).
[2026-07-31 08:21:12.245] [info] [sirius_plan_get.cpp:498] [sirius_plan_get] LogicalGet has dynamic_filters attached (channel key=0xb45a72d0e150).
[2026-07-31 08:21:12.245] [info] [sirius_plan_comparison_join.cpp:608] [sirius_plan_comparison_join] Wired hash join with 1 dynamic-filter probe target(s) (build est 25 rows).
[2026-07-31 08:21:12.246] [info] [sirius_context.cpp:1244] Transparent execution: Sirius physical plan generated successfully
[2026-07-31 08:21:12.246] [info] [sirius_context.cpp:1272] Transparent execution: physical plan replaced with GPU operator
[2026-07-31 08:21:12.246] [info] [physical_sirius_execution.cpp:155] Transparent GPU execution: executing query
[2026-07-31 08:21:12.246] [info] [sirius_context.cpp:416] [window] begin instance=0xfd127512aa00 connection=1 window=124 query=245 outcome=-
[2026-07-31 08:21:12.246] [info] [sirius_context.cpp:152] [host_pool] HOST:0 QueryBegin instance=0xfd127512aa00 connection=1 window=124 query=245 allocated=27514634240 bytes peak=73014444032 bytes free_blocks=2726
[2026-07-31 08:21:12.246] [info] [sirius_context.cpp:167] [gpu_pool] GPU:0 QueryBegin instance=0xfd127512aa00 connection=1 window=124 query=245 allocated=67579277056 bytes peak=230543078304 bytes reserved=0 bytes
[2026-07-31 08:21:12.246] [info] [sirius_context.cpp:285] QueryBegin: transparent_execution
[2026-07-31 08:21:12.250] [info] [sirius_plan_get.cpp:498] [sirius_plan_get] LogicalGet has dynamic_filters attached (channel key=0xb45a69ac8cc0).
[2026-07-31 08:21:12.250] [info] [sirius_plan_comparison_join.cpp:608] [sirius_plan_comparison_join] Wired hash join with 1 dynamic-filter probe target(s) (build est 199999968 rows).
[2026-07-31 08:21:12.250] [info] [sirius_plan_get.cpp:498] [sirius_plan_get] LogicalGet has dynamic_filters attached (channel key=0xb45a6e0ee0f0).
[2026-07-31 08:21:12.250] [info] [sirius_plan_comparison_join.cpp:608] [sirius_plan_comparison_join] Wired hash join with 1 dynamic-filter probe target(s) (build est 0 rows).
[2026-07-31 08:21:12.250] [info] [sirius_plan_get.cpp:498] [sirius_plan_get] LogicalGet has dynamic_filters attached (channel key=0xb45a72d0e150).
[2026-07-31 08:21:12.250] [info] [sirius_plan_comparison_join.cpp:608] [sirius_plan_comparison_join] Wired hash join with 1 dynamic-filter probe target(s) (build est 25 rows).
[2026-07-31 08:21:12.251] [info] [sirius_engine.cpp:265] Query Plan:
=== Pipeline Overview ===
Pipeline #0: GPU_SCAN (id=0)
  Output: -> PARTITION [port: default, barrier: FULL]
Pipeline #1: PARTITION (id=1)
  Input: <- Pipeline #0 [on: PARTITION (id=1), port: default, barrier: FULL]
  Dependencies: Pipeline #0
  Output: -> CONCAT [port: default, barrier: PARTIAL]
Pipeline #2: CONCAT (id=2)
  Input: <- Pipeline #1 [on: CONCAT (id=2), port: default, barrier: PARTIAL]
  Dependencies: Pipeline #1
  Output: -> HASH_JOIN [port: build, barrier: PARTIAL]
Pipeline #3: GPU_SCAN (id=3) -> DYNAMIC_FILTER (id=4)
  Output: -> PARTITION [port: default, barrier: PARTIAL]
Pipeline #4: PARTITION (id=5)
  Input: <- Pipeline #3 [on: PARTITION (id=5), port: default, barrier: PARTIAL]
  Dependencies: Pipeline #3
  Output: -> CONCAT [port: default, barrier: PARTIAL]
Pipeline #5: CONCAT (id=6)
  Input: <- Pipeline #4 [on: CONCAT (id=6), port: default, barrier: PARTIAL]
  Dependencies: Pipeline #4
  Output: -> HASH_JOIN [port: default, barrier: PARTIAL]
Pipeline #6: HASH_JOIN (id=7)
  Input: <- Pipeline #2 [on: HASH_JOIN (id=7), port: build, barrier: PARTIAL]
  Input: <- Pipeline #5 [on: HASH_JOIN (id=7), port: default, barrier: PARTIAL]
  Dependencies: Pipeline #2, Pipeline #5
  Output: -> PARTITION [port: default, barrier: FULL]
Pipeline #7: PARTITION (id=8)
  Input: <- Pipeline #6 [on: PARTITION (id=8), port: default, barrier: FULL]
  Dependencies: Pipeline #6
  Output: -> CONCAT [port: default, barrier: PARTIAL]
Pipeline #8: CONCAT (id=9)
  Input: <- Pipeline #7 [on: CONCAT (id=9), port: default, barrier: PARTIAL]
  Dependencies: Pipeline #7
  Output: -> HASH_JOIN [port: build, barrier: PARTIAL]
Pipeline #9: GPU_SCAN (id=10)
  Output: -> PARTITION [port: default, barrier: FULL]
Pipeline #10: PARTITION (id=11)
  Input: <- Pipeline #9 [on: PARTITION (id=11), port: default, barrier: FULL]
  Dependencies: Pipeline #9
  Output: -> CONCAT [port: default, barrier: PARTIAL]
Pipeline #11: CONCAT (id=12)
  Input: <- Pipeline #10 [on: CONCAT (id=12), port: default, barrier: PARTIAL]
  Dependencies: Pipeline #10
  Output: -> HASH_JOIN [port: build, barrier: PARTIAL]
Pipeline #12: GPU_SCAN (id=13) -> DYNAMIC_FILTER (id=14)
  Output: -> PARTITION [port: default, barrier: PARTIAL]
Pipeline #13: PARTITION (id=15)
  Input: <- Pipeline #12 [on: PARTITION (id=15), port: default, barrier: PARTIAL]
  Dependencies: Pipeline #12
  Output: -> CONCAT [port: default, barrier: PARTIAL]
Pipeline #14: CONCAT (id=16)
  Input: <- Pipeline #13 [on: CONCAT (id=16), port: default, barrier: PARTIAL]
  Dependencies: Pipeline #13
  Output: -> HASH_JOIN [port: default, barrier: PARTIAL]
Pipeline #15: HASH_JOIN (id=17) -> LEFT_DELIM_JOIN (id=18)
  Input: <- Pipeline #11 [on: HASH_JOIN (id=17), port: build, barrier: PARTIAL]
  Input: <- Pipeline #14 [on: HASH_JOIN (id=17), port: default, barrier: PARTIAL]
  Dependencies: Pipeline #11, Pipeline #14
  Output: -> COLUMN_DATA_SCAN [port: default, barrier: FULL]
  Output: -> HASH_GROUP_BY [port: default, barrier: FULL]
Pipeline #16: HASH_GROUP_BY (id=19)
  Input: <- Pipeline #15 [on: HASH_GROUP_BY (id=19), port: default, barrier: FULL]
  Dependencies: Pipeline #15
  Output: -> PARTITION [port: default, barrier: FULL]
Pipeline #17: PARTITION (id=20)
  Input: <- Pipeline #16 [on: PARTITION (id=20), port: default, barrier: FULL]
  Dependencies: Pipeline #16
  Output: -> MERGE_GROUP_BY [port: default, barrier: FULL]
Pipeline #18: MERGE_GROUP_BY (id=21)
  Input: <- Pipeline #17 [on: MERGE_GROUP_BY (id=21), port: default, barrier: FULL]
  Dependencies: Pipeline #17
  Output: -> PARTITION [port: default, barrier: FULL]
Pipeline #19: PARTITION (id=22)
  Input: <- Pipeline #18 [on: PARTITION (id=22), port: default, barrier: FULL]
  Dependencies: Pipeline #18
  Output: -> CONCAT [port: default, barrier: PARTIAL]
Pipeline #20: CONCAT (id=23)
  Input: <- Pipeline #19 [on: CONCAT (id=23), port: default, barrier: PARTIAL]
  Dependencies: Pipeline #19
  Output: -> HASH_JOIN [port: build, barrier: PARTIAL]
Pipeline #21: GPU_SCAN (id=24) -> DYNAMIC_FILTER (id=25)
  Output: -> PARTITION [port: default, barrier: PARTIAL]
Pipeline #22: PARTITION (id=26)
  Input: <- Pipeline #21 [on: PARTITION (id=26), port: default, barrier: PARTIAL]
  Dependencies: Pipeline #21
  Output: -> CONCAT [port: default, barrier: PARTIAL]
Pipeline #23: CONCAT (id=27)
  Input: <- Pipeline #22 [on: CONCAT (id=27), port: default, barrier: PARTIAL]
  Dependencies: Pipeline #22
  Output: -> HASH_JOIN [port: default, barrier: PARTIAL]
Pipeline #24: HASH_JOIN (id=28) -> PROJECTION (id=29) -> HASH_GROUP_BY (id=30)
  Input: <- Pipeline #20 [on: HASH_JOIN (id=28), port: build, barrier: PARTIAL]
  Input: <- Pipeline #23 [on: HASH_JOIN (id=28), port: default, barrier: PARTIAL]
  Dependencies: Pipeline #20, Pipeline #23
  Output: -> PARTITION [port: default, barrier: FULL]
Pipeline #25: PARTITION (id=31)
  Input: <- Pipeline #24 [on: PARTITION (id=31), port: default, barrier: FULL]
  Dependencies: Pipeline #24
  Output: -> MERGE_GROUP_BY [port: default, barrier: FULL]
Pipeline #26: MERGE_GROUP_BY (id=32) -> PROJECTION (id=33)
  Input: <- Pipeline #25 [on: MERGE_GROUP_BY (id=32), port: default, barrier: FULL]
  Dependencies: Pipeline #25
  Output: -> PARTITION [port: default, barrier: FULL]
Pipeline #27: PARTITION (id=34)
  Input: <- Pipeline #26 [on: PARTITION (id=34), port: default, barrier: FULL]
  Dependencies: Pipeline #26
  Output: -> CONCAT [port: default, barrier: PARTIAL]
Pipeline #28: CONCAT (id=35)
  Input: <- Pipeline #27 [on: CONCAT (id=35), port: default, barrier: PARTIAL]
  Dependencies: Pipeline #27
  Output: -> HASH_JOIN [port: build, barrier: PARTIAL]
Pipeline #29: COLUMN_DATA_SCAN (id=36)
  Input: <- Pipeline #15 [on: COLUMN_DATA_SCAN (id=36), port: default, barrier: FULL]
  Dependencies: Pipeline #15
  Output: -> PARTITION [port: default, barrier: PARTIAL]
Pipeline #30: PARTITION (id=37)
  Input: <- Pipeline #29 [on: PARTITION (id=37), port: default, barrier: PARTIAL]
  Dependencies: Pipeline #29
  Output: -> CONCAT [port: default, barrier: PARTIAL]
Pipeline #31: CONCAT (id=38)
  Input: <- Pipeline #30 [on: CONCAT (id=38), port: default, barrier: PARTIAL]
  Dependencies: Pipeline #30
  Output: -> HASH_JOIN [port: default, barrier: PARTIAL]
Pipeline #32: HASH_JOIN (id=39) -> FILTER (id=40)
  Input: <- Pipeline #28 [on: HASH_JOIN (id=39), port: build, barrier: PARTIAL]
  Input: <- Pipeline #31 [on: HASH_JOIN (id=39), port: default, barrier: PARTIAL]
  Dependencies: Pipeline #28, Pipeline #31
  Output: -> PARTITION [port: default, barrier: FULL]
Pipeline #33: PARTITION (id=41)
  Input: <- Pipeline #32 [on: PARTITION (id=41), port: default, barrier: FULL]
  Dependencies: Pipeline #32
  Output: -> CONCAT [port: default, barrier: PARTIAL]
Pipeline #34: CONCAT (id=42)
  Input: <- Pipeline #33 [on: CONCAT (id=42), port: default, barrier: PARTIAL]
  Dependencies: Pipeline #33
  Output: -> HASH_JOIN [port: default, barrier: PARTIAL]
Pipeline #35: HASH_JOIN (id=43) -> ORDER_BY (id=44)
  Input: <- Pipeline #34 [on: HASH_JOIN (id=43), port: default, barrier: PARTIAL]
  Input: <- Pipeline #8 [on: HASH_JOIN (id=43), port: build, barrier: PARTIAL]
  Dependencies: Pipeline #8, Pipeline #34
  Output: -> SORT_SAMPLE [port: default, barrier: PIPELINE]
Pipeline #36: SORT_SAMPLE (id=45) -> SORT_PARTITION (id=46)
  Input: <- Pipeline #35 [on: SORT_SAMPLE (id=45), port: default, barrier: PIPELINE]
  Dependencies: Pipeline #35
  Output: -> MERGE_SORT [port: default, barrier: FULL]
Pipeline #37: MERGE_SORT (id=47)
  Input: <- Pipeline #36 [on: MERGE_SORT (id=47), port: default, barrier: FULL]
  Dependencies: Pipeline #36
  Output: -> RESULT_COLLECTOR [port: default, barrier: FULL]
Pipeline #38: RESULT_COLLECTOR (id=48)
  Input: <- Pipeline #37 [on: RESULT_COLLECTOR (id=48), port: default, barrier: FULL]
  Dependencies: Pipeline #37

=== Query Plan DAG ===
┌──────────────────────────┐                                                                                                                                            
│ Pipeline #38             │                                                                                                                                            
│ RESULT_COLLECTOR (id=48) │                                                                                                                                            
│ Input(#37): FULL         │                                                                                                                                            
└────────────┬─────────────┘                                                                                                                                            
             │                                                                                                                                                          
┌──────────────────────────┐                                                                                                                                            
│ Pipeline #37             │                                                                                                                                            
│ MERGE_SORT (id=47)       │                                                                                                                                            
│ Input(#36): FULL         │                                                                                                                                            
└────────────┬─────────────┘                                                                                                                                            
             │                                                                                                                                                          
┌──────────────────────────┐                                                                                                                                            
│ Pipeline #36             │                                                                                                                                            
│ SORT_PARTITION (id=46)   │                                                                                                                                            
│ SORT_SAMPLE (id=45)      │                                                                                                                                            
│ Input(#35): PIPELINE     │                                                                                                                                            
└────────────┬─────────────┘                                                                                                                                            
             │                                                                                                                                                          
┌──────────────────────────┐                                                                                                                                            
│ Pipeline #35             │                                                                                                                                            
│ ORDER_BY (id=44)         │                                                                                                                                            
│ HASH_JOIN (id=43)        │                                                                                                                                            
│   type: RIGHT_SEMI       │                                                                                                                                            
│ Input(#34): PARTIAL      │                                                                                                                                            
│ Input(#8): PARTIAL       │                                                                                                                                            
└────────────┬─────────────┘                                                                                                                                            
             ┌───────────────────────────────────────────────────────┐                                                                                                  
             │                                                       │                                                                                                  
┌──────────────────────────┐                            ┌──────────────────────────┐                                                                                    
│ Pipeline #8              │                            │ Pipeline #34             │                                                                                    
│ CONCAT (id=9)            │                            │ CONCAT (id=42)           │                                                                                    
│ Input(#7): PARTIAL       │                            │ Input(#33): PARTIAL      │                                                                                    
└────────────┬─────────────┘                            └────────────┬─────────────┘                                                                                    
             │                                                       │                                                                                                  
┌──────────────────────────┐                            ┌──────────────────────────┐                                                                                    
│ Pipeline #7              │                            │ Pipeline #33             │                                                                                    
│ PARTITION (id=8)         │                            │ PARTITION (id=41)        │                                                                                    
│ Input(#6): FULL          │                            │ Input(#32): FULL         │                                                                                    
└────────────┬─────────────┘                            └────────────┬─────────────┘                                                                                    
             │                                                       │                                                                                                  
┌──────────────────────────┐                            ┌──────────────────────────┐                                                                                    
│ Pipeline #6              │                            │ Pipeline #32             │                                                                                    
│ HASH_JOIN (id=7)         │                            │ FILTER (id=40)           │                                                                                    
│   type: INNER            │                            │ HASH_JOIN (id=39)        │                                                                                    
│ Input(#2): PARTIAL       │                            │   type: LEFT             │                                                                                    
│ Input(#5): PARTIAL       │                            │ Input(#28): PARTIAL      │                                                                                    
│                          │                            │ Input(#31): PARTIAL      │                                                                                    
└────────────┬─────────────┘                            └────────────┬─────────────┘                                                                                    
             ┌───────────────────────────┐                           ┌───────────────────────────────────────────────────────────────────────────────────┐              
             │                           │                           │                                                                                   │              
┌──────────────────────────┐┌──────────────────────────┐┌──────────────────────────┐                                                        ┌──────────────────────────┐
│ Pipeline #2              ││ Pipeline #5              ││ Pipeline #28             │                                                        │ Pipeline #31             │
│ CONCAT (id=2)            ││ CONCAT (id=6)            ││ CONCAT (id=35)           │                                                        │ CONCAT (id=38)           │
│ Input(#1): PARTIAL       ││ Input(#4): PARTIAL       ││ Input(#27): PARTIAL      │                                                        │ Input(#30): PARTIAL      │
└────────────┬─────────────┘└────────────┬─────────────┘└────────────┬─────────────┘                                                        └────────────┬─────────────┘
             │                           │                           │                                                                                   │              
┌──────────────────────────┐┌──────────────────────────┐┌──────────────────────────┐                                                        ┌──────────────────────────┐
│ Pipeline #1              ││ Pipeline #4              ││ Pipeline #27             │                                                        │ Pipeline #30             │
│ PARTITION (id=1)         ││ PARTITION (id=5)         ││ PARTITION (id=34)        │                                                        │ PARTITION (id=37)        │
│ Input(#0): FULL          ││ Input(#3): PARTIAL       ││ Input(#26): FULL         │                                                        │ Input(#29): PARTIAL      │
└────────────┬─────────────┘└────────────┬─────────────┘└────────────┬─────────────┘                                                        └────────────┬─────────────┘
             │                           │                           │                                                                                   │              
┌──────────────────────────┐┌──────────────────────────┐┌──────────────────────────┐                                                        ┌──────────────────────────┐
│ Pipeline #0              ││ Pipeline #3              ││ Pipeline #26             │                                                        │ Pipeline #29             │
│ GPU_SCAN (id=0)          ││ DYNAMIC_FILTER (id=4)    ││ PROJECTION (id=33)       │                                                        │ COLUMN_DATA_SCAN (id=36) │
│                          ││ GPU_SCAN (id=3)          ││ MERGE_GROUP_BY (id=32)   │                                                        │ Input(#15): FULL         │
│                          ││                          ││ Input(#25): FULL         │                                                        │                          │
└──────────────────────────┘└──────────────────────────┘└────────────┬─────────────┘                                                        └────────────┬─────────────┘
                                                                     │                                                                                   │              
                                                        ┌──────────────────────────┐                                                        ┌──────────────────────────┐
                                                        │ Pipeline #25             │                                                        │ (-> Pipeline #15)        │
                                                        │ PARTITION (id=31)        │                                                        │                          │
                                                        │ Input(#24): FULL         │                                                        │                          │
                                                        └────────────┬─────────────┘                                                        └────────────┬─────────────┘
                                                                     │                                                                                                  
                                                        ┌──────────────────────────┐                                                                                    
                                                        │ Pipeline #24             │                                                                                    
                                                        │ HASH_GROUP_BY (id=30)    │                                                                                    
                                                        │ PROJECTION (id=29)       │                                                                                    
                                                        │ HASH_JOIN (id=28)        │                                                                                    
                                                        │   type: INNER            │                                                                                    
                                                        │ Input(#20): PARTIAL      │                                                                                    
                                                        │ Input(#23): PARTIAL      │                                                                                    
                                                        └────────────┬─────────────┘                                                                                    
                                                                     ┌───────────────────────────────────────────────────────┐                                          
                                                                     │                                                       │                                          
                                                        ┌──────────────────────────┐                            ┌──────────────────────────┐                            
                                                        │ Pipeline #20             │                            │ Pipeline #23             │                            
                                                        │ CONCAT (id=23)           │                            │ CONCAT (id=27)           │                            
                                                        │ Input(#19): PARTIAL      │                            │ Input(#22): PARTIAL      │                            
                                                        └────────────┬─────────────┘                            └────────────┬─────────────┘                            
                                                                     │                                                       │                                          
                                                        ┌──────────────────────────┐                            ┌──────────────────────────┐                            
                                                        │ Pipeline #19             │                            │ Pipeline #22             │                            
                                                        │ PARTITION (id=22)        │                            │ PARTITION (id=26)        │                            
                                                        │ Input(#18): FULL         │                            │ Input(#21): PARTIAL      │                            
                                                        └────────────┬─────────────┘                            └────────────┬─────────────┘                            
                                                                     │                                                       │                                          
                                                        ┌──────────────────────────┐                            ┌──────────────────────────┐                            
                                                        │ Pipeline #18             │                            │ Pipeline #21             │                            
                                                        │ MERGE_GROUP_BY (id=21)   │                            │ DYNAMIC_FILTER (id=25)   │                            
                                                        │ Input(#17): FULL         │                            │ GPU_SCAN (id=24)         │                            
                                                        └────────────┬─────────────┘                            └──────────────────────────┘                            
                                                                     │                                                                                                  
                                                        ┌──────────────────────────┐                                                                                    
                                                        │ Pipeline #17             │                                                                                    
                                                        │ PARTITION (id=20)        │                                                                                    
                                                        │ Input(#16): FULL         │                                                                                    
                                                        └────────────┬─────────────┘                                                                                    
                                                                     │                                                                                                  
                                                        ┌──────────────────────────┐                                                                                    
                                                        │ Pipeline #16             │                                                                                    
                                                        │ HASH_GROUP_BY (id=19)    │                                                                                    
                                                        │ Input(#15): FULL         │                                                                                    
                                                        └────────────┬─────────────┘                                                                                    
                                                                     │                                                                                                  
                                                        ┌──────────────────────────┐                                                                                    
                                                        │ Pipeline #15             │                                                                                    
                                                        │ LEFT_DELIM_JOIN (id=18)  │                                                                                    
                                                        │ HASH_JOIN (id=17)        │                                                                                    
                                                        │   type: SEMI             │                                                                                    
                                                        │ Input(#11): PARTIAL      │                                                                                    
                                                        │ Input(#14): PARTIAL      │                                                                                    
                                                        └────────────┬─────────────┘                                                                                    
                                                                     ┌───────────────────────────┐                                                                      
                                                                     │                           │                                                                      
                                                        ┌──────────────────────────┐┌──────────────────────────┐                                                        
                                                        │ Pipeline #11             ││ Pipeline #14             │                                                        
                                                        │ CONCAT (id=12)           ││ CONCAT (id=16)           │                                                        
                                                        │ Input(#10): PARTIAL      ││ Input(#13): PARTIAL      │                                                        
                                                        └────────────┬─────────────┘└────────────┬─────────────┘                                                        
                                                                     │                           │                                                                      
                                                        ┌──────────────────────────┐┌──────────────────────────┐                                                        
                                                        │ Pipeline #10             ││ Pipeline #13             │                                                        
                                                        │ PARTITION (id=11)        ││ PARTITION (id=15)        │                                                        
                                                        │ Input(#9): FULL          ││ Input(#12): PARTIAL      │                                                        
                                                        └────────────┬─────────────┘└────────────┬─────────────┘                                                        
                                                                     │                           │                                                                      
                                                        ┌──────────────────────────┐┌──────────────────────────┐                                                        
                                                        │ Pipeline #9              ││ Pipeline #12             │                                                        
                                                        │ GPU_SCAN (id=10)         ││ DYNAMIC_FILTER (id=14)   │                                                        
                                                        │                          ││ GPU_SCAN (id=13)         │                                                        
                                                        └──────────────────────────┘└──────────────────────────┘                                                        

[2026-07-31 08:21:12.251] [info] [sirius_engine.cpp:148] query 124 telemetry_query=019fb74359bb7dc1998dc7123bcb3637
[2026-07-31 08:21:12.251] [info] [sirius_scan_manager.cpp:1494] [sirius_scan_manager] assigned pinned entry 'nation' to operator '0'
[2026-07-31 08:21:12.251] [info] [sirius_scan_manager.cpp:1494] [sirius_scan_manager] assigned pinned entry 'supplier' to operator '3'
[2026-07-31 08:21:12.251] [info] [sirius_scan_manager.cpp:1494] [sirius_scan_manager] assigned pinned entry 'part' to operator '10'
[2026-07-31 08:21:12.251] [info] [sirius_scan_manager.cpp:1494] [sirius_scan_manager] assigned pinned entry 'partsupp' to operator '13'
[2026-07-31 08:21:12.252] [info] [sirius_scan_manager.cpp:1494] [sirius_scan_manager] assigned pinned entry 'lineitem' to operator '24'
[2026-07-31 08:21:12.254] [info] [memory_prefetcher.cpp:52] [memory_prefetcher] started: 3 threads, 5 connectors, min_free_fraction=0.40
[2026-07-31 08:21:12.255] [info] [dynamic_filter_publisher.cpp:338] [sirius_physical_hash_join] Pushed 1 dynamic filter(s) across 1 active target(s) of 1 wired target(s) (1 build rows, 1 keys).
[2026-07-31 08:21:12.256] [warning] [sirius_physical_partition.cpp:304] slot_for_device: device_id 0 not found in active GPU list, falling back to slot 0
[2026-07-31 08:21:12.263] [info] [dynamic_filter_publisher.cpp:338] [sirius_physical_hash_join] Pushed 1 dynamic filter(s) across 1 active target(s) of 1 wired target(s) (2174140 build rows, 1 keys).
[2026-07-31 08:21:12.277] [warning] [sirius_physical_partition.cpp:304] slot_for_device: device_id 0 not found in active GPU list, falling back to slot 0
[2026-07-31 08:21:12.283] [warning] [sirius_physical_partition.cpp:304] slot_for_device: device_id 0 not found in active GPU list, falling back to slot 0
[2026-07-31 08:21:12.284] [warning] [gpu_pipeline_task.cpp:77] gpu_pipeline_task: operator 'LEFT_DELIM_JOIN' (id=18) output batch 0 column 2 datatype mismatch: got int32_t, expected numeric::decimal128
[2026-07-31 08:21:12.286] [info] [dynamic_filter_publisher.cpp:338] [sirius_physical_hash_join] Pushed 2 dynamic filter(s) across 1 active target(s) of 1 wired target(s) (8696560 build rows, 2 keys).
[2026-07-31 08:21:12.447] [warning] [sirius_physical_partition.cpp:304] slot_for_device: device_id 0 not found in active GPU list, falling back to slot 0
[2026-07-31 08:21:12.447] [warning] [sirius_physical_partition.cpp:304] slot_for_device: device_id 0 not found in active GPU list, falling back to slot 0
[2026-07-31 08:21:12.447] [warning] [sirius_physical_partition.cpp:304] slot_for_device: device_id 0 not found in active GPU list, falling back to slot 0
[2026-07-31 08:21:12.447] [warning] [sirius_physical_partition.cpp:304] slot_for_device: device_id 0 not found in active GPU list, falling back to slot 0
[2026-07-31 08:21:12.447] [warning] [sirius_physical_partition.cpp:304] slot_for_device: device_id 0 not found in active GPU list, falling back to slot 0
[2026-07-31 08:21:12.447] [warning] [sirius_physical_partition.cpp:304] slot_for_device: device_id 0 not found in active GPU list, falling back to slot 0
[2026-07-31 08:21:12.447] [warning] [sirius_physical_partition.cpp:304] slot_for_device: device_id 0 not found in active GPU list, falling back to slot 0
[2026-07-31 08:21:12.447] [warning] [sirius_physical_partition.cpp:304] slot_for_device: device_id 0 not found in active GPU list, falling back to slot 0
[2026-07-31 08:21:12.447] [warning] [sirius_physical_partition.cpp:304] slot_for_device: device_id 0 not found in active GPU list, falling back to slot 0
[2026-07-31 08:21:12.447] [warning] [sirius_physical_partition.cpp:304] slot_for_device: device_id 0 not found in active GPU list, falling back to slot 0
[2026-07-31 08:21:12.447] [warning] [sirius_physical_partition.cpp:304] slot_for_device: device_id 0 not found in active GPU list, falling back to slot 0
[2026-07-31 08:21:12.447] [warning] [sirius_physical_partition.cpp:304] slot_for_device: device_id 0 not found in active GPU list, falling back to slot 0
[2026-07-31 08:21:12.448] [warning] [sirius_physical_partition.cpp:304] slot_for_device: device_id 0 not found in active GPU list, falling back to slot 0
[2026-07-31 08:21:12.448] [warning] [sirius_physical_partition.cpp:304] slot_for_device: device_id 0 not found in active GPU list, falling back to slot 0
[2026-07-31 08:21:12.448] [warning] [sirius_physical_partition.cpp:304] slot_for_device: device_id 0 not found in active GPU list, falling back to slot 0
[2026-07-31 08:21:12.448] [warning] [sirius_physical_partition.cpp:304] slot_for_device: device_id 0 not found in active GPU list, falling back to slot 0
[2026-07-31 08:21:12.448] [warning] [sirius_physical_partition.cpp:304] slot_for_device: device_id 0 not found in active GPU list, falling back to slot 0
[2026-07-31 08:21:12.448] [warning] [sirius_physical_partition.cpp:304] slot_for_device: device_id 0 not found in active GPU list, falling back to slot 0
[2026-07-31 08:21:12.448] [warning] [sirius_physical_partition.cpp:304] slot_for_device: device_id 0 not found in active GPU list, falling back to slot 0
[2026-07-31 08:21:12.449] [warning] [sirius_physical_partition.cpp:304] slot_for_device: device_id 0 not found in active GPU list, falling back to slot 0
[2026-07-31 08:21:12.450] [warning] [sirius_physical_partition.cpp:304] slot_for_device: device_id 0 not found in active GPU list, falling back to slot 0
[2026-07-31 08:21:12.451] [warning] [sirius_physical_partition.cpp:304] slot_for_device: device_id 0 not found in active GPU list, falling back to slot 0
[2026-07-31 08:21:12.451] [warning] [sirius_physical_partition.cpp:304] slot_for_device: device_id 0 not found in active GPU list, falling back to slot 0
[2026-07-31 08:21:12.452] [warning] [sirius_physical_partition.cpp:304] slot_for_device: device_id 0 not found in active GPU list, falling back to slot 0
[2026-07-31 08:21:12.453] [warning] [sirius_physical_partition.cpp:304] slot_for_device: device_id 0 not found in active GPU list, falling back to slot 0
[2026-07-31 08:21:12.486] [info] [gpu_pipeline_executor.cpp:129] GPU Pipeline Executor: task queue interrupted, stopping manager loop
[2026-07-31 08:21:12.486] [info] [sirius_context.cpp:300] QueryEnd
[2026-07-31 08:21:12.502] [info] [memory_prefetcher.cpp:65] [memory_prefetcher] stopping: prefetched 2 batches / 9900000192 bytes (stops: headroom=0 reservation=0, skips: lock=0 draining=130)
[2026-07-31 08:21:12.502] [info] [sirius_context.cpp:152] [host_pool] HOST:0 QueryEnd instance=0xfd127512aa00 connection=1 window=124 query=245 allocated=27514634240 bytes peak=73014444032 bytes free_blocks=2726
[2026-07-31 08:21:12.502] [info] [sirius_context.cpp:167] [gpu_pool] GPU:0 QueryEnd instance=0xfd127512aa00 connection=1 window=124 query=245 allocated=67579277056 bytes peak=230543078304 bytes reserved=0 bytes
[2026-07-31 08:21:12.502] [info] [sirius_context.cpp:416] [window] end instance=0xfd127512aa00 connection=1 window=124 query=245 outcome=ok
[2026-07-31 08:21:12.502] [info] [physical_sirius_execution.cpp:329] Transparent GPU execution: query completed
[2026-07-31 08:21:12.581] [info] [sirius_context.cpp:225] QueryBegin: instance=0xfd127512aa00 connection=1 query=246 SQL: SET gpu_execution = true;
[2026-07-31 08:21:12.581] [info] [sirius_context.cpp:225] QueryBegin: instance=0xfd127512aa00 connection=1 query=247 SQL: select s.s_name, s.s_address from supplier s, nation n where s.s_suppkey in ( select ps.ps_suppkey from partsupp ps where ps. ps_partkey in ( select p.p_partkey from part p where p.p_name like 'antique%' ) and ps.ps_availqty > ( select 0.5 * sum(l.l_quantity) from lineitem l where l.l_partkey = ps.ps_partkey and l.l_suppkey = ps.ps_suppkey and l.l_shipdate >= date '1993-01-01' and l.l_shipdate < date '1994-01-01' ) ) and s.s_nationkey = n.n_nationkey and n.n_name = 'KENYA' order by s.s_name
[2026-07-31 08:21:12.595] [info] [sirius_plan_get.cpp:498] [sirius_plan_get] LogicalGet has dynamic_filters attached (channel key=0xb45a724e65e0).
[2026-07-31 08:21:12.595] [info] [sirius_plan_comparison_join.cpp:608] [sirius_plan_comparison_join] Wired hash join with 1 dynamic-filter probe target(s) (build est 199999968 rows).
[2026-07-31 08:21:12.595] [info] [sirius_plan_get.cpp:498] [sirius_plan_get] LogicalGet has dynamic_filters attached (channel key=0xb45a726c88c0).
[2026-07-31 08:21:12.595] [info] [sirius_plan_comparison_join.cpp:608] [sirius_plan_comparison_join] Wired hash join with 1 dynamic-filter probe target(s) (build est 0 rows).
[2026-07-31 08:21:12.595] [info] [sirius_plan_get.cpp:498] [sirius_plan_get] LogicalGet has dynamic_filters attached (channel key=0xb45a72f25db0).
[2026-07-31 08:21:12.595] [info] [sirius_plan_comparison_join.cpp:608] [sirius_plan_comparison_join] Wired hash join with 1 dynamic-filter probe target(s) (build est 25 rows).
[2026-07-31 08:21:12.596] [info] [sirius_context.cpp:1244] Transparent execution: Sirius physical plan generated successfully
[2026-07-31 08:21:12.596] [info] [sirius_context.cpp:1272] Transparent execution: physical plan replaced with GPU operator
[2026-07-31 08:21:12.596] [info] [physical_sirius_execution.cpp:155] Transparent GPU execution: executing query
[2026-07-31 08:21:12.596] [info] [sirius_context.cpp:416] [window] begin instance=0xfd127512aa00 connection=1 window=125 query=247 outcome=-
[2026-07-31 08:21:12.596] [info] [sirius_context.cpp:152] [host_pool] HOST:0 QueryBegin instance=0xfd127512aa00 connection=1 window=125 query=247 allocated=27514634240 bytes peak=73014444032 bytes free_blocks=2726
[2026-07-31 08:21:12.596] [info] [sirius_context.cpp:167] [gpu_pool] GPU:0 QueryBegin instance=0xfd127512aa00 connection=1 window=125 query=247 allocated=67579277056 bytes peak=230543078304 bytes reserved=0 bytes
[2026-07-31 08:21:12.596] [info] [sirius_context.cpp:285] QueryBegin: transparent_execution
[2026-07-31 08:21:12.600] [info] [sirius_plan_get.cpp:498] [sirius_plan_get] LogicalGet has dynamic_filters attached (channel key=0xb45a724e65e0).
[2026-07-31 08:21:12.600] [info] [sirius_plan_comparison_join.cpp:608] [sirius_plan_comparison_join] Wired hash join with 1 dynamic-filter probe target(s) (build est 199999968 rows).
[2026-07-31 08:21:12.600] [info] [sirius_plan_get.cpp:498] [sirius_plan_get] LogicalGet has dynamic_filters attached (channel key=0xb45a726c88c0).
[2026-07-31 08:21:12.600] [info] [sirius_plan_comparison_join.cpp:608] [sirius_plan_comparison_join] Wired hash join with 1 dynamic-filter probe target(s) (build est 0 rows).
[2026-07-31 08:21:12.600] [info] [sirius_plan_get.cpp:498] [sirius_plan_get] LogicalGet has dynamic_filters attached (channel key=0xb45a72f25db0).
[2026-07-31 08:21:12.600] [info] [sirius_plan_comparison_join.cpp:608] [sirius_plan_comparison_join] Wired hash join with 1 dynamic-filter probe target(s) (build est 25 rows).
[2026-07-31 08:21:12.601] [info] [sirius_engine.cpp:265] Query Plan:
=== Pipeline Overview ===
Pipeline #0: GPU_SCAN (id=0)
  Output: -> PARTITION [port: default, barrier: FULL]
Pipeline #1: PARTITION (id=1)
  Input: <- Pipeline #0 [on: PARTITION (id=1), port: default, barrier: FULL]
  Dependencies: Pipeline #0
  Output: -> CONCAT [port: default, barrier: PARTIAL]
Pipeline #2: CONCAT (id=2)
  Input: <- Pipeline #1 [on: CONCAT (id=2), port: default, barrier: PARTIAL]
  Dependencies: Pipeline #1
  Output: -> HASH_JOIN [port: build, barrier: PARTIAL]
Pipeline #3: GPU_SCAN (id=3) -> DYNAMIC_FILTER (id=4)
  Output: -> PARTITION [port: default, barrier: PARTIAL]
Pipeline #4: PARTITION (id=5)
  Input: <- Pipeline #3 [on: PARTITION (id=5), port: default, barrier: PARTIAL]
  Dependencies: Pipeline #3
  Output: -> CONCAT [port: default, barrier: PARTIAL]
Pipeline #5: CONCAT (id=6)
  Input: <- Pipeline #4 [on: CONCAT (id=6), port: default, barrier: PARTIAL]
  Dependencies: Pipeline #4
  Output: -> HASH_JOIN [port: default, barrier: PARTIAL]
Pipeline #6: HASH_JOIN (id=7)
  Input: <- Pipeline #2 [on: HASH_JOIN (id=7), port: build, barrier: PARTIAL]
  Input: <- Pipeline #5 [on: HASH_JOIN (id=7), port: default, barrier: PARTIAL]
  Dependencies: Pipeline #2, Pipeline #5
  Output: -> PARTITION [port: default, barrier: FULL]
Pipeline #7: PARTITION (id=8)
  Input: <- Pipeline #6 [on: PARTITION (id=8), port: default, barrier: FULL]
  Dependencies: Pipeline #6
  Output: -> CONCAT [port: default, barrier: PARTIAL]
Pipeline #8: CONCAT (id=9)
  Input: <- Pipeline #7 [on: CONCAT (id=9), port: default, barrier: PARTIAL]
  Dependencies: Pipeline #7
  Output: -> HASH_JOIN [port: build, barrier: PARTIAL]
Pipeline #9: GPU_SCAN (id=10)
  Output: -> PARTITION [port: default, barrier: FULL]
Pipeline #10: PARTITION (id=11)
  Input: <- Pipeline #9 [on: PARTITION (id=11), port: default, barrier: FULL]
  Dependencies: Pipeline #9
  Output: -> CONCAT [port: default, barrier: PARTIAL]
Pipeline #11: CONCAT (id=12)
  Input: <- Pipeline #10 [on: CONCAT (id=12), port: default, barrier: PARTIAL]
  Dependencies: Pipeline #10
  Output: -> HASH_JOIN [port: build, barrier: PARTIAL]
Pipeline #12: GPU_SCAN (id=13) -> DYNAMIC_FILTER (id=14)
  Output: -> PARTITION [port: default, barrier: PARTIAL]
Pipeline #13: PARTITION (id=15)
  Input: <- Pipeline #12 [on: PARTITION (id=15), port: default, barrier: PARTIAL]
  Dependencies: Pipeline #12
  Output: -> CONCAT [port: default, barrier: PARTIAL]
Pipeline #14: CONCAT (id=16)
  Input: <- Pipeline #13 [on: CONCAT (id=16), port: default, barrier: PARTIAL]
  Dependencies: Pipeline #13
  Output: -> HASH_JOIN [port: default, barrier: PARTIAL]
Pipeline #15: HASH_JOIN (id=17) -> LEFT_DELIM_JOIN (id=18)
  Input: <- Pipeline #11 [on: HASH_JOIN (id=17), port: build, barrier: PARTIAL]
  Input: <- Pipeline #14 [on: HASH_JOIN (id=17), port: default, barrier: PARTIAL]
  Dependencies: Pipeline #11, Pipeline #14
  Output: -> COLUMN_DATA_SCAN [port: default, barrier: FULL]
  Output: -> HASH_GROUP_BY [port: default, barrier: FULL]
Pipeline #16: HASH_GROUP_BY (id=19)
  Input: <- Pipeline #15 [on: HASH_GROUP_BY (id=19), port: default, barrier: FULL]
  Dependencies: Pipeline #15
  Output: -> PARTITION [port: default, barrier: FULL]
Pipeline #17: PARTITION (id=20)
  Input: <- Pipeline #16 [on: PARTITION (id=20), port: default, barrier: FULL]
  Dependencies: Pipeline #16
  Output: -> MERGE_GROUP_BY [port: default, barrier: FULL]
Pipeline #18: MERGE_GROUP_BY (id=21)
  Input: <- Pipeline #17 [on: MERGE_GROUP_BY (id=21), port: default, barrier: FULL]
  Dependencies: Pipeline #17
  Output: -> PARTITION [port: default, barrier: FULL]
Pipeline #19: PARTITION (id=22)
  Input: <- Pipeline #18 [on: PARTITION (id=22), port: default, barrier: FULL]
  Dependencies: Pipeline #18
  Output: -> CONCAT [port: default, barrier: PARTIAL]
Pipeline #20: CONCAT (id=23)
  Input: <- Pipeline #19 [on: CONCAT (id=23), port: default, barrier: PARTIAL]
  Dependencies: Pipeline #19
  Output: -> HASH_JOIN [port: build, barrier: PARTIAL]
Pipeline #21: GPU_SCAN (id=24) -> DYNAMIC_FILTER (id=25)
  Output: -> PARTITION [port: default, barrier: PARTIAL]
Pipeline #22: PARTITION (id=26)
  Input: <- Pipeline #21 [on: PARTITION (id=26), port: default, barrier: PARTIAL]
  Dependencies: Pipeline #21
  Output: -> CONCAT [port: default, barrier: PARTIAL]
Pipeline #23: CONCAT (id=27)
  Input: <- Pipeline #22 [on: CONCAT (id=27), port: default, barrier: PARTIAL]
  Dependencies: Pipeline #22
  Output: -> HASH_JOIN [port: default, barrier: PARTIAL]
Pipeline #24: HASH_JOIN (id=28) -> PROJECTION (id=29) -> HASH_GROUP_BY (id=30)
  Input: <- Pipeline #20 [on: HASH_JOIN (id=28), port: build, barrier: PARTIAL]
  Input: <- Pipeline #23 [on: HASH_JOIN (id=28), port: default, barrier: PARTIAL]
  Dependencies: Pipeline #20, Pipeline #23
  Output: -> PARTITION [port: default, barrier: FULL]
Pipeline #25: PARTITION (id=31)
  Input: <- Pipeline #24 [on: PARTITION (id=31), port: default, barrier: FULL]
  Dependencies: Pipeline #24
  Output: -> MERGE_GROUP_BY [port: default, barrier: FULL]
Pipeline #26: MERGE_GROUP_BY (id=32) -> PROJECTION (id=33)
  Input: <- Pipeline #25 [on: MERGE_GROUP_BY (id=32), port: default, barrier: FULL]
  Dependencies: Pipeline #25
  Output: -> PARTITION [port: default, barrier: FULL]
Pipeline #27: PARTITION (id=34)
  Input: <- Pipeline #26 [on: PARTITION (id=34), port: default, barrier: FULL]
  Dependencies: Pipeline #26
  Output: -> CONCAT [port: default, barrier: PARTIAL]
Pipeline #28: CONCAT (id=35)
  Input: <- Pipeline #27 [on: CONCAT (id=35), port: default, barrier: PARTIAL]
  Dependencies: Pipeline #27
  Output: -> HASH_JOIN [port: build, barrier: PARTIAL]
Pipeline #29: COLUMN_DATA_SCAN (id=36)
  Input: <- Pipeline #15 [on: COLUMN_DATA_SCAN (id=36), port: default, barrier: FULL]
  Dependencies: Pipeline #15
  Output: -> PARTITION [port: default, barrier: PARTIAL]
Pipeline #30: PARTITION (id=37)
  Input: <- Pipeline #29 [on: PARTITION (id=37), port: default, barrier: PARTIAL]
  Dependencies: Pipeline #29
  Output: -> CONCAT [port: default, barrier: PARTIAL]
Pipeline #31: CONCAT (id=38)
  Input: <- Pipeline #30 [on: CONCAT (id=38), port: default, barrier: PARTIAL]
  Dependencies: Pipeline #30
  Output: -> HASH_JOIN [port: default, barrier: PARTIAL]
Pipeline #32: HASH_JOIN (id=39) -> FILTER (id=40)
  Input: <- Pipeline #28 [on: HASH_JOIN (id=39), port: build, barrier: PARTIAL]
  Input: <- Pipeline #31 [on: HASH_JOIN (id=39), port: default, barrier: PARTIAL]
  Dependencies: Pipeline #28, Pipeline #31
  Output: -> PARTITION [port: default, barrier: FULL]
Pipeline #33: PARTITION (id=41)
  Input: <- Pipeline #32 [on: PARTITION (id=41), port: default, barrier: FULL]
  Dependencies: Pipeline #32
  Output: -> CONCAT [port: default, barrier: PARTIAL]
Pipeline #34: CONCAT (id=42)
  Input: <- Pipeline #33 [on: CONCAT (id=42), port: default, barrier: PARTIAL]
  Dependencies: Pipeline #33
  Output: -> HASH_JOIN [port: default, barrier: PARTIAL]
Pipeline #35: HASH_JOIN (id=43) -> ORDER_BY (id=44)
  Input: <- Pipeline #34 [on: HASH_JOIN (id=43), port: default, barrier: PARTIAL]
  Input: <- Pipeline #8 [on: HASH_JOIN (id=43), port: build, barrier: PARTIAL]
  Dependencies: Pipeline #8, Pipeline #34
  Output: -> SORT_SAMPLE [port: default, barrier: PIPELINE]
Pipeline #36: SORT_SAMPLE (id=45) -> SORT_PARTITION (id=46)
  Input: <- Pipeline #35 [on: SORT_SAMPLE (id=45), port: default, barrier: PIPELINE]
  Dependencies: Pipeline #35
  Output: -> MERGE_SORT [port: default, barrier: FULL]
Pipeline #37: MERGE_SORT (id=47)
  Input: <- Pipeline #36 [on: MERGE_SORT (id=47), port: default, barrier: FULL]
  Dependencies: Pipeline #36
  Output: -> RESULT_COLLECTOR [port: default, barrier: FULL]
Pipeline #38: RESULT_COLLECTOR (id=48)
  Input: <- Pipeline #37 [on: RESULT_COLLECTOR (id=48), port: default, barrier: FULL]
  Dependencies: Pipeline #37

=== Query Plan DAG ===
┌──────────────────────────┐                                                                                                                                            
│ Pipeline #38             │                                                                                                                                            
│ RESULT_COLLECTOR (id=48) │                                                                                                                                            
│ Input(#37): FULL         │                                                                                                                                            
└────────────┬─────────────┘                                                                                                                                            
             │                                                                                                                                                          
┌──────────────────────────┐                                                                                                                                            
│ Pipeline #37             │                                                                                                                                            
│ MERGE_SORT (id=47)       │                                                                                                                                            
│ Input(#36): FULL         │                                                                                                                                            
└────────────┬─────────────┘                                                                                                                                            
             │                                                                                                                                                          
┌──────────────────────────┐                                                                                                                                            
│ Pipeline #36             │                                                                                                                                            
│ SORT_PARTITION (id=46)   │                                                                                                                                            
│ SORT_SAMPLE (id=45)      │                                                                                                                                            
│ Input(#35): PIPELINE     │                                                                                                                                            
└────────────┬─────────────┘                                                                                                                                            
             │                                                                                                                                                          
┌──────────────────────────┐                                                                                                                                            
│ Pipeline #35             │                                                                                                                                            
│ ORDER_BY (id=44)         │                                                                                                                                            
│ HASH_JOIN (id=43)        │                                                                                                                                            
│   type: RIGHT_SEMI       │                                                                                                                                            
│ Input(#34): PARTIAL      │                                                                                                                                            
│ Input(#8): PARTIAL       │                                                                                                                                            
└────────────┬─────────────┘                                                                                                                                            
             ┌───────────────────────────────────────────────────────┐                                                                                                  
             │                                                       │                                                                                                  
┌──────────────────────────┐                            ┌──────────────────────────┐                                                                                    
│ Pipeline #8              │                            │ Pipeline #34             │                                                                                    
│ CONCAT (id=9)            │                            │ CONCAT (id=42)           │                                                                                    
│ Input(#7): PARTIAL       │                            │ Input(#33): PARTIAL      │                                                                                    
└────────────┬─────────────┘                            └────────────┬─────────────┘                                                                                    
             │                                                       │                                                                                                  
┌──────────────────────────┐                            ┌──────────────────────────┐                                                                                    
│ Pipeline #7              │                            │ Pipeline #33             │                                                                                    
│ PARTITION (id=8)         │                            │ PARTITION (id=41)        │                                                                                    
│ Input(#6): FULL          │                            │ Input(#32): FULL         │                                                                                    
└────────────┬─────────────┘                            └────────────┬─────────────┘                                                                                    
             │                                                       │                                                                                                  
┌──────────────────────────┐                            ┌──────────────────────────┐                                                                                    
│ Pipeline #6              │                            │ Pipeline #32             │                                                                                    
│ HASH_JOIN (id=7)         │                            │ FILTER (id=40)           │                                                                                    
│   type: INNER            │                            │ HASH_JOIN (id=39)        │                                                                                    
│ Input(#2): PARTIAL       │                            │   type: LEFT             │                                                                                    
│ Input(#5): PARTIAL       │                            │ Input(#28): PARTIAL      │                                                                                    
│                          │                            │ Input(#31): PARTIAL      │                                                                                    
└────────────┬─────────────┘                            └────────────┬─────────────┘                                                                                    
             ┌───────────────────────────┐                           ┌───────────────────────────────────────────────────────────────────────────────────┐              
             │                           │                           │                                                                                   │              
┌──────────────────────────┐┌──────────────────────────┐┌──────────────────────────┐                                                        ┌──────────────────────────┐
│ Pipeline #2              ││ Pipeline #5              ││ Pipeline #28             │                                                        │ Pipeline #31             │
│ CONCAT (id=2)            ││ CONCAT (id=6)            ││ CONCAT (id=35)           │                                                        │ CONCAT (id=38)           │
│ Input(#1): PARTIAL       ││ Input(#4): PARTIAL       ││ Input(#27): PARTIAL      │                                                        │ Input(#30): PARTIAL      │
└────────────┬─────────────┘└────────────┬─────────────┘└────────────┬─────────────┘                                                        └────────────┬─────────────┘
             │                           │                           │                                                                                   │              
┌──────────────────────────┐┌──────────────────────────┐┌──────────────────────────┐                                                        ┌──────────────────────────┐
│ Pipeline #1              ││ Pipeline #4              ││ Pipeline #27             │                                                        │ Pipeline #30             │
│ PARTITION (id=1)         ││ PARTITION (id=5)         ││ PARTITION (id=34)        │                                                        │ PARTITION (id=37)        │
│ Input(#0): FULL          ││ Input(#3): PARTIAL       ││ Input(#26): FULL         │                                                        │ Input(#29): PARTIAL      │
└────────────┬─────────────┘└────────────┬─────────────┘└────────────┬─────────────┘                                                        └────────────┬─────────────┘
             │                           │                           │                                                                                   │              
┌──────────────────────────┐┌──────────────────────────┐┌──────────────────────────┐                                                        ┌──────────────────────────┐
│ Pipeline #0              ││ Pipeline #3              ││ Pipeline #26             │                                                        │ Pipeline #29             │
│ GPU_SCAN (id=0)          ││ DYNAMIC_FILTER (id=4)    ││ PROJECTION (id=33)       │                                                        │ COLUMN_DATA_SCAN (id=36) │
│                          ││ GPU_SCAN (id=3)          ││ MERGE_GROUP_BY (id=32)   │                                                        │ Input(#15): FULL         │
│                          ││                          ││ Input(#25): FULL         │                                                        │                          │
└──────────────────────────┘└──────────────────────────┘└────────────┬─────────────┘                                                        └────────────┬─────────────┘
                                                                     │                                                                                   │              
                                                        ┌──────────────────────────┐                                                        ┌──────────────────────────┐
                                                        │ Pipeline #25             │                                                        │ (-> Pipeline #15)        │
                                                        │ PARTITION (id=31)        │                                                        │                          │
                                                        │ Input(#24): FULL         │                                                        │                          │
                                                        └────────────┬─────────────┘                                                        └────────────┬─────────────┘
                                                                     │                                                                                                  
                                                        ┌──────────────────────────┐                                                                                    
                                                        │ Pipeline #24             │                                                                                    
                                                        │ HASH_GROUP_BY (id=30)    │                                                                                    
                                                        │ PROJECTION (id=29)       │                                                                                    
                                                        │ HASH_JOIN (id=28)        │                                                                                    
                                                        │   type: INNER            │                                                                                    
                                                        │ Input(#20): PARTIAL      │                                                                                    
                                                        │ Input(#23): PARTIAL      │                                                                                    
                                                        └────────────┬─────────────┘                                                                                    
                                                                     ┌───────────────────────────────────────────────────────┐                                          
                                                                     │                                                       │                                          
                                                        ┌──────────────────────────┐                            ┌──────────────────────────┐                            
                                                        │ Pipeline #20             │                            │ Pipeline #23             │                            
                                                        │ CONCAT (id=23)           │                            │ CONCAT (id=27)           │                            
                                                        │ Input(#19): PARTIAL      │                            │ Input(#22): PARTIAL      │                            
                                                        └────────────┬─────────────┘                            └────────────┬─────────────┘                            
                                                                     │                                                       │                                          
                                                        ┌──────────────────────────┐                            ┌──────────────────────────┐                            
                                                        │ Pipeline #19             │                            │ Pipeline #22             │                            
                                                        │ PARTITION (id=22)        │                            │ PARTITION (id=26)        │                            
                                                        │ Input(#18): FULL         │                            │ Input(#21): PARTIAL      │                            
                                                        └────────────┬─────────────┘                            └────────────┬─────────────┘                            
                                                                     │                                                       │                                          
                                                        ┌──────────────────────────┐                            ┌──────────────────────────┐                            
                                                        │ Pipeline #18             │                            │ Pipeline #21             │                            
                                                        │ MERGE_GROUP_BY (id=21)   │                            │ DYNAMIC_FILTER (id=25)   │                            
                                                        │ Input(#17): FULL         │                            │ GPU_SCAN (id=24)         │                            
                                                        └────────────┬─────────────┘                            └──────────────────────────┘                            
                                                                     │                                                                                                  
                                                        ┌──────────────────────────┐                                                                                    
                                                        │ Pipeline #17             │                                                                                    
                                                        │ PARTITION (id=20)        │                                                                                    
                                                        │ Input(#16): FULL         │                                                                                    
                                                        └────────────┬─────────────┘                                                                                    
                                                                     │                                                                                                  
                                                        ┌──────────────────────────┐                                                                                    
                                                        │ Pipeline #16             │                                                                                    
                                                        │ HASH_GROUP_BY (id=19)    │                                                                                    
                                                        │ Input(#15): FULL         │                                                                                    
                                                        └────────────┬─────────────┘                                                                                    
                                                                     │                                                                                                  
                                                        ┌──────────────────────────┐                                                                                    
                                                        │ Pipeline #15             │                                                                                    
                                                        │ LEFT_DELIM_JOIN (id=18)  │                                                                                    
                                                        │ HASH_JOIN (id=17)        │                                                                                    
                                                        │   type: SEMI             │                                                                                    
                                                        │ Input(#11): PARTIAL      │                                                                                    
                                                        │ Input(#14): PARTIAL      │                                                                                    
                                                        └────────────┬─────────────┘                                                                                    
                                                                     ┌───────────────────────────┐                                                                      
                                                                     │                           │                                                                      
                                                        ┌──────────────────────────┐┌──────────────────────────┐                                                        
                                                        │ Pipeline #11             ││ Pipeline #14             │                                                        
                                                        │ CONCAT (id=12)           ││ CONCAT (id=16)           │                                                        
                                                        │ Input(#10): PARTIAL      ││ Input(#13): PARTIAL      │                                                        
                                                        └────────────┬─────────────┘└────────────┬─────────────┘                                                        
                                                                     │                           │                                                                      
                                                        ┌──────────────────────────┐┌──────────────────────────┐                                                        
                                                        │ Pipeline #10             ││ Pipeline #13             │                                                        
                                                        │ PARTITION (id=11)        ││ PARTITION (id=15)        │                                                        
                                                        │ Input(#9): FULL          ││ Input(#12): PARTIAL      │                                                        
                                                        └────────────┬─────────────┘└────────────┬─────────────┘                                                        
                                                                     │                           │                                                                      
                                                        ┌──────────────────────────┐┌──────────────────────────┐                                                        
                                                        │ Pipeline #9              ││ Pipeline #12             │                                                        
                                                        │ GPU_SCAN (id=10)         ││ DYNAMIC_FILTER (id=14)   │                                                        
                                                        │                          ││ GPU_SCAN (id=13)         │                                                        
                                                        └──────────────────────────┘└──────────────────────────┘                                                        

[2026-07-31 08:21:12.601] [info] [sirius_engine.cpp:148] query 125 telemetry_query=019fb7435b1973e2924717503c946ad0
[2026-07-31 08:21:12.601] [info] [sirius_scan_manager.cpp:1494] [sirius_scan_manager] assigned pinned entry 'nation' to operator '0'
[2026-07-31 08:21:12.601] [info] [sirius_scan_manager.cpp:1494] [sirius_scan_manager] assigned pinned entry 'supplier' to operator '3'
[2026-07-31 08:21:12.601] [info] [sirius_scan_manager.cpp:1494] [sirius_scan_manager] assigned pinned entry 'part' to operator '10'
[2026-07-31 08:21:12.601] [info] [sirius_scan_manager.cpp:1494] [sirius_scan_manager] assigned pinned entry 'partsupp' to operator '13'
[2026-07-31 08:21:12.601] [info] [sirius_scan_manager.cpp:1494] [sirius_scan_manager] assigned pinned entry 'lineitem' to operator '24'
[2026-07-31 08:21:12.606] [info] [memory_prefetcher.cpp:52] [memory_prefetcher] started: 3 threads, 5 connectors, min_free_fraction=0.40
[2026-07-31 08:21:12.607] [info] [dynamic_filter_publisher.cpp:338] [sirius_physical_hash_join] Pushed 1 dynamic filter(s) across 1 active target(s) of 1 wired target(s) (1 build rows, 1 keys).
[2026-07-31 08:21:12.608] [warning] [sirius_physical_partition.cpp:304] slot_for_device: device_id 0 not found in active GPU list, falling back to slot 0
[2026-07-31 08:21:12.615] [info] [dynamic_filter_publisher.cpp:338] [sirius_physical_hash_join] Pushed 1 dynamic filter(s) across 1 active target(s) of 1 wired target(s) (2174140 build rows, 1 keys).
[2026-07-31 08:21:12.627] [warning] [sirius_physical_partition.cpp:304] slot_for_device: device_id 0 not found in active GPU list, falling back to slot 0
[2026-07-31 08:21:12.633] [warning] [sirius_physical_partition.cpp:304] slot_for_device: device_id 0 not found in active GPU list, falling back to slot 0
[2026-07-31 08:21:12.634] [warning] [gpu_pipeline_task.cpp:77] gpu_pipeline_task: operator 'LEFT_DELIM_JOIN' (id=18) output batch 0 column 2 datatype mismatch: got int32_t, expected numeric::decimal128
[2026-07-31 08:21:12.636] [info] [dynamic_filter_publisher.cpp:338] [sirius_physical_hash_join] Pushed 2 dynamic filter(s) across 1 active target(s) of 1 wired target(s) (8696560 build rows, 2 keys).
[2026-07-31 08:21:12.800] [warning] [sirius_physical_partition.cpp:304] slot_for_device: device_id 0 not found in active GPU list, falling back to slot 0
[2026-07-31 08:21:12.800] [warning] [sirius_physical_partition.cpp:304] slot_for_device: device_id 0 not found in active GPU list, falling back to slot 0
[2026-07-31 08:21:12.800] [warning] [sirius_physical_partition.cpp:304] slot_for_device: device_id 0 not found in active GPU list, falling back to slot 0
[2026-07-31 08:21:12.800] [warning] [sirius_physical_partition.cpp:304] slot_for_device: device_id 0 not found in active GPU list, falling back to slot 0
[2026-07-31 08:21:12.800] [warning] [sirius_physical_partition.cpp:304] slot_for_device: device_id 0 not found in active GPU list, falling back to slot 0
[2026-07-31 08:21:12.800] [warning] [sirius_physical_partition.cpp:304] slot_for_device: device_id 0 not found in active GPU list, falling back to slot 0
[2026-07-31 08:21:12.800] [warning] [sirius_physical_partition.cpp:304] slot_for_device: device_id 0 not found in active GPU list, falling back to slot 0
[2026-07-31 08:21:12.800] [warning] [sirius_physical_partition.cpp:304] slot_for_device: device_id 0 not found in active GPU list, falling back to slot 0
[2026-07-31 08:21:12.800] [warning] [sirius_physical_partition.cpp:304] slot_for_device: device_id 0 not found in active GPU list, falling back to slot 0
[2026-07-31 08:21:12.800] [warning] [sirius_physical_partition.cpp:304] slot_for_device: device_id 0 not found in active GPU list, falling back to slot 0
[2026-07-31 08:21:12.801] [warning] [sirius_physical_partition.cpp:304] slot_for_device: device_id 0 not found in active GPU list, falling back to slot 0
[2026-07-31 08:21:12.801] [warning] [sirius_physical_partition.cpp:304] slot_for_device: device_id 0 not found in active GPU list, falling back to slot 0
[2026-07-31 08:21:12.801] [warning] [sirius_physical_partition.cpp:304] slot_for_device: device_id 0 not found in active GPU list, falling back to slot 0
[2026-07-31 08:21:12.801] [warning] [sirius_physical_partition.cpp:304] slot_for_device: device_id 0 not found in active GPU list, falling back to slot 0
[2026-07-31 08:21:12.801] [warning] [sirius_physical_partition.cpp:304] slot_for_device: device_id 0 not found in active GPU list, falling back to slot 0
[2026-07-31 08:21:12.801] [warning] [sirius_physical_partition.cpp:304] slot_for_device: device_id 0 not found in active GPU list, falling back to slot 0
[2026-07-31 08:21:12.801] [warning] [sirius_physical_partition.cpp:304] slot_for_device: device_id 0 not found in active GPU list, falling back to slot 0
[2026-07-31 08:21:12.801] [warning] [sirius_physical_partition.cpp:304] slot_for_device: device_id 0 not found in active GPU list, falling back to slot 0
[2026-07-31 08:21:12.801] [warning] [sirius_physical_partition.cpp:304] slot_for_device: device_id 0 not found in active GPU list, falling back to slot 0
[2026-07-31 08:21:12.801] [warning] [sirius_physical_partition.cpp:304] slot_for_device: device_id 0 not found in active GPU list, falling back to slot 0
[2026-07-31 08:21:12.801] [warning] [sirius_physical_partition.cpp:304] slot_for_device: device_id 0 not found in active GPU list, falling back to slot 0
[2026-07-31 08:21:12.801] [warning] [sirius_physical_partition.cpp:304] slot_for_device: device_id 0 not found in active GPU list, falling back to slot 0
[2026-07-31 08:21:12.802] [warning] [sirius_physical_partition.cpp:304] slot_for_device: device_id 0 not found in active GPU list, falling back to slot 0
[2026-07-31 08:21:12.802] [warning] [sirius_physical_partition.cpp:304] slot_for_device: device_id 0 not found in active GPU list, falling back to slot 0
[2026-07-31 08:21:12.805] [warning] [sirius_physical_partition.cpp:304] slot_for_device: device_id 0 not found in active GPU list, falling back to slot 0
[2026-07-31 08:21:12.838] [info] [gpu_pipeline_executor.cpp:129] GPU Pipeline Executor: task queue interrupted, stopping manager loop
[2026-07-31 08:21:12.839] [info] [sirius_context.cpp:300] QueryEnd
[2026-07-31 08:21:12.848] [info] [memory_prefetcher.cpp:65] [memory_prefetcher] stopping: prefetched 2 batches / 9900000192 bytes (stops: headroom=0 reservation=0, skips: lock=0 draining=124)
[2026-07-31 08:21:12.848] [info] [sirius_context.cpp:152] [host_pool] HOST:0 QueryEnd instance=0xfd127512aa00 connection=1 window=125 query=247 allocated=27514634240 bytes peak=73014444032 bytes free_blocks=2726
[2026-07-31 08:21:12.848] [info] [sirius_context.cpp:167] [gpu_pool] GPU:0 QueryEnd instance=0xfd127512aa00 connection=1 window=125 query=247 allocated=67579277056 bytes peak=230543078304 bytes reserved=0 bytes
[2026-07-31 08:21:12.848] [info] [sirius_context.cpp:416] [window] end instance=0xfd127512aa00 connection=1 window=125 query=247 outcome=ok
[2026-07-31 08:21:12.848] [info] [physical_sirius_execution.cpp:329] Transparent GPU execution: query completed
[2026-07-31 08:21:12.941] [info] [sirius_context.cpp:225] QueryBegin: instance=0xfd127512aa00 connection=1 query=248 SQL: SET gpu_execution = true;
[2026-07-31 08:21:12.942] [info] [sirius_context.cpp:225] QueryBegin: instance=0xfd127512aa00 connection=1 query=249 SQL: select s.s_name, s.s_address from supplier s, nation n where s.s_suppkey in ( select ps.ps_suppkey from partsupp ps where ps. ps_partkey in ( select p.p_partkey from part p where p.p_name like 'antique%' ) and ps.ps_availqty > ( select 0.5 * sum(l.l_quantity) from lineitem l where l.l_partkey = ps.ps_partkey and l.l_suppkey = ps.ps_suppkey and l.l_shipdate >= date '1993-01-01' and l.l_shipdate < date '1994-01-01' ) ) and s.s_nationkey = n.n_nationkey and n.n_name = 'KENYA' order by s.s_name
[2026-07-31 08:21:12.957] [info] [sirius_plan_get.cpp:498] [sirius_plan_get] LogicalGet has dynamic_filters attached (channel key=0xb45a727e87d0).
[2026-07-31 08:21:12.957] [info] [sirius_plan_comparison_join.cpp:608] [sirius_plan_comparison_join] Wired hash join with 1 dynamic-filter probe target(s) (build est 199999968 rows).
[2026-07-31 08:21:12.957] [info] [sirius_plan_get.cpp:498] [sirius_plan_get] LogicalGet has dynamic_filters attached (channel key=0xb45a72e39c40).
[2026-07-31 08:21:12.957] [info] [sirius_plan_comparison_join.cpp:608] [sirius_plan_comparison_join] Wired hash join with 1 dynamic-filter probe target(s) (build est 0 rows).
[2026-07-31 08:21:12.957] [info] [sirius_plan_get.cpp:498] [sirius_plan_get] LogicalGet has dynamic_filters attached (channel key=0xb45a6d40b7f0).
[2026-07-31 08:21:12.957] [info] [sirius_plan_comparison_join.cpp:608] [sirius_plan_comparison_join] Wired hash join with 1 dynamic-filter probe target(s) (build est 25 rows).
[2026-07-31 08:21:12.957] [info] [sirius_context.cpp:1244] Transparent execution: Sirius physical plan generated successfully
[2026-07-31 08:21:12.958] [info] [sirius_context.cpp:1272] Transparent execution: physical plan replaced with GPU operator
[2026-07-31 08:21:12.958] [info] [physical_sirius_execution.cpp:155] Transparent GPU execution: executing query
[2026-07-31 08:21:12.958] [info] [sirius_context.cpp:416] [window] begin instance=0xfd127512aa00 connection=1 window=126 query=249 outcome=-
[2026-07-31 08:21:12.958] [info] [sirius_context.cpp:152] [host_pool] HOST:0 QueryBegin instance=0xfd127512aa00 connection=1 window=126 query=249 allocated=27514634240 bytes peak=73014444032 bytes free_blocks=2726
[2026-07-31 08:21:12.958] [info] [sirius_context.cpp:167] [gpu_pool] GPU:0 QueryBegin instance=0xfd127512aa00 connection=1 window=126 query=249 allocated=67579277056 bytes peak=230543078304 bytes reserved=0 bytes
[2026-07-31 08:21:12.958] [info] [sirius_context.cpp:285] QueryBegin: transparent_execution
[2026-07-31 08:21:12.962] [info] [sirius_plan_get.cpp:498] [sirius_plan_get] LogicalGet has dynamic_filters attached (channel key=0xb45a727e87d0).
[2026-07-31 08:21:12.962] [info] [sirius_plan_comparison_join.cpp:608] [sirius_plan_comparison_join] Wired hash join with 1 dynamic-filter probe target(s) (build est 199999968 rows).
[2026-07-31 08:21:12.962] [info] [sirius_plan_get.cpp:498] [sirius_plan_get] LogicalGet has dynamic_filters attached (channel key=0xb45a72e39c40).
[2026-07-31 08:21:12.962] [info] [sirius_plan_comparison_join.cpp:608] [sirius_plan_comparison_join] Wired hash join with 1 dynamic-filter probe target(s) (build est 0 rows).
[2026-07-31 08:21:12.962] [info] [sirius_plan_get.cpp:498] [sirius_plan_get] LogicalGet has dynamic_filters attached (channel key=0xb45a6d40b7f0).
[2026-07-31 08:21:12.962] [info] [sirius_plan_comparison_join.cpp:608] [sirius_plan_comparison_join] Wired hash join with 1 dynamic-filter probe target(s) (build est 25 rows).
[2026-07-31 08:21:12.963] [info] [sirius_engine.cpp:265] Query Plan:
=== Pipeline Overview ===
Pipeline #0: GPU_SCAN (id=0)
  Output: -> PARTITION [port: default, barrier: FULL]
Pipeline #1: PARTITION (id=1)
  Input: <- Pipeline #0 [on: PARTITION (id=1), port: default, barrier: FULL]
  Dependencies: Pipeline #0
  Output: -> CONCAT [port: default, barrier: PARTIAL]
Pipeline #2: CONCAT (id=2)
  Input: <- Pipeline #1 [on: CONCAT (id=2), port: default, barrier: PARTIAL]
  Dependencies: Pipeline #1
  Output: -> HASH_JOIN [port: build, barrier: PARTIAL]
Pipeline #3: GPU_SCAN (id=3) -> DYNAMIC_FILTER (id=4)
  Output: -> PARTITION [port: default, barrier: PARTIAL]
Pipeline #4: PARTITION (id=5)
  Input: <- Pipeline #3 [on: PARTITION (id=5), port: default, barrier: PARTIAL]
  Dependencies: Pipeline #3
  Output: -> CONCAT [port: default, barrier: PARTIAL]
Pipeline #5: CONCAT (id=6)
  Input: <- Pipeline #4 [on: CONCAT (id=6), port: default, barrier: PARTIAL]
  Dependencies: Pipeline #4
  Output: -> HASH_JOIN [port: default, barrier: PARTIAL]
Pipeline #6: HASH_JOIN (id=7)
  Input: <- Pipeline #2 [on: HASH_JOIN (id=7), port: build, barrier: PARTIAL]
  Input: <- Pipeline #5 [on: HASH_JOIN (id=7), port: default, barrier: PARTIAL]
  Dependencies: Pipeline #2, Pipeline #5
  Output: -> PARTITION [port: default, barrier: FULL]
Pipeline #7: PARTITION (id=8)
  Input: <- Pipeline #6 [on: PARTITION (id=8), port: default, barrier: FULL]
  Dependencies: Pipeline #6
  Output: -> CONCAT [port: default, barrier: PARTIAL]
Pipeline #8: CONCAT (id=9)
  Input: <- Pipeline #7 [on: CONCAT (id=9), port: default, barrier: PARTIAL]
  Dependencies: Pipeline #7
  Output: -> HASH_JOIN [port: build, barrier: PARTIAL]
Pipeline #9: GPU_SCAN (id=10)
  Output: -> PARTITION [port: default, barrier: FULL]
Pipeline #10: PARTITION (id=11)
  Input: <- Pipeline #9 [on: PARTITION (id=11), port: default, barrier: FULL]
  Dependencies: Pipeline #9
  Output: -> CONCAT [port: default, barrier: PARTIAL]
Pipeline #11: CONCAT (id=12)
  Input: <- Pipeline #10 [on: CONCAT (id=12), port: default, barrier: PARTIAL]
  Dependencies: Pipeline #10
  Output: -> HASH_JOIN [port: build, barrier: PARTIAL]
Pipeline #12: GPU_SCAN (id=13) -> DYNAMIC_FILTER (id=14)
  Output: -> PARTITION [port: default, barrier: PARTIAL]
Pipeline #13: PARTITION (id=15)
  Input: <- Pipeline #12 [on: PARTITION (id=15), port: default, barrier: PARTIAL]
  Dependencies: Pipeline #12
  Output: -> CONCAT [port: default, barrier: PARTIAL]
Pipeline #14: CONCAT (id=16)
  Input: <- Pipeline #13 [on: CONCAT (id=16), port: default, barrier: PARTIAL]
  Dependencies: Pipeline #13
  Output: -> HASH_JOIN [port: default, barrier: PARTIAL]
Pipeline #15: HASH_JOIN (id=17) -> LEFT_DELIM_JOIN (id=18)
  Input: <- Pipeline #11 [on: HASH_JOIN (id=17), port: build, barrier: PARTIAL]
  Input: <- Pipeline #14 [on: HASH_JOIN (id=17), port: default, barrier: PARTIAL]
  Dependencies: Pipeline #11, Pipeline #14
  Output: -> COLUMN_DATA_SCAN [port: default, barrier: FULL]
  Output: -> HASH_GROUP_BY [port: default, barrier: FULL]
Pipeline #16: HASH_GROUP_BY (id=19)
  Input: <- Pipeline #15 [on: HASH_GROUP_BY (id=19), port: default, barrier: FULL]
  Dependencies: Pipeline #15
  Output: -> PARTITION [port: default, barrier: FULL]
Pipeline #17: PARTITION (id=20)
  Input: <- Pipeline #16 [on: PARTITION (id=20), port: default, barrier: FULL]
  Dependencies: Pipeline #16
  Output: -> MERGE_GROUP_BY [port: default, barrier: FULL]
Pipeline #18: MERGE_GROUP_BY (id=21)
  Input: <- Pipeline #17 [on: MERGE_GROUP_BY (id=21), port: default, barrier: FULL]
  Dependencies: Pipeline #17
  Output: -> PARTITION [port: default, barrier: FULL]
Pipeline #19: PARTITION (id=22)
  Input: <- Pipeline #18 [on: PARTITION (id=22), port: default, barrier: FULL]
  Dependencies: Pipeline #18
  Output: -> CONCAT [port: default, barrier: PARTIAL]
Pipeline #20: CONCAT (id=23)
  Input: <- Pipeline #19 [on: CONCAT (id=23), port: default, barrier: PARTIAL]
  Dependencies: Pipeline #19
  Output: -> HASH_JOIN [port: build, barrier: PARTIAL]
Pipeline #21: GPU_SCAN (id=24) -> DYNAMIC_FILTER (id=25)
  Output: -> PARTITION [port: default, barrier: PARTIAL]
Pipeline #22: PARTITION (id=26)
  Input: <- Pipeline #21 [on: PARTITION (id=26), port: default, barrier: PARTIAL]
  Dependencies: Pipeline #21
  Output: -> CONCAT [port: default, barrier: PARTIAL]
Pipeline #23: CONCAT (id=27)
  Input: <- Pipeline #22 [on: CONCAT (id=27), port: default, barrier: PARTIAL]
  Dependencies: Pipeline #22
  Output: -> HASH_JOIN [port: default, barrier: PARTIAL]
Pipeline #24: HASH_JOIN (id=28) -> PROJECTION (id=29) -> HASH_GROUP_BY (id=30)
  Input: <- Pipeline #20 [on: HASH_JOIN (id=28), port: build, barrier: PARTIAL]
  Input: <- Pipeline #23 [on: HASH_JOIN (id=28), port: default, barrier: PARTIAL]
  Dependencies: Pipeline #20, Pipeline #23
  Output: -> PARTITION [port: default, barrier: FULL]
Pipeline #25: PARTITION (id=31)
  Input: <- Pipeline #24 [on: PARTITION (id=31), port: default, barrier: FULL]
  Dependencies: Pipeline #24
  Output: -> MERGE_GROUP_BY [port: default, barrier: FULL]
Pipeline #26: MERGE_GROUP_BY (id=32) -> PROJECTION (id=33)
  Input: <- Pipeline #25 [on: MERGE_GROUP_BY (id=32), port: default, barrier: FULL]
  Dependencies: Pipeline #25
  Output: -> PARTITION [port: default, barrier: FULL]
Pipeline #27: PARTITION (id=34)
  Input: <- Pipeline #26 [on: PARTITION (id=34), port: default, barrier: FULL]
  Dependencies: Pipeline #26
  Output: -> CONCAT [port: default, barrier: PARTIAL]
Pipeline #28: CONCAT (id=35)
  Input: <- Pipeline #27 [on: CONCAT (id=35), port: default, barrier: PARTIAL]
  Dependencies: Pipeline #27
  Output: -> HASH_JOIN [port: build, barrier: PARTIAL]
Pipeline #29: COLUMN_DATA_SCAN (id=36)
  Input: <- Pipeline #15 [on: COLUMN_DATA_SCAN (id=36), port: default, barrier: FULL]
  Dependencies: Pipeline #15
  Output: -> PARTITION [port: default, barrier: PARTIAL]
Pipeline #30: PARTITION (id=37)
  Input: <- Pipeline #29 [on: PARTITION (id=37), port: default, barrier: PARTIAL]
  Dependencies: Pipeline #29
  Output: -> CONCAT [port: default, barrier: PARTIAL]
Pipeline #31: CONCAT (id=38)
  Input: <- Pipeline #30 [on: CONCAT (id=38), port: default, barrier: PARTIAL]
  Dependencies: Pipeline #30
  Output: -> HASH_JOIN [port: default, barrier: PARTIAL]
Pipeline #32: HASH_JOIN (id=39) -> FILTER (id=40)
  Input: <- Pipeline #28 [on: HASH_JOIN (id=39), port: build, barrier: PARTIAL]
  Input: <- Pipeline #31 [on: HASH_JOIN (id=39), port: default, barrier: PARTIAL]
  Dependencies: Pipeline #28, Pipeline #31
  Output: -> PARTITION [port: default, barrier: FULL]
Pipeline #33: PARTITION (id=41)
  Input: <- Pipeline #32 [on: PARTITION (id=41), port: default, barrier: FULL]
  Dependencies: Pipeline #32
  Output: -> CONCAT [port: default, barrier: PARTIAL]
Pipeline #34: CONCAT (id=42)
  Input: <- Pipeline #33 [on: CONCAT (id=42), port: default, barrier: PARTIAL]
  Dependencies: Pipeline #33
  Output: -> HASH_JOIN [port: default, barrier: PARTIAL]
Pipeline #35: HASH_JOIN (id=43) -> ORDER_BY (id=44)
  Input: <- Pipeline #34 [on: HASH_JOIN (id=43), port: default, barrier: PARTIAL]
  Input: <- Pipeline #8 [on: HASH_JOIN (id=43), port: build, barrier: PARTIAL]
  Dependencies: Pipeline #8, Pipeline #34
  Output: -> SORT_SAMPLE [port: default, barrier: PIPELINE]
Pipeline #36: SORT_SAMPLE (id=45) -> SORT_PARTITION (id=46)
  Input: <- Pipeline #35 [on: SORT_SAMPLE (id=45), port: default, barrier: PIPELINE]
  Dependencies: Pipeline #35
  Output: -> MERGE_SORT [port: default, barrier: FULL]
Pipeline #37: MERGE_SORT (id=47)
  Input: <- Pipeline #36 [on: MERGE_SORT (id=47), port: default, barrier: FULL]
  Dependencies: Pipeline #36
  Output: -> RESULT_COLLECTOR [port: default, barrier: FULL]
Pipeline #38: RESULT_COLLECTOR (id=48)
  Input: <- Pipeline #37 [on: RESULT_COLLECTOR (id=48), port: default, barrier: FULL]
  Dependencies: Pipeline #37

=== Query Plan DAG ===
┌──────────────────────────┐                                                                                                                                            
│ Pipeline #38             │                                                                                                                                            
│ RESULT_COLLECTOR (id=48) │                                                                                                                                            
│ Input(#37): FULL         │                                                                                                                                            
└────────────┬─────────────┘                                                                                                                                            
             │                                                                                                                                                          
┌──────────────────────────┐                                                                                                                                            
│ Pipeline #37             │                                                                                                                                            
│ MERGE_SORT (id=47)       │                                                                                                                                            
│ Input(#36): FULL         │                                                                                                                                            
└────────────┬─────────────┘                                                                                                                                            
             │                                                                                                                                                          
┌──────────────────────────┐                                                                                                                                            
│ Pipeline #36             │                                                                                                                                            
│ SORT_PARTITION (id=46)   │                                                                                                                                            
│ SORT_SAMPLE (id=45)      │                                                                                                                                            
│ Input(#35): PIPELINE     │                                                                                                                                            
└────────────┬─────────────┘                                                                                                                                            
             │                                                                                                                                                          
┌──────────────────────────┐                                                                                                                                            
│ Pipeline #35             │                                                                                                                                            
│ ORDER_BY (id=44)         │                                                                                                                                            
│ HASH_JOIN (id=43)        │                                                                                                                                            
│   type: RIGHT_SEMI       │                                                                                                                                            
│ Input(#34): PARTIAL      │                                                                                                                                            
│ Input(#8): PARTIAL       │                                                                                                                                            
└────────────┬─────────────┘                                                                                                                                            
             ┌───────────────────────────────────────────────────────┐                                                                                                  
             │                                                       │                                                                                                  
┌──────────────────────────┐                            ┌──────────────────────────┐                                                                                    
│ Pipeline #8              │                            │ Pipeline #34             │                                                                                    
│ CONCAT (id=9)            │                            │ CONCAT (id=42)           │                                                                                    
│ Input(#7): PARTIAL       │                            │ Input(#33): PARTIAL      │                                                                                    
└────────────┬─────────────┘                            └────────────┬─────────────┘                                                                                    
             │                                                       │                                                                                                  
┌──────────────────────────┐                            ┌──────────────────────────┐                                                                                    
│ Pipeline #7              │                            │ Pipeline #33             │                                                                                    
│ PARTITION (id=8)         │                            │ PARTITION (id=41)        │                                                                                    
│ Input(#6): FULL          │                            │ Input(#32): FULL         │                                                                                    
└────────────┬─────────────┘                            └────────────┬─────────────┘                                                                                    
             │                                                       │                                                                                                  
┌──────────────────────────┐                            ┌──────────────────────────┐                                                                                    
│ Pipeline #6              │                            │ Pipeline #32             │                                                                                    
│ HASH_JOIN (id=7)         │                            │ FILTER (id=40)           │                                                                                    
│   type: INNER            │                            │ HASH_JOIN (id=39)        │                                                                                    
│ Input(#2): PARTIAL       │                            │   type: LEFT             │                                                                                    
│ Input(#5): PARTIAL       │                            │ Input(#28): PARTIAL      │                                                                                    
│                          │                            │ Input(#31): PARTIAL      │                                                                                    
└────────────┬─────────────┘                            └────────────┬─────────────┘                                                                                    
             ┌───────────────────────────┐                           ┌───────────────────────────────────────────────────────────────────────────────────┐              
             │                           │                           │                                                                                   │              
┌──────────────────────────┐┌──────────────────────────┐┌──────────────────────────┐                                                        ┌──────────────────────────┐
│ Pipeline #2              ││ Pipeline #5              ││ Pipeline #28             │                                                        │ Pipeline #31             │
│ CONCAT (id=2)            ││ CONCAT (id=6)            ││ CONCAT (id=35)           │                                                        │ CONCAT (id=38)           │
│ Input(#1): PARTIAL       ││ Input(#4): PARTIAL       ││ Input(#27): PARTIAL      │                                                        │ Input(#30): PARTIAL      │
└────────────┬─────────────┘└────────────┬─────────────┘└────────────┬─────────────┘                                                        └────────────┬─────────────┘
             │                           │                           │                                                                                   │              
┌──────────────────────────┐┌──────────────────────────┐┌──────────────────────────┐                                                        ┌──────────────────────────┐
│ Pipeline #1              ││ Pipeline #4              ││ Pipeline #27             │                                                        │ Pipeline #30             │
│ PARTITION (id=1)         ││ PARTITION (id=5)         ││ PARTITION (id=34)        │                                                        │ PARTITION (id=37)        │
│ Input(#0): FULL          ││ Input(#3): PARTIAL       ││ Input(#26): FULL         │                                                        │ Input(#29): PARTIAL      │
└────────────┬─────────────┘└────────────┬─────────────┘└────────────┬─────────────┘                                                        └────────────┬─────────────┘
             │                           │                           │                                                                                   │              
┌──────────────────────────┐┌──────────────────────────┐┌──────────────────────────┐                                                        ┌──────────────────────────┐
│ Pipeline #0              ││ Pipeline #3              ││ Pipeline #26             │                                                        │ Pipeline #29             │
│ GPU_SCAN (id=0)          ││ DYNAMIC_FILTER (id=4)    ││ PROJECTION (id=33)       │                                                        │ COLUMN_DATA_SCAN (id=36) │
│                          ││ GPU_SCAN (id=3)          ││ MERGE_GROUP_BY (id=32)   │                                                        │ Input(#15): FULL         │
│                          ││                          ││ Input(#25): FULL         │                                                        │                          │
└──────────────────────────┘└──────────────────────────┘└────────────┬─────────────┘                                                        └────────────┬─────────────┘
                                                                     │                                                                                   │              
                                                        ┌──────────────────────────┐                                                        ┌──────────────────────────┐
                                                        │ Pipeline #25             │                                                        │ (-> Pipeline #15)        │
                                                        │ PARTITION (id=31)        │                                                        │                          │
                                                        │ Input(#24): FULL         │                                                        │                          │
                                                        └────────────┬─────────────┘                                                        └────────────┬─────────────┘
                                                                     │                                                                                                  
                                                        ┌──────────────────────────┐                                                                                    
                                                        │ Pipeline #24             │                                                                                    
                                                        │ HASH_GROUP_BY (id=30)    │                                                                                    
                                                        │ PROJECTION (id=29)       │                                                                                    
                                                        │ HASH_JOIN (id=28)        │                                                                                    
                                                        │   type: INNER            │                                                                                    
                                                        │ Input(#20): PARTIAL      │                                                                                    
                                                        │ Input(#23): PARTIAL      │                                                                                    
                                                        └────────────┬─────────────┘                                                                                    
                                                                     ┌───────────────────────────────────────────────────────┐                                          
                                                                     │                                                       │                                          
                                                        ┌──────────────────────────┐                            ┌──────────────────────────┐                            
                                                        │ Pipeline #20             │                            │ Pipeline #23             │                            
                                                        │ CONCAT (id=23)           │                            │ CONCAT (id=27)           │                            
                                                        │ Input(#19): PARTIAL      │                            │ Input(#22): PARTIAL      │                            
                                                        └────────────┬─────────────┘                            └────────────┬─────────────┘                            
                                                                     │                                                       │                                          
                                                        ┌──────────────────────────┐                            ┌──────────────────────────┐                            
                                                        │ Pipeline #19             │                            │ Pipeline #22             │                            
                                                        │ PARTITION (id=22)        │                            │ PARTITION (id=26)        │                            
                                                        │ Input(#18): FULL         │                            │ Input(#21): PARTIAL      │                            
                                                        └────────────┬─────────────┘                            └────────────┬─────────────┘                            
                                                                     │                                                       │                                          
                                                        ┌──────────────────────────┐                            ┌──────────────────────────┐                            
                                                        │ Pipeline #18             │                            │ Pipeline #21             │                            
                                                        │ MERGE_GROUP_BY (id=21)   │                            │ DYNAMIC_FILTER (id=25)   │                            
                                                        │ Input(#17): FULL         │                            │ GPU_SCAN (id=24)         │                            
                                                        └────────────┬─────────────┘                            └──────────────────────────┘                            
                                                                     │                                                                                                  
                                                        ┌──────────────────────────┐                                                                                    
                                                        │ Pipeline #17             │                                                                                    
                                                        │ PARTITION (id=20)        │                                                                                    
                                                        │ Input(#16): FULL         │                                                                                    
                                                        └────────────┬─────────────┘                                                                                    
                                                                     │                                                                                                  
                                                        ┌──────────────────────────┐                                                                                    
                                                        │ Pipeline #16             │                                                                                    
                                                        │ HASH_GROUP_BY (id=19)    │                                                                                    
                                                        │ Input(#15): FULL         │                                                                                    
                                                        └────────────┬─────────────┘                                                                                    
                                                                     │                                                                                                  
                                                        ┌──────────────────────────┐                                                                                    
                                                        │ Pipeline #15             │                                                                                    
                                                        │ LEFT_DELIM_JOIN (id=18)  │                                                                                    
                                                        │ HASH_JOIN (id=17)        │                                                                                    
                                                        │   type: SEMI             │                                                                                    
                                                        │ Input(#11): PARTIAL      │                                                                                    
                                                        │ Input(#14): PARTIAL      │                                                                                    
                                                        └────────────┬─────────────┘                                                                                    
                                                                     ┌───────────────────────────┐                                                                      
                                                                     │                           │                                                                      
                                                        ┌──────────────────────────┐┌──────────────────────────┐                                                        
                                                        │ Pipeline #11             ││ Pipeline #14             │                                                        
                                                        │ CONCAT (id=12)           ││ CONCAT (id=16)           │                                                        
                                                        │ Input(#10): PARTIAL      ││ Input(#13): PARTIAL      │                                                        
                                                        └────────────┬─────────────┘└────────────┬─────────────┘                                                        
                                                                     │                           │                                                                      
                                                        ┌──────────────────────────┐┌──────────────────────────┐                                                        
                                                        │ Pipeline #10             ││ Pipeline #13             │                                                        
                                                        │ PARTITION (id=11)        ││ PARTITION (id=15)        │                                                        
                                                        │ Input(#9): FULL          ││ Input(#12): PARTIAL      │                                                        
                                                        └────────────┬─────────────┘└────────────┬─────────────┘                                                        
                                                                     │                           │                                                                      
                                                        ┌──────────────────────────┐┌──────────────────────────┐                                                        
                                                        │ Pipeline #9              ││ Pipeline #12             │                                                        
                                                        │ GPU_SCAN (id=10)         ││ DYNAMIC_FILTER (id=14)   │                                                        
                                                        │                          ││ GPU_SCAN (id=13)         │                                                        
                                                        └──────────────────────────┘└──────────────────────────┘                                                        

[2026-07-31 08:21:12.963] [info] [sirius_engine.cpp:148] query 126 telemetry_query=019fb7435c8373e0b5f1dfa2da075742
[2026-07-31 08:21:12.963] [info] [sirius_scan_manager.cpp:1494] [sirius_scan_manager] assigned pinned entry 'nation' to operator '0'
[2026-07-31 08:21:12.963] [info] [sirius_scan_manager.cpp:1494] [sirius_scan_manager] assigned pinned entry 'supplier' to operator '3'
[2026-07-31 08:21:12.963] [info] [sirius_scan_manager.cpp:1494] [sirius_scan_manager] assigned pinned entry 'part' to operator '10'
[2026-07-31 08:21:12.963] [info] [sirius_scan_manager.cpp:1494] [sirius_scan_manager] assigned pinned entry 'partsupp' to operator '13'
[2026-07-31 08:21:12.964] [info] [sirius_scan_manager.cpp:1494] [sirius_scan_manager] assigned pinned entry 'lineitem' to operator '24'
[2026-07-31 08:21:12.966] [info] [memory_prefetcher.cpp:52] [memory_prefetcher] started: 3 threads, 5 connectors, min_free_fraction=0.40
[2026-07-31 08:21:12.967] [info] [dynamic_filter_publisher.cpp:338] [sirius_physical_hash_join] Pushed 1 dynamic filter(s) across 1 active target(s) of 1 wired target(s) (1 build rows, 1 keys).
[2026-07-31 08:21:12.968] [warning] [sirius_physical_partition.cpp:304] slot_for_device: device_id 0 not found in active GPU list, falling back to slot 0
[2026-07-31 08:21:12.975] [info] [dynamic_filter_publisher.cpp:338] [sirius_physical_hash_join] Pushed 1 dynamic filter(s) across 1 active target(s) of 1 wired target(s) (2174140 build rows, 1 keys).
[2026-07-31 08:21:12.990] [warning] [sirius_physical_partition.cpp:304] slot_for_device: device_id 0 not found in active GPU list, falling back to slot 0
[2026-07-31 08:21:12.997] [warning] [sirius_physical_partition.cpp:304] slot_for_device: device_id 0 not found in active GPU list, falling back to slot 0
[2026-07-31 08:21:12.998] [warning] [gpu_pipeline_task.cpp:77] gpu_pipeline_task: operator 'LEFT_DELIM_JOIN' (id=18) output batch 0 column 2 datatype mismatch: got int32_t, expected numeric::decimal128
[2026-07-31 08:21:12.999] [info] [dynamic_filter_publisher.cpp:338] [sirius_physical_hash_join] Pushed 2 dynamic filter(s) across 1 active target(s) of 1 wired target(s) (8696560 build rows, 2 keys).
[2026-07-31 08:21:13.161] [warning] [sirius_physical_partition.cpp:304] slot_for_device: device_id 0 not found in active GPU list, falling back to slot 0
[2026-07-31 08:21:13.161] [warning] [sirius_physical_partition.cpp:304] slot_for_device: device_id 0 not found in active GPU list, falling back to slot 0
[2026-07-31 08:21:13.161] [warning] [sirius_physical_partition.cpp:304] slot_for_device: device_id 0 not found in active GPU list, falling back to slot 0
[2026-07-31 08:21:13.161] [warning] [sirius_physical_partition.cpp:304] slot_for_device: device_id 0 not found in active GPU list, falling back to slot 0
[2026-07-31 08:21:13.161] [warning] [sirius_physical_partition.cpp:304] slot_for_device: device_id 0 not found in active GPU list, falling back to slot 0
[2026-07-31 08:21:13.161] [warning] [sirius_physical_partition.cpp:304] slot_for_device: device_id 0 not found in active GPU list, falling back to slot 0
[2026-07-31 08:21:13.161] [warning] [sirius_physical_partition.cpp:304] slot_for_device: device_id 0 not found in active GPU list, falling back to slot 0
[2026-07-31 08:21:13.161] [warning] [sirius_physical_partition.cpp:304] slot_for_device: device_id 0 not found in active GPU list, falling back to slot 0
[2026-07-31 08:21:13.161] [warning] [sirius_physical_partition.cpp:304] slot_for_device: device_id 0 not found in active GPU list, falling back to slot 0
[2026-07-31 08:21:13.161] [warning] [sirius_physical_partition.cpp:304] slot_for_device: device_id 0 not found in active GPU list, falling back to slot 0
[2026-07-31 08:21:13.161] [warning] [sirius_physical_partition.cpp:304] slot_for_device: device_id 0 not found in active GPU list, falling back to slot 0
[2026-07-31 08:21:13.161] [warning] [sirius_physical_partition.cpp:304] slot_for_device: device_id 0 not found in active GPU list, falling back to slot 0
[2026-07-31 08:21:13.161] [warning] [sirius_physical_partition.cpp:304] slot_for_device: device_id 0 not found in active GPU list, falling back to slot 0
[2026-07-31 08:21:13.161] [warning] [sirius_physical_partition.cpp:304] slot_for_device: device_id 0 not found in active GPU list, falling back to slot 0
[2026-07-31 08:21:13.161] [warning] [sirius_physical_partition.cpp:304] slot_for_device: device_id 0 not found in active GPU list, falling back to slot 0
[2026-07-31 08:21:13.162] [warning] [sirius_physical_partition.cpp:304] slot_for_device: device_id 0 not found in active GPU list, falling back to slot 0
[2026-07-31 08:21:13.162] [warning] [sirius_physical_partition.cpp:304] slot_for_device: device_id 0 not found in active GPU list, falling back to slot 0
[2026-07-31 08:21:13.162] [warning] [sirius_physical_partition.cpp:304] slot_for_device: device_id 0 not found in active GPU list, falling back to slot 0
[2026-07-31 08:21:13.164] [warning] [sirius_physical_partition.cpp:304] slot_for_device: device_id 0 not found in active GPU list, falling back to slot 0
[2026-07-31 08:21:13.164] [warning] [sirius_physical_partition.cpp:304] slot_for_device: device_id 0 not found in active GPU list, falling back to slot 0
[2026-07-31 08:21:13.164] [warning] [sirius_physical_partition.cpp:304] slot_for_device: device_id 0 not found in active GPU list, falling back to slot 0
[2026-07-31 08:21:13.164] [warning] [sirius_physical_partition.cpp:304] slot_for_device: device_id 0 not found in active GPU list, falling back to slot 0
[2026-07-31 08:21:13.164] [warning] [sirius_physical_partition.cpp:304] slot_for_device: device_id 0 not found in active GPU list, falling back to slot 0
[2026-07-31 08:21:13.164] [warning] [sirius_physical_partition.cpp:304] slot_for_device: device_id 0 not found in active GPU list, falling back to slot 0
[2026-07-31 08:21:13.167] [warning] [sirius_physical_partition.cpp:304] slot_for_device: device_id 0 not found in active GPU list, falling back to slot 0
[2026-07-31 08:21:13.200] [info] [gpu_pipeline_executor.cpp:129] GPU Pipeline Executor: task queue interrupted, stopping manager loop
[2026-07-31 08:21:13.200] [info] [sirius_context.cpp:300] QueryEnd
[2026-07-31 08:21:13.213] [info] [memory_prefetcher.cpp:65] [memory_prefetcher] stopping: prefetched 2 batches / 9900000192 bytes (stops: headroom=0 reservation=0, skips: lock=0 draining=135)
[2026-07-31 08:21:13.213] [info] [sirius_context.cpp:152] [host_pool] HOST:0 QueryEnd instance=0xfd127512aa00 connection=1 window=126 query=249 allocated=27514634240 bytes peak=73014444032 bytes free_blocks=2726
[2026-07-31 08:21:13.213] [info] [sirius_context.cpp:167] [gpu_pool] GPU:0 QueryEnd instance=0xfd127512aa00 connection=1 window=126 query=249 allocated=67579277056 bytes peak=230543078304 bytes reserved=0 bytes
[2026-07-31 08:21:13.213] [info] [sirius_context.cpp:416] [window] end instance=0xfd127512aa00 connection=1 window=126 query=249 outcome=ok
[2026-07-31 08:21:13.213] [info] [physical_sirius_execution.cpp:329] Transparent GPU execution: query completed
[2026-07-31 08:21:13.299] [info] [sirius_context.cpp:225] QueryBegin: instance=0xfd127512aa00 connection=1 query=250 SQL: CALL unpin_table('supplier')
[2026-07-31 08:21:13.300] [info] [sirius_context.cpp:225] QueryBegin: instance=0xfd127512aa00 connection=1 query=251 SQL: CALL unpin_table('partsupp')
[2026-07-31 08:21:13.301] [info] [sirius_context.cpp:225] QueryBegin: instance=0xfd127512aa00 connection=1 query=252 SQL: CALL unpin_table('part')
[2026-07-31 08:21:13.301] [info] [sirius_context.cpp:225] QueryBegin: instance=0xfd127512aa00 connection=1 query=253 SQL: CALL unpin_table('lineitem')
[2026-07-31 08:21:13.302] [info] [sirius_context.cpp:225] QueryBegin: instance=0xfd127512aa00 connection=1 query=254 SQL: CALL unpin_table('nation')
[2026-07-31 08:21:13.303] [info] [sirius_context.cpp:225] QueryBegin: instance=0xfd127512aa00 connection=1 query=255 SQL: CALL pin_table('/home/nvidia/tpch_parquet_sf1000/supplier/*.parquet', tier='gpu', name='supplier', cols=['s_suppkey','s_nationkey','s_name'])
[2026-07-31 08:21:13.303] [info] [sirius_context.cpp:416] [window] begin instance=0xfd127512aa00 connection=1 window=127 query=255 outcome=-
[2026-07-31 08:21:13.303] [info] [sirius_context.cpp:152] [host_pool] HOST:0 QueryBegin instance=0xfd127512aa00 connection=1 window=127 query=255 allocated=17515413504 bytes peak=73014444032 bytes free_blocks=2875
[2026-07-31 08:21:13.303] [info] [sirius_context.cpp:167] [gpu_pool] GPU:0 QueryBegin instance=0xfd127512aa00 connection=1 window=127 query=255 allocated=0 bytes peak=230543078304 bytes reserved=0 bytes
[2026-07-31 08:21:13.303] [info] [sirius_context.cpp:285] QueryBegin: pin_table
[2026-07-31 08:21:13.303] [warning] [sirius_extension.cpp:1348] [pin_table] 'supplier': pin_table_compression is enabled but no plan file was found in '/home/nvidia/felipe/sirius/.claude/worktrees/combo-prefetch-comp/bench_out/plans_gpu_facts'; pinning uncompressed
[2026-07-31 08:21:13.313] [info] [sirius_context.cpp:300] QueryEnd
[2026-07-31 08:21:13.326] [info] [sirius_context.cpp:152] [host_pool] HOST:0 QueryEnd instance=0xfd127512aa00 connection=1 window=127 query=255 allocated=17515413504 bytes peak=73014444032 bytes free_blocks=2875
[2026-07-31 08:21:13.326] [info] [sirius_context.cpp:167] [gpu_pool] GPU:0 QueryEnd instance=0xfd127512aa00 connection=1 window=127 query=255 allocated=303750400 bytes peak=230543078304 bytes reserved=0 bytes
[2026-07-31 08:21:13.326] [info] [sirius_context.cpp:416] [window] end instance=0xfd127512aa00 connection=1 window=127 query=255 outcome=ok
[2026-07-31 08:21:13.327] [info] [sirius_context.cpp:225] QueryBegin: instance=0xfd127512aa00 connection=1 query=256 SQL: CALL pin_table('/home/nvidia/tpch_parquet_sf1000/lineitem/*.parquet', tier='gpu', name='lineitem', cols=['l_suppkey','l_orderkey','l_receiptdate','l_commitdate'])
[2026-07-31 08:21:13.327] [info] [sirius_context.cpp:416] [window] begin instance=0xfd127512aa00 connection=1 window=128 query=256 outcome=-
[2026-07-31 08:21:13.327] [info] [sirius_context.cpp:152] [host_pool] HOST:0 QueryBegin instance=0xfd127512aa00 connection=1 window=128 query=256 allocated=17515413504 bytes peak=73014444032 bytes free_blocks=2875
[2026-07-31 08:21:13.327] [info] [sirius_context.cpp:167] [gpu_pool] GPU:0 QueryBegin instance=0xfd127512aa00 connection=1 window=128 query=256 allocated=303750400 bytes peak=230543078304 bytes reserved=0 bytes
[2026-07-31 08:21:13.327] [info] [sirius_context.cpp:285] QueryBegin: pin_table
[2026-07-31 08:21:13.328] [info] [sirius_extension.cpp:1338] [pin_table] 'lineitem' tier=gpu: compressing with plan for 4 column(s)
[2026-07-31 08:21:16.273] [info] [sirius_context.cpp:300] QueryEnd
[2026-07-31 08:21:16.286] [info] [sirius_context.cpp:152] [host_pool] HOST:0 QueryEnd instance=0xfd127512aa00 connection=1 window=128 query=256 allocated=17515413504 bytes peak=73014444032 bytes free_blocks=2875
[2026-07-31 08:21:16.286] [info] [sirius_context.cpp:167] [gpu_pool] GPU:0 QueryEnd instance=0xfd127512aa00 connection=1 window=128 query=256 allocated=38796354048 bytes peak=230543078304 bytes reserved=0 bytes
[2026-07-31 08:21:16.286] [info] [sirius_context.cpp:416] [window] end instance=0xfd127512aa00 connection=1 window=128 query=256 outcome=ok
[2026-07-31 08:21:16.286] [info] [sirius_context.cpp:225] QueryBegin: instance=0xfd127512aa00 connection=1 query=257 SQL: CALL pin_table('/home/nvidia/tpch_parquet_sf1000/orders/*.parquet', tier='gpu', name='orders', cols=['o_orderkey','o_orderstatus'])
[2026-07-31 08:21:16.287] [info] [sirius_context.cpp:416] [window] begin instance=0xfd127512aa00 connection=1 window=129 query=257 outcome=-
[2026-07-31 08:21:16.287] [info] [sirius_context.cpp:152] [host_pool] HOST:0 QueryBegin instance=0xfd127512aa00 connection=1 window=129 query=257 allocated=17515413504 bytes peak=73014444032 bytes free_blocks=2875
[2026-07-31 08:21:16.287] [info] [sirius_context.cpp:167] [gpu_pool] GPU:0 QueryBegin instance=0xfd127512aa00 connection=1 window=129 query=257 allocated=38796354048 bytes peak=230543078304 bytes reserved=0 bytes
[2026-07-31 08:21:16.287] [info] [sirius_context.cpp:285] QueryBegin: pin_table
[2026-07-31 08:21:16.287] [info] [sirius_extension.cpp:1338] [pin_table] 'orders' tier=gpu: compressing with plan for 2 column(s)
[2026-07-31 08:21:16.333] [warning] [pin_table.cpp:609] [materialize_all_batches_compressed] compression failed: dictionary_compressor: column size exceeds maximum; falling back to uncompressed for this chunk
[2026-07-31 08:21:16.458] [info] [sirius_context.cpp:300] QueryEnd
[2026-07-31 08:21:16.467] [info] [sirius_context.cpp:152] [host_pool] HOST:0 QueryEnd instance=0xfd127512aa00 connection=1 window=129 query=257 allocated=17515413504 bytes peak=73014444032 bytes free_blocks=2875
[2026-07-31 08:21:16.467] [info] [sirius_context.cpp:167] [gpu_pool] GPU:0 QueryEnd instance=0xfd127512aa00 connection=1 window=129 query=257 allocated=58671356928 bytes peak=230543078304 bytes reserved=0 bytes
[2026-07-31 08:21:16.467] [info] [sirius_context.cpp:416] [window] end instance=0xfd127512aa00 connection=1 window=129 query=257 outcome=ok
[2026-07-31 08:21:16.468] [info] [sirius_context.cpp:225] QueryBegin: instance=0xfd127512aa00 connection=1 query=258 SQL: CALL pin_table('/home/nvidia/tpch_parquet_sf1000/nation/*.parquet', tier='gpu', name='nation', cols=['n_nationkey','n_name'])
[2026-07-31 08:21:16.468] [info] [sirius_context.cpp:416] [window] begin instance=0xfd127512aa00 connection=1 window=130 query=258 outcome=-
[2026-07-31 08:21:16.468] [info] [sirius_context.cpp:152] [host_pool] HOST:0 QueryBegin instance=0xfd127512aa00 connection=1 window=130 query=258 allocated=17515413504 bytes peak=73014444032 bytes free_blocks=2875
[2026-07-31 08:21:16.468] [info] [sirius_context.cpp:167] [gpu_pool] GPU:0 QueryBegin instance=0xfd127512aa00 connection=1 window=130 query=258 allocated=58671356928 bytes peak=230543078304 bytes reserved=0 bytes
[2026-07-31 08:21:16.468] [info] [sirius_context.cpp:285] QueryBegin: pin_table
[2026-07-31 08:21:16.469] [warning] [sirius_extension.cpp:1348] [pin_table] 'nation': pin_table_compression is enabled but no plan file was found in '/home/nvidia/felipe/sirius/.claude/worktrees/combo-prefetch-comp/bench_out/plans_gpu_facts'; pinning uncompressed
[2026-07-31 08:21:16.471] [info] [sirius_context.cpp:300] QueryEnd
[2026-07-31 08:21:16.487] [info] [sirius_context.cpp:152] [host_pool] HOST:0 QueryEnd instance=0xfd127512aa00 connection=1 window=130 query=258 allocated=17515413504 bytes peak=73014444032 bytes free_blocks=2875
[2026-07-31 08:21:16.487] [info] [sirius_context.cpp:167] [gpu_pool] GPU:0 QueryEnd instance=0xfd127512aa00 connection=1 window=130 query=258 allocated=58671358208 bytes peak=230543078304 bytes reserved=0 bytes
[2026-07-31 08:21:16.487] [info] [sirius_context.cpp:416] [window] end instance=0xfd127512aa00 connection=1 window=130 query=258 outcome=ok
[2026-07-31 08:21:16.488] [info] [sirius_context.cpp:225] QueryBegin: instance=0xfd127512aa00 connection=1 query=259 SQL: SET gpu_execution = true;
