[2026-07-31 08:17:37.961] [info] [sirius_context.cpp:225] QueryBegin: instance=0xc36148a50620 connection=1 query=79 SQL: select supp_nation, cust_nation, l_year, sum(volume) as revenue from ( select n1.n_name as supp_nation, n2.n_name as cust_nation, extract(year from l.l_shipdate) as l_year, l.l_extendedprice * (1 - l.l_discount) as volume from supplier s, lineitem l, orders o, customer c, nation n1, nation n2 where s.s_suppkey = l.l_suppkey and o.o_orderkey = l.l_orderkey and c.c_custkey = o.o_custkey and s.s_nationkey = n1.n_nationkey and c.c_nationkey = n2.n_nationkey and ( (n1.n_name = 'EGYPT' and n2.n_name = 'UNITED STATES') or (n1.n_name = 'UNITED STATES' and n2.n_name = 'EGYPT') ) and l.l_shipdate between date '1995-01-01' and date '1996-12-31' ) as shipping group by supp_nation, cust_nation, l_year order by supp_nation, cust_nation, l_year
[2026-07-31 08:17:37.975] [info] [sirius_plan_get.cpp:498] [sirius_plan_get] LogicalGet has dynamic_filters attached (channel key=0xc3614f4d0b40).
[2026-07-31 08:17:37.975] [info] [sirius_plan_get.cpp:498] [sirius_plan_get] LogicalGet has dynamic_filters attached (channel key=0xc361536dd0e0).
[2026-07-31 08:17:37.975] [info] [sirius_plan_get.cpp:498] [sirius_plan_get] LogicalGet has dynamic_filters attached (channel key=0xc361552fe680).
[2026-07-31 08:17:37.976] [info] [sirius_plan_comparison_join.cpp:608] [sirius_plan_comparison_join] Wired hash join with 1 dynamic-filter probe target(s) (build est 25 rows).
[2026-07-31 08:17:37.976] [info] [sirius_plan_comparison_join.cpp:608] [sirius_plan_comparison_join] Wired hash join with 1 dynamic-filter probe target(s) (build est 10000000 rows).
[2026-07-31 08:17:37.976] [info] [sirius_plan_comparison_join.cpp:608] [sirius_plan_comparison_join] Wired hash join with 1 dynamic-filter probe target(s) (build est 5999330220 rows).
[2026-07-31 08:17:37.976] [info] [sirius_plan_get.cpp:498] [sirius_plan_get] LogicalGet has dynamic_filters attached (channel key=0xc361529ea1c0).
[2026-07-31 08:17:37.976] [info] [sirius_plan_comparison_join.cpp:608] [sirius_plan_comparison_join] Wired hash join with 1 dynamic-filter probe target(s) (build est 25 rows).
[2026-07-31 08:17:37.976] [info] [sirius_plan_comparison_join.cpp:608] [sirius_plan_comparison_join] Wired hash join with 1 dynamic-filter probe target(s) (build est 149999850 rows).
[2026-07-31 08:17:37.976] [info] [sirius_context.cpp:1244] Transparent execution: Sirius physical plan generated successfully
[2026-07-31 08:17:37.976] [info] [sirius_context.cpp:1272] Transparent execution: physical plan replaced with GPU operator
[2026-07-31 08:17:37.976] [info] [physical_sirius_execution.cpp:155] Transparent GPU execution: executing query
[2026-07-31 08:17:37.976] [info] [sirius_context.cpp:416] [window] begin instance=0xc36148a50620 connection=1 window=42 query=79 outcome=-
[2026-07-31 08:17:37.976] [info] [sirius_context.cpp:152] [host_pool] HOST:0 QueryBegin instance=0xc36148a50620 connection=1 window=42 query=79 allocated=234679697408 bytes peak=301385908224 bytes free_blocks=999
[2026-07-31 08:17:37.976] [info] [sirius_context.cpp:167] [gpu_pool] GPU:0 QueryBegin instance=0xc36148a50620 connection=1 window=42 query=79 allocated=0 bytes peak=203848467648 bytes reserved=0 bytes
[2026-07-31 08:17:37.976] [info] [sirius_context.cpp:285] QueryBegin: transparent_execution
[2026-07-31 08:17:37.980] [info] [sirius_plan_get.cpp:498] [sirius_plan_get] LogicalGet has dynamic_filters attached (channel key=0xc3614f4d0b40).
[2026-07-31 08:17:37.980] [info] [sirius_plan_get.cpp:498] [sirius_plan_get] LogicalGet has dynamic_filters attached (channel key=0xc361536dd0e0).
[2026-07-31 08:17:37.980] [info] [sirius_plan_get.cpp:498] [sirius_plan_get] LogicalGet has dynamic_filters attached (channel key=0xc361552fe680).
[2026-07-31 08:17:37.980] [info] [sirius_plan_comparison_join.cpp:608] [sirius_plan_comparison_join] Wired hash join with 1 dynamic-filter probe target(s) (build est 25 rows).
[2026-07-31 08:17:37.980] [info] [sirius_plan_comparison_join.cpp:608] [sirius_plan_comparison_join] Wired hash join with 1 dynamic-filter probe target(s) (build est 10000000 rows).
[2026-07-31 08:17:37.980] [info] [sirius_plan_comparison_join.cpp:608] [sirius_plan_comparison_join] Wired hash join with 1 dynamic-filter probe target(s) (build est 5999330220 rows).
[2026-07-31 08:17:37.980] [info] [sirius_plan_get.cpp:498] [sirius_plan_get] LogicalGet has dynamic_filters attached (channel key=0xc361529ea1c0).
[2026-07-31 08:17:37.980] [info] [sirius_plan_comparison_join.cpp:608] [sirius_plan_comparison_join] Wired hash join with 1 dynamic-filter probe target(s) (build est 25 rows).
[2026-07-31 08:17:37.980] [info] [sirius_plan_comparison_join.cpp:608] [sirius_plan_comparison_join] Wired hash join with 1 dynamic-filter probe target(s) (build est 149999850 rows).
[2026-07-31 08:17:37.981] [info] [sirius_engine.cpp:265] Query Plan:
=== Pipeline Overview ===
Pipeline #0: GPU_SCAN (id=0) -> FILTER (id=1)
  Output: -> PARTITION [port: default, barrier: FULL]
Pipeline #1: PARTITION (id=2)
  Input: <- Pipeline #0 [on: PARTITION (id=2), port: default, barrier: FULL]
  Dependencies: Pipeline #0
  Output: -> CONCAT [port: default, barrier: PARTIAL]
Pipeline #2: CONCAT (id=3)
  Input: <- Pipeline #1 [on: CONCAT (id=3), port: default, barrier: PARTIAL]
  Dependencies: Pipeline #1
  Output: -> HASH_JOIN [port: build, barrier: PARTIAL]
Pipeline #3: GPU_SCAN (id=4) -> DYNAMIC_FILTER (id=5)
  Output: -> PARTITION [port: default, barrier: PARTIAL]
Pipeline #4: PARTITION (id=6)
  Input: <- Pipeline #3 [on: PARTITION (id=6), port: default, barrier: PARTIAL]
  Dependencies: Pipeline #3
  Output: -> CONCAT [port: default, barrier: PARTIAL]
Pipeline #5: CONCAT (id=7)
  Input: <- Pipeline #4 [on: CONCAT (id=7), port: default, barrier: PARTIAL]
  Dependencies: Pipeline #4
  Output: -> HASH_JOIN [port: default, barrier: PARTIAL]
Pipeline #6: HASH_JOIN (id=8)
  Input: <- Pipeline #2 [on: HASH_JOIN (id=8), port: build, barrier: PARTIAL]
  Input: <- Pipeline #5 [on: HASH_JOIN (id=8), port: default, barrier: PARTIAL]
  Dependencies: Pipeline #2, Pipeline #5
  Output: -> PARTITION [port: default, barrier: FULL]
Pipeline #7: PARTITION (id=9)
  Input: <- Pipeline #6 [on: PARTITION (id=9), port: default, barrier: FULL]
  Dependencies: Pipeline #6
  Output: -> CONCAT [port: default, barrier: PARTIAL]
Pipeline #8: CONCAT (id=10)
  Input: <- Pipeline #7 [on: CONCAT (id=10), port: default, barrier: PARTIAL]
  Dependencies: Pipeline #7
  Output: -> HASH_JOIN [port: build, barrier: PARTIAL]
Pipeline #9: GPU_SCAN (id=11) -> FILTER (id=12)
  Output: -> PARTITION [port: default, barrier: FULL]
Pipeline #10: PARTITION (id=13)
  Input: <- Pipeline #9 [on: PARTITION (id=13), port: default, barrier: FULL]
  Dependencies: Pipeline #9
  Output: -> CONCAT [port: default, barrier: PARTIAL]
Pipeline #11: CONCAT (id=14)
  Input: <- Pipeline #10 [on: CONCAT (id=14), port: default, barrier: PARTIAL]
  Dependencies: Pipeline #10
  Output: -> HASH_JOIN [port: build, barrier: PARTIAL]
Pipeline #12: GPU_SCAN (id=15) -> DYNAMIC_FILTER (id=16)
  Output: -> PARTITION [port: default, barrier: PARTIAL]
Pipeline #13: PARTITION (id=17)
  Input: <- Pipeline #12 [on: PARTITION (id=17), port: default, barrier: PARTIAL]
  Dependencies: Pipeline #12
  Output: -> CONCAT [port: default, barrier: PARTIAL]
Pipeline #14: CONCAT (id=18)
  Input: <- Pipeline #13 [on: CONCAT (id=18), port: default, barrier: PARTIAL]
  Dependencies: Pipeline #13
  Output: -> HASH_JOIN [port: default, barrier: PARTIAL]
Pipeline #15: HASH_JOIN (id=19)
  Input: <- Pipeline #11 [on: HASH_JOIN (id=19), port: build, barrier: PARTIAL]
  Input: <- Pipeline #14 [on: HASH_JOIN (id=19), port: default, barrier: PARTIAL]
  Dependencies: Pipeline #11, Pipeline #14
  Output: -> PARTITION [port: default, barrier: FULL]
Pipeline #16: PARTITION (id=20)
  Input: <- Pipeline #15 [on: PARTITION (id=20), port: default, barrier: FULL]
  Dependencies: Pipeline #15
  Output: -> CONCAT [port: default, barrier: PARTIAL]
Pipeline #17: CONCAT (id=21)
  Input: <- Pipeline #16 [on: CONCAT (id=21), port: default, barrier: PARTIAL]
  Dependencies: Pipeline #16
  Output: -> HASH_JOIN [port: build, barrier: PARTIAL]
Pipeline #18: GPU_SCAN (id=22) -> DYNAMIC_FILTER (id=23)
  Output: -> PARTITION [port: default, barrier: PARTIAL]
Pipeline #19: PARTITION (id=24)
  Input: <- Pipeline #18 [on: PARTITION (id=24), port: default, barrier: PARTIAL]
  Dependencies: Pipeline #18
  Output: -> CONCAT [port: default, barrier: PARTIAL]
Pipeline #20: CONCAT (id=25)
  Input: <- Pipeline #19 [on: CONCAT (id=25), port: default, barrier: PARTIAL]
  Dependencies: Pipeline #19
  Output: -> HASH_JOIN [port: default, barrier: PARTIAL]
Pipeline #21: HASH_JOIN (id=26)
  Input: <- Pipeline #17 [on: HASH_JOIN (id=26), port: build, barrier: PARTIAL]
  Input: <- Pipeline #20 [on: HASH_JOIN (id=26), port: default, barrier: PARTIAL]
  Dependencies: Pipeline #17, Pipeline #20
  Output: -> PARTITION [port: default, barrier: FULL]
Pipeline #22: PARTITION (id=27)
  Input: <- Pipeline #21 [on: PARTITION (id=27), port: default, barrier: FULL]
  Dependencies: Pipeline #21
  Output: -> CONCAT [port: default, barrier: PARTIAL]
Pipeline #23: CONCAT (id=28)
  Input: <- Pipeline #22 [on: CONCAT (id=28), port: default, barrier: PARTIAL]
  Dependencies: Pipeline #22
  Output: -> HASH_JOIN [port: build, barrier: PARTIAL]
Pipeline #24: GPU_SCAN (id=29) -> DYNAMIC_FILTER (id=30)
  Output: -> PARTITION [port: default, barrier: PARTIAL]
Pipeline #25: PARTITION (id=31)
  Input: <- Pipeline #24 [on: PARTITION (id=31), port: default, barrier: PARTIAL]
  Dependencies: Pipeline #24
  Output: -> CONCAT [port: default, barrier: PARTIAL]
Pipeline #26: CONCAT (id=32)
  Input: <- Pipeline #25 [on: CONCAT (id=32), port: default, barrier: PARTIAL]
  Dependencies: Pipeline #25
  Output: -> HASH_JOIN [port: default, barrier: PARTIAL]
Pipeline #27: HASH_JOIN (id=33)
  Input: <- Pipeline #23 [on: HASH_JOIN (id=33), port: build, barrier: PARTIAL]
  Input: <- Pipeline #26 [on: HASH_JOIN (id=33), port: default, barrier: PARTIAL]
  Dependencies: Pipeline #23, Pipeline #26
  Output: -> PARTITION [port: default, barrier: PARTIAL]
Pipeline #28: PARTITION (id=34)
  Input: <- Pipeline #27 [on: PARTITION (id=34), port: default, barrier: PARTIAL]
  Dependencies: Pipeline #27
  Output: -> CONCAT [port: default, barrier: PARTIAL]
Pipeline #29: CONCAT (id=35)
  Input: <- Pipeline #28 [on: CONCAT (id=35), port: default, barrier: PARTIAL]
  Dependencies: Pipeline #28
  Output: -> HASH_JOIN [port: default, barrier: PARTIAL]
Pipeline #30: HASH_JOIN (id=36) -> FILTER (id=37) -> PROJECTION (id=38) -> HASH_GROUP_BY (id=39)
  Input: <- Pipeline #8 [on: HASH_JOIN (id=36), port: build, barrier: PARTIAL]
  Input: <- Pipeline #29 [on: HASH_JOIN (id=36), port: default, barrier: PARTIAL]
  Dependencies: Pipeline #8, Pipeline #29
  Output: -> PARTITION [port: default, barrier: FULL]
Pipeline #31: PARTITION (id=40)
  Input: <- Pipeline #30 [on: PARTITION (id=40), port: default, barrier: FULL]
  Dependencies: Pipeline #30
  Output: -> MERGE_GROUP_BY [port: default, barrier: FULL]
Pipeline #32: MERGE_GROUP_BY (id=41) -> ORDER_BY (id=42)
  Input: <- Pipeline #31 [on: MERGE_GROUP_BY (id=41), port: default, barrier: FULL]
  Dependencies: Pipeline #31
  Output: -> SORT_SAMPLE [port: default, barrier: PIPELINE]
Pipeline #33: SORT_SAMPLE (id=43) -> SORT_PARTITION (id=44)
  Input: <- Pipeline #32 [on: SORT_SAMPLE (id=43), port: default, barrier: PIPELINE]
  Dependencies: Pipeline #32
  Output: -> MERGE_SORT [port: default, barrier: FULL]
Pipeline #34: MERGE_SORT (id=45)
  Input: <- Pipeline #33 [on: MERGE_SORT (id=45), port: default, barrier: FULL]
  Dependencies: Pipeline #33
  Output: -> RESULT_COLLECTOR [port: default, barrier: FULL]
Pipeline #35: RESULT_COLLECTOR (id=46)
  Input: <- Pipeline #34 [on: RESULT_COLLECTOR (id=46), port: default, barrier: FULL]
  Dependencies: Pipeline #34

=== Query Plan DAG ===
┌──────────────────────────┐                                                                                                                                            
│ Pipeline #35             │                                                                                                                                            
│ RESULT_COLLECTOR (id=46) │                                                                                                                                            
│ Input(#34): FULL         │                                                                                                                                            
└────────────┬─────────────┘                                                                                                                                            
             │                                                                                                                                                          
┌──────────────────────────┐                                                                                                                                            
│ Pipeline #34             │                                                                                                                                            
│ MERGE_SORT (id=45)       │                                                                                                                                            
│ Input(#33): FULL         │                                                                                                                                            
└────────────┬─────────────┘                                                                                                                                            
             │                                                                                                                                                          
┌──────────────────────────┐                                                                                                                                            
│ Pipeline #33             │                                                                                                                                            
│ SORT_PARTITION (id=44)   │                                                                                                                                            
│ SORT_SAMPLE (id=43)      │                                                                                                                                            
│ Input(#32): PIPELINE     │                                                                                                                                            
└────────────┬─────────────┘                                                                                                                                            
             │                                                                                                                                                          
┌──────────────────────────┐                                                                                                                                            
│ Pipeline #32             │                                                                                                                                            
│ ORDER_BY (id=42)         │                                                                                                                                            
│ MERGE_GROUP_BY (id=41)   │                                                                                                                                            
│ Input(#31): FULL         │                                                                                                                                            
└────────────┬─────────────┘                                                                                                                                            
             │                                                                                                                                                          
┌──────────────────────────┐                                                                                                                                            
│ Pipeline #31             │                                                                                                                                            
│ PARTITION (id=40)        │                                                                                                                                            
│ Input(#30): FULL         │                                                                                                                                            
└────────────┬─────────────┘                                                                                                                                            
             │                                                                                                                                                          
┌──────────────────────────┐                                                                                                                                            
│ Pipeline #30             │                                                                                                                                            
│ HASH_GROUP_BY (id=39)    │                                                                                                                                            
│ PROJECTION (id=38)       │                                                                                                                                            
│ FILTER (id=37)           │                                                                                                                                            
│ HASH_JOIN (id=36)        │                                                                                                                                            
│   type: INNER            │                                                                                                                                            
│ Input(#8): PARTIAL       │                                                                                                                                            
│ Input(#29): PARTIAL      │                                                                                                                                            
└────────────┬─────────────┘                                                                                                                                            
             ┌───────────────────────────────────────────────────────┐                                                                                                  
             │                                                       │                                                                                                  
┌──────────────────────────┐                            ┌──────────────────────────┐                                                                                    
│ Pipeline #8              │                            │ Pipeline #29             │                                                                                    
│ CONCAT (id=10)           │                            │ CONCAT (id=35)           │                                                                                    
│ Input(#7): PARTIAL       │                            │ Input(#28): PARTIAL      │                                                                                    
└────────────┬─────────────┘                            └────────────┬─────────────┘                                                                                    
             │                                                       │                                                                                                  
┌──────────────────────────┐                            ┌──────────────────────────┐                                                                                    
│ Pipeline #7              │                            │ Pipeline #28             │                                                                                    
│ PARTITION (id=9)         │                            │ PARTITION (id=34)        │                                                                                    
│ Input(#6): FULL          │                            │ Input(#27): PARTIAL      │                                                                                    
└────────────┬─────────────┘                            └────────────┬─────────────┘                                                                                    
             │                                                       │                                                                                                  
┌──────────────────────────┐                            ┌──────────────────────────┐                                                                                    
│ Pipeline #6              │                            │ Pipeline #27             │                                                                                    
│ HASH_JOIN (id=8)         │                            │ HASH_JOIN (id=33)        │                                                                                    
│   type: INNER            │                            │   type: INNER            │                                                                                    
│ Input(#2): PARTIAL       │                            │ Input(#23): PARTIAL      │                                                                                    
│ Input(#5): PARTIAL       │                            │ Input(#26): PARTIAL      │                                                                                    
└────────────┬─────────────┘                            └────────────┬─────────────┘                                                                                    
             ┌───────────────────────────┐                           ┌───────────────────────────────────────────────────────────────────────────────────┐              
             │                           │                           │                                                                                   │              
┌──────────────────────────┐┌──────────────────────────┐┌──────────────────────────┐                                                        ┌──────────────────────────┐
│ Pipeline #2              ││ Pipeline #5              ││ Pipeline #23             │                                                        │ Pipeline #26             │
│ CONCAT (id=3)            ││ CONCAT (id=7)            ││ CONCAT (id=28)           │                                                        │ CONCAT (id=32)           │
│ Input(#1): PARTIAL       ││ Input(#4): PARTIAL       ││ Input(#22): PARTIAL      │                                                        │ Input(#25): PARTIAL      │
└────────────┬─────────────┘└────────────┬─────────────┘└────────────┬─────────────┘                                                        └────────────┬─────────────┘
             │                           │                           │                                                                                   │              
┌──────────────────────────┐┌──────────────────────────┐┌──────────────────────────┐                                                        ┌──────────────────────────┐
│ Pipeline #1              ││ Pipeline #4              ││ Pipeline #22             │                                                        │ Pipeline #25             │
│ PARTITION (id=2)         ││ PARTITION (id=6)         ││ PARTITION (id=27)        │                                                        │ PARTITION (id=31)        │
│ Input(#0): FULL          ││ Input(#3): PARTIAL       ││ Input(#21): FULL         │                                                        │ Input(#24): PARTIAL      │
└────────────┬─────────────┘└────────────┬─────────────┘└────────────┬─────────────┘                                                        └────────────┬─────────────┘
             │                           │                           │                                                                                   │              
┌──────────────────────────┐┌──────────────────────────┐┌──────────────────────────┐                                                        ┌──────────────────────────┐
│ Pipeline #0              ││ Pipeline #3              ││ Pipeline #21             │                                                        │ Pipeline #24             │
│ FILTER (id=1)            ││ DYNAMIC_FILTER (id=5)    ││ HASH_JOIN (id=26)        │                                                        │ DYNAMIC_FILTER (id=30)   │
│ GPU_SCAN (id=0)          ││ GPU_SCAN (id=4)          ││   type: INNER            │                                                        │ GPU_SCAN (id=29)         │
│                          ││                          ││ Input(#17): PARTIAL      │                                                        │                          │
│                          ││                          ││ Input(#20): PARTIAL      │                                                        │                          │
└──────────────────────────┘└──────────────────────────┘└────────────┬─────────────┘                                                        └──────────────────────────┘
                                                                     ┌───────────────────────────────────────────────────────┐                                          
                                                                     │                                                       │                                          
                                                        ┌──────────────────────────┐                            ┌──────────────────────────┐                            
                                                        │ Pipeline #17             │                            │ Pipeline #20             │                            
                                                        │ CONCAT (id=21)           │                            │ CONCAT (id=25)           │                            
                                                        │ Input(#16): PARTIAL      │                            │ Input(#19): PARTIAL      │                            
                                                        └────────────┬─────────────┘                            └────────────┬─────────────┘                            
                                                                     │                                                       │                                          
                                                        ┌──────────────────────────┐                            ┌──────────────────────────┐                            
                                                        │ Pipeline #16             │                            │ Pipeline #19             │                            
                                                        │ PARTITION (id=20)        │                            │ PARTITION (id=24)        │                            
                                                        │ Input(#15): FULL         │                            │ Input(#18): PARTIAL      │                            
                                                        └────────────┬─────────────┘                            └────────────┬─────────────┘                            
                                                                     │                                                       │                                          
                                                        ┌──────────────────────────┐                            ┌──────────────────────────┐                            
                                                        │ Pipeline #15             │                            │ Pipeline #18             │                            
                                                        │ HASH_JOIN (id=19)        │                            │ DYNAMIC_FILTER (id=23)   │                            
                                                        │   type: INNER            │                            │ GPU_SCAN (id=22)         │                            
                                                        │ Input(#11): PARTIAL      │                            │                          │                            
                                                        │ Input(#14): PARTIAL      │                            │                          │                            
                                                        └────────────┬─────────────┘                            └──────────────────────────┘                            
                                                                     ┌───────────────────────────┐                                                                      
                                                                     │                           │                                                                      
                                                        ┌──────────────────────────┐┌──────────────────────────┐                                                        
                                                        │ Pipeline #11             ││ Pipeline #14             │                                                        
                                                        │ CONCAT (id=14)           ││ CONCAT (id=18)           │                                                        
                                                        │ Input(#10): PARTIAL      ││ Input(#13): PARTIAL      │                                                        
                                                        └────────────┬─────────────┘└────────────┬─────────────┘                                                        
                                                                     │                           │                                                                      
                                                        ┌──────────────────────────┐┌──────────────────────────┐                                                        
                                                        │ Pipeline #10             ││ Pipeline #13             │                                                        
                                                        │ PARTITION (id=13)        ││ PARTITION (id=17)        │                                                        
                                                        │ Input(#9): FULL          ││ Input(#12): PARTIAL      │                                                        
                                                        └────────────┬─────────────┘└────────────┬─────────────┘                                                        
                                                                     │                           │                                                                      
                                                        ┌──────────────────────────┐┌──────────────────────────┐                                                        
                                                        │ Pipeline #9              ││ Pipeline #12             │                                                        
                                                        │ FILTER (id=12)           ││ DYNAMIC_FILTER (id=16)   │                                                        
                                                        │ GPU_SCAN (id=11)         ││ GPU_SCAN (id=15)         │                                                        
                                                        └──────────────────────────┘└──────────────────────────┘                                                        

[2026-07-31 08:17:37.981] [info] [sirius_engine.cpp:148] query 42 telemetry_query=019fb74014bc7d41af2ebb6759106b40
[2026-07-31 08:17:37.981] [info] [sirius_scan_manager.cpp:1494] [sirius_scan_manager] assigned pinned entry 'nation' to operator '0'
[2026-07-31 08:17:37.981] [info] [sirius_scan_manager.cpp:1494] [sirius_scan_manager] assigned pinned entry 'customer' to operator '4'
[2026-07-31 08:17:37.981] [info] [sirius_scan_manager.cpp:1494] [sirius_scan_manager] assigned pinned entry 'nation' to operator '11'
[2026-07-31 08:17:37.981] [info] [sirius_scan_manager.cpp:1494] [sirius_scan_manager] assigned pinned entry 'supplier' to operator '15'
[2026-07-31 08:17:37.981] [info] [sirius_scan_manager.cpp:1494] [sirius_scan_manager] assigned pinned entry 'lineitem' to operator '22'
[2026-07-31 08:17:37.981] [info] [sirius_scan_manager.cpp:1494] [sirius_scan_manager] assigned pinned entry 'orders' to operator '29'
[2026-07-31 08:17:37.981] [info] [memory_prefetcher.cpp:52] [memory_prefetcher] started: 3 threads, 6 connectors, min_free_fraction=0.40
[2026-07-31 08:17:37.983] [info] [dynamic_filter_publisher.cpp:338] [sirius_physical_hash_join] Pushed 1 dynamic filter(s) across 1 active target(s) of 1 wired target(s) (2 build rows, 1 keys).
[2026-07-31 08:17:37.986] [warning] [sirius_physical_partition.cpp:304] slot_for_device: device_id 0 not found in active GPU list, falling back to slot 0
[2026-07-31 08:17:37.989] [info] [dynamic_filter_publisher.cpp:338] [sirius_physical_hash_join] Pushed 1 dynamic filter(s) across 1 active target(s) of 1 wired target(s) (12000338 build rows, 1 keys).
[2026-07-31 08:17:37.990] [info] [dynamic_filter_publisher.cpp:338] [sirius_physical_hash_join] Pushed 1 dynamic filter(s) across 1 active target(s) of 1 wired target(s) (2 build rows, 1 keys).
[2026-07-31 08:17:37.990] [warning] [sirius_physical_partition.cpp:304] slot_for_device: device_id 0 not found in active GPU list, falling back to slot 0
[2026-07-31 08:17:37.991] [info] [dynamic_filter_publisher.cpp:338] [sirius_physical_hash_join] Pushed 1 dynamic filter(s) across 1 active target(s) of 1 wired target(s) (800280 build rows, 1 keys).
[2026-07-31 08:17:38.140] [warning] [sirius_physical_partition.cpp:304] slot_for_device: device_id 0 not found in active GPU list, falling back to slot 0
[2026-07-31 08:17:38.476] [warning] [sirius_physical_partition.cpp:304] slot_for_device: device_id 0 not found in active GPU list, falling back to slot 0
[2026-07-31 08:17:38.476] [warning] [sirius_physical_partition.cpp:304] slot_for_device: device_id 0 not found in active GPU list, falling back to slot 0
[2026-07-31 08:17:38.476] [warning] [sirius_physical_partition.cpp:304] slot_for_device: device_id 0 not found in active GPU list, falling back to slot 0
[2026-07-31 08:17:38.476] [warning] [sirius_physical_partition.cpp:304] slot_for_device: device_id 0 not found in active GPU list, falling back to slot 0
[2026-07-31 08:17:38.476] [warning] [sirius_physical_partition.cpp:304] slot_for_device: device_id 0 not found in active GPU list, falling back to slot 0
[2026-07-31 08:17:38.476] [warning] [sirius_physical_partition.cpp:304] slot_for_device: device_id 0 not found in active GPU list, falling back to slot 0
[2026-07-31 08:17:38.476] [warning] [sirius_physical_partition.cpp:304] slot_for_device: device_id 0 not found in active GPU list, falling back to slot 0
[2026-07-31 08:17:38.476] [warning] [sirius_physical_partition.cpp:304] slot_for_device: device_id 0 not found in active GPU list, falling back to slot 0
[2026-07-31 08:17:38.476] [warning] [sirius_physical_partition.cpp:304] slot_for_device: device_id 0 not found in active GPU list, falling back to slot 0
[2026-07-31 08:17:38.476] [warning] [sirius_physical_partition.cpp:304] slot_for_device: device_id 0 not found in active GPU list, falling back to slot 0
[2026-07-31 08:17:38.476] [warning] [sirius_physical_partition.cpp:304] slot_for_device: device_id 0 not found in active GPU list, falling back to slot 0
[2026-07-31 08:17:38.476] [warning] [sirius_physical_partition.cpp:304] slot_for_device: device_id 0 not found in active GPU list, falling back to slot 0
[2026-07-31 08:17:38.476] [warning] [sirius_physical_partition.cpp:304] slot_for_device: device_id 0 not found in active GPU list, falling back to slot 0
[2026-07-31 08:17:38.476] [warning] [sirius_physical_partition.cpp:304] slot_for_device: device_id 0 not found in active GPU list, falling back to slot 0
[2026-07-31 08:17:38.476] [warning] [sirius_physical_partition.cpp:304] slot_for_device: device_id 0 not found in active GPU list, falling back to slot 0
[2026-07-31 08:17:38.476] [warning] [sirius_physical_partition.cpp:304] slot_for_device: device_id 0 not found in active GPU list, falling back to slot 0
[2026-07-31 08:17:38.476] [warning] [sirius_physical_partition.cpp:304] slot_for_device: device_id 0 not found in active GPU list, falling back to slot 0
[2026-07-31 08:17:38.476] [warning] [sirius_physical_partition.cpp:304] slot_for_device: device_id 0 not found in active GPU list, falling back to slot 0
[2026-07-31 08:17:38.476] [warning] [sirius_physical_partition.cpp:304] slot_for_device: device_id 0 not found in active GPU list, falling back to slot 0
[2026-07-31 08:17:38.476] [warning] [sirius_physical_partition.cpp:304] slot_for_device: device_id 0 not found in active GPU list, falling back to slot 0
[2026-07-31 08:17:38.477] [warning] [sirius_physical_partition.cpp:304] slot_for_device: device_id 0 not found in active GPU list, falling back to slot 0
[2026-07-31 08:17:38.477] [warning] [sirius_physical_partition.cpp:304] slot_for_device: device_id 0 not found in active GPU list, falling back to slot 0
[2026-07-31 08:17:38.477] [warning] [sirius_physical_partition.cpp:304] slot_for_device: device_id 0 not found in active GPU list, falling back to slot 0
[2026-07-31 08:17:38.477] [warning] [sirius_physical_partition.cpp:304] slot_for_device: device_id 0 not found in active GPU list, falling back to slot 0
[2026-07-31 08:17:38.477] [warning] [sirius_physical_partition.cpp:304] slot_for_device: device_id 0 not found in active GPU list, falling back to slot 0
[2026-07-31 08:17:38.477] [warning] [sirius_physical_partition.cpp:304] slot_for_device: device_id 0 not found in active GPU list, falling back to slot 0
[2026-07-31 08:17:38.477] [warning] [sirius_physical_partition.cpp:304] slot_for_device: device_id 0 not found in active GPU list, falling back to slot 0
[2026-07-31 08:17:38.477] [warning] [sirius_physical_partition.cpp:304] slot_for_device: device_id 0 not found in active GPU list, falling back to slot 0
[2026-07-31 08:17:38.477] [warning] [sirius_physical_partition.cpp:304] slot_for_device: device_id 0 not found in active GPU list, falling back to slot 0
[2026-07-31 08:17:38.477] [warning] [sirius_physical_partition.cpp:304] slot_for_device: device_id 0 not found in active GPU list, falling back to slot 0
[2026-07-31 08:17:38.477] [warning] [sirius_physical_partition.cpp:304] slot_for_device: device_id 0 not found in active GPU list, falling back to slot 0
[2026-07-31 08:17:38.477] [warning] [sirius_physical_partition.cpp:304] slot_for_device: device_id 0 not found in active GPU list, falling back to slot 0
[2026-07-31 08:17:38.477] [warning] [sirius_physical_partition.cpp:304] slot_for_device: device_id 0 not found in active GPU list, falling back to slot 0
[2026-07-31 08:17:38.491] [warning] [sirius_physical_partition.cpp:304] slot_for_device: device_id 0 not found in active GPU list, falling back to slot 0
[2026-07-31 08:17:38.504] [warning] [sirius_physical_partition.cpp:304] slot_for_device: device_id 0 not found in active GPU list, falling back to slot 0
[2026-07-31 08:17:38.517] [warning] [sirius_physical_partition.cpp:304] slot_for_device: device_id 0 not found in active GPU list, falling back to slot 0
[2026-07-31 08:17:38.530] [warning] [sirius_physical_partition.cpp:304] slot_for_device: device_id 0 not found in active GPU list, falling back to slot 0
[2026-07-31 08:17:38.543] [warning] [sirius_physical_partition.cpp:304] slot_for_device: device_id 0 not found in active GPU list, falling back to slot 0
[2026-07-31 08:17:38.555] [warning] [sirius_physical_partition.cpp:304] slot_for_device: device_id 0 not found in active GPU list, falling back to slot 0
[2026-07-31 08:17:38.702] [warning] [sirius_physical_partition.cpp:304] slot_for_device: device_id 0 not found in active GPU list, falling back to slot 0
[2026-07-31 08:17:38.702] [warning] [sirius_physical_partition.cpp:304] slot_for_device: device_id 0 not found in active GPU list, falling back to slot 0
[2026-07-31 08:17:38.740] [info] [gpu_pipeline_executor.cpp:129] GPU Pipeline Executor: task queue interrupted, stopping manager loop
[2026-07-31 08:17:38.741] [info] [sirius_context.cpp:300] QueryEnd
[2026-07-31 08:17:38.749] [info] [memory_prefetcher.cpp:65] [memory_prefetcher] stopping: prefetched 11 batches / 34687942714 bytes (stops: headroom=0 reservation=0, skips: lock=0 draining=38)
[2026-07-31 08:17:38.749] [info] [sirius_context.cpp:152] [host_pool] HOST:0 QueryEnd instance=0xc36148a50620 connection=1 window=42 query=79 allocated=234679697408 bytes peak=301385908224 bytes free_blocks=999
[2026-07-31 08:17:38.749] [info] [sirius_context.cpp:167] [gpu_pool] GPU:0 QueryEnd instance=0xc36148a50620 connection=1 window=42 query=79 allocated=0 bytes peak=203848467648 bytes reserved=0 bytes
[2026-07-31 08:17:38.749] [info] [sirius_context.cpp:416] [window] end instance=0xc36148a50620 connection=1 window=42 query=79 outcome=ok
[2026-07-31 08:17:38.749] [info] [physical_sirius_execution.cpp:329] Transparent GPU execution: query completed
[2026-07-31 08:17:38.751] [info] [sirius_context.cpp:225] QueryBegin: instance=0xc36148a50620 connection=1 query=80 SQL: SET gpu_execution = true;
[2026-07-31 08:17:38.751] [info] [sirius_context.cpp:225] QueryBegin: instance=0xc36148a50620 connection=1 query=81 SQL: select supp_nation, cust_nation, l_year, sum(volume) as revenue from ( select n1.n_name as supp_nation, n2.n_name as cust_nation, extract(year from l.l_shipdate) as l_year, l.l_extendedprice * (1 - l.l_discount) as volume from supplier s, lineitem l, orders o, customer c, nation n1, nation n2 where s.s_suppkey = l.l_suppkey and o.o_orderkey = l.l_orderkey and c.c_custkey = o.o_custkey and s.s_nationkey = n1.n_nationkey and c.c_nationkey = n2.n_nationkey and ( (n1.n_name = 'EGYPT' and n2.n_name = 'UNITED STATES') or (n1.n_name = 'UNITED STATES' and n2.n_name = 'EGYPT') ) and l.l_shipdate between date '1995-01-01' and date '1996-12-31' ) as shipping group by supp_nation, cust_nation, l_year order by supp_nation, cust_nation, l_year
[2026-07-31 08:17:38.765] [info] [sirius_plan_get.cpp:498] [sirius_plan_get] LogicalGet has dynamic_filters attached (channel key=0xc3615516d0d0).
[2026-07-31 08:17:38.765] [info] [sirius_plan_get.cpp:498] [sirius_plan_get] LogicalGet has dynamic_filters attached (channel key=0xc36155794b90).
[2026-07-31 08:17:38.765] [info] [sirius_plan_get.cpp:498] [sirius_plan_get] LogicalGet has dynamic_filters attached (channel key=0xc361553fc510).
[2026-07-31 08:17:38.765] [info] [sirius_plan_comparison_join.cpp:608] [sirius_plan_comparison_join] Wired hash join with 1 dynamic-filter probe target(s) (build est 25 rows).
[2026-07-31 08:17:38.765] [info] [sirius_plan_comparison_join.cpp:608] [sirius_plan_comparison_join] Wired hash join with 1 dynamic-filter probe target(s) (build est 10000000 rows).
[2026-07-31 08:17:38.765] [info] [sirius_plan_comparison_join.cpp:608] [sirius_plan_comparison_join] Wired hash join with 1 dynamic-filter probe target(s) (build est 5999330220 rows).
[2026-07-31 08:17:38.765] [info] [sirius_plan_get.cpp:498] [sirius_plan_get] LogicalGet has dynamic_filters attached (channel key=0xc36155842ac0).
[2026-07-31 08:17:38.765] [info] [sirius_plan_comparison_join.cpp:608] [sirius_plan_comparison_join] Wired hash join with 1 dynamic-filter probe target(s) (build est 25 rows).
[2026-07-31 08:17:38.765] [info] [sirius_plan_comparison_join.cpp:608] [sirius_plan_comparison_join] Wired hash join with 1 dynamic-filter probe target(s) (build est 149999850 rows).
[2026-07-31 08:17:38.766] [info] [sirius_context.cpp:1244] Transparent execution: Sirius physical plan generated successfully
[2026-07-31 08:17:38.766] [info] [sirius_context.cpp:1272] Transparent execution: physical plan replaced with GPU operator
[2026-07-31 08:17:38.766] [info] [physical_sirius_execution.cpp:155] Transparent GPU execution: executing query
[2026-07-31 08:17:38.766] [info] [sirius_context.cpp:416] [window] begin instance=0xc36148a50620 connection=1 window=43 query=81 outcome=-
[2026-07-31 08:17:38.766] [info] [sirius_context.cpp:152] [host_pool] HOST:0 QueryBegin instance=0xc36148a50620 connection=1 window=43 query=81 allocated=234679697408 bytes peak=301385908224 bytes free_blocks=999
[2026-07-31 08:17:38.766] [info] [sirius_context.cpp:167] [gpu_pool] GPU:0 QueryBegin instance=0xc36148a50620 connection=1 window=43 query=81 allocated=0 bytes peak=203848467648 bytes reserved=0 bytes
[2026-07-31 08:17:38.766] [info] [sirius_context.cpp:285] QueryBegin: transparent_execution
[2026-07-31 08:17:38.770] [info] [sirius_plan_get.cpp:498] [sirius_plan_get] LogicalGet has dynamic_filters attached (channel key=0xc3615516d0d0).
[2026-07-31 08:17:38.770] [info] [sirius_plan_get.cpp:498] [sirius_plan_get] LogicalGet has dynamic_filters attached (channel key=0xc36155794b90).
[2026-07-31 08:17:38.770] [info] [sirius_plan_get.cpp:498] [sirius_plan_get] LogicalGet has dynamic_filters attached (channel key=0xc361553fc510).
[2026-07-31 08:17:38.770] [info] [sirius_plan_comparison_join.cpp:608] [sirius_plan_comparison_join] Wired hash join with 1 dynamic-filter probe target(s) (build est 25 rows).
[2026-07-31 08:17:38.770] [info] [sirius_plan_comparison_join.cpp:608] [sirius_plan_comparison_join] Wired hash join with 1 dynamic-filter probe target(s) (build est 10000000 rows).
[2026-07-31 08:17:38.770] [info] [sirius_plan_comparison_join.cpp:608] [sirius_plan_comparison_join] Wired hash join with 1 dynamic-filter probe target(s) (build est 5999330220 rows).
[2026-07-31 08:17:38.770] [info] [sirius_plan_get.cpp:498] [sirius_plan_get] LogicalGet has dynamic_filters attached (channel key=0xc36155842ac0).
[2026-07-31 08:17:38.770] [info] [sirius_plan_comparison_join.cpp:608] [sirius_plan_comparison_join] Wired hash join with 1 dynamic-filter probe target(s) (build est 25 rows).
[2026-07-31 08:17:38.770] [info] [sirius_plan_comparison_join.cpp:608] [sirius_plan_comparison_join] Wired hash join with 1 dynamic-filter probe target(s) (build est 149999850 rows).
[2026-07-31 08:17:38.770] [info] [sirius_engine.cpp:265] Query Plan:
=== Pipeline Overview ===
Pipeline #0: GPU_SCAN (id=0) -> FILTER (id=1)
  Output: -> PARTITION [port: default, barrier: FULL]
Pipeline #1: PARTITION (id=2)
  Input: <- Pipeline #0 [on: PARTITION (id=2), port: default, barrier: FULL]
  Dependencies: Pipeline #0
  Output: -> CONCAT [port: default, barrier: PARTIAL]
Pipeline #2: CONCAT (id=3)
  Input: <- Pipeline #1 [on: CONCAT (id=3), port: default, barrier: PARTIAL]
  Dependencies: Pipeline #1
  Output: -> HASH_JOIN [port: build, barrier: PARTIAL]
Pipeline #3: GPU_SCAN (id=4) -> DYNAMIC_FILTER (id=5)
  Output: -> PARTITION [port: default, barrier: PARTIAL]
Pipeline #4: PARTITION (id=6)
  Input: <- Pipeline #3 [on: PARTITION (id=6), port: default, barrier: PARTIAL]
  Dependencies: Pipeline #3
  Output: -> CONCAT [port: default, barrier: PARTIAL]
Pipeline #5: CONCAT (id=7)
  Input: <- Pipeline #4 [on: CONCAT (id=7), port: default, barrier: PARTIAL]
  Dependencies: Pipeline #4
  Output: -> HASH_JOIN [port: default, barrier: PARTIAL]
Pipeline #6: HASH_JOIN (id=8)
  Input: <- Pipeline #2 [on: HASH_JOIN (id=8), port: build, barrier: PARTIAL]
  Input: <- Pipeline #5 [on: HASH_JOIN (id=8), port: default, barrier: PARTIAL]
  Dependencies: Pipeline #2, Pipeline #5
  Output: -> PARTITION [port: default, barrier: FULL]
Pipeline #7: PARTITION (id=9)
  Input: <- Pipeline #6 [on: PARTITION (id=9), port: default, barrier: FULL]
  Dependencies: Pipeline #6
  Output: -> CONCAT [port: default, barrier: PARTIAL]
Pipeline #8: CONCAT (id=10)
  Input: <- Pipeline #7 [on: CONCAT (id=10), port: default, barrier: PARTIAL]
  Dependencies: Pipeline #7
  Output: -> HASH_JOIN [port: build, barrier: PARTIAL]
Pipeline #9: GPU_SCAN (id=11) -> FILTER (id=12)
  Output: -> PARTITION [port: default, barrier: FULL]
Pipeline #10: PARTITION (id=13)
  Input: <- Pipeline #9 [on: PARTITION (id=13), port: default, barrier: FULL]
  Dependencies: Pipeline #9
  Output: -> CONCAT [port: default, barrier: PARTIAL]
Pipeline #11: CONCAT (id=14)
  Input: <- Pipeline #10 [on: CONCAT (id=14), port: default, barrier: PARTIAL]
  Dependencies: Pipeline #10
  Output: -> HASH_JOIN [port: build, barrier: PARTIAL]
Pipeline #12: GPU_SCAN (id=15) -> DYNAMIC_FILTER (id=16)
  Output: -> PARTITION [port: default, barrier: PARTIAL]
Pipeline #13: PARTITION (id=17)
  Input: <- Pipeline #12 [on: PARTITION (id=17), port: default, barrier: PARTIAL]
  Dependencies: Pipeline #12
  Output: -> CONCAT [port: default, barrier: PARTIAL]
Pipeline #14: CONCAT (id=18)
  Input: <- Pipeline #13 [on: CONCAT (id=18), port: default, barrier: PARTIAL]
  Dependencies: Pipeline #13
  Output: -> HASH_JOIN [port: default, barrier: PARTIAL]
Pipeline #15: HASH_JOIN (id=19)
  Input: <- Pipeline #11 [on: HASH_JOIN (id=19), port: build, barrier: PARTIAL]
  Input: <- Pipeline #14 [on: HASH_JOIN (id=19), port: default, barrier: PARTIAL]
  Dependencies: Pipeline #11, Pipeline #14
  Output: -> PARTITION [port: default, barrier: FULL]
Pipeline #16: PARTITION (id=20)
  Input: <- Pipeline #15 [on: PARTITION (id=20), port: default, barrier: FULL]
  Dependencies: Pipeline #15
  Output: -> CONCAT [port: default, barrier: PARTIAL]
Pipeline #17: CONCAT (id=21)
  Input: <- Pipeline #16 [on: CONCAT (id=21), port: default, barrier: PARTIAL]
  Dependencies: Pipeline #16
  Output: -> HASH_JOIN [port: build, barrier: PARTIAL]
Pipeline #18: GPU_SCAN (id=22) -> DYNAMIC_FILTER (id=23)
  Output: -> PARTITION [port: default, barrier: PARTIAL]
Pipeline #19: PARTITION (id=24)
  Input: <- Pipeline #18 [on: PARTITION (id=24), port: default, barrier: PARTIAL]
  Dependencies: Pipeline #18
  Output: -> CONCAT [port: default, barrier: PARTIAL]
Pipeline #20: CONCAT (id=25)
  Input: <- Pipeline #19 [on: CONCAT (id=25), port: default, barrier: PARTIAL]
  Dependencies: Pipeline #19
  Output: -> HASH_JOIN [port: default, barrier: PARTIAL]
Pipeline #21: HASH_JOIN (id=26)
  Input: <- Pipeline #17 [on: HASH_JOIN (id=26), port: build, barrier: PARTIAL]
  Input: <- Pipeline #20 [on: HASH_JOIN (id=26), port: default, barrier: PARTIAL]
  Dependencies: Pipeline #17, Pipeline #20
  Output: -> PARTITION [port: default, barrier: FULL]
Pipeline #22: PARTITION (id=27)
  Input: <- Pipeline #21 [on: PARTITION (id=27), port: default, barrier: FULL]
  Dependencies: Pipeline #21
  Output: -> CONCAT [port: default, barrier: PARTIAL]
Pipeline #23: CONCAT (id=28)
  Input: <- Pipeline #22 [on: CONCAT (id=28), port: default, barrier: PARTIAL]
  Dependencies: Pipeline #22
  Output: -> HASH_JOIN [port: build, barrier: PARTIAL]
Pipeline #24: GPU_SCAN (id=29) -> DYNAMIC_FILTER (id=30)
  Output: -> PARTITION [port: default, barrier: PARTIAL]
Pipeline #25: PARTITION (id=31)
  Input: <- Pipeline #24 [on: PARTITION (id=31), port: default, barrier: PARTIAL]
  Dependencies: Pipeline #24
  Output: -> CONCAT [port: default, barrier: PARTIAL]
Pipeline #26: CONCAT (id=32)
  Input: <- Pipeline #25 [on: CONCAT (id=32), port: default, barrier: PARTIAL]
  Dependencies: Pipeline #25
  Output: -> HASH_JOIN [port: default, barrier: PARTIAL]
Pipeline #27: HASH_JOIN (id=33)
  Input: <- Pipeline #23 [on: HASH_JOIN (id=33), port: build, barrier: PARTIAL]
  Input: <- Pipeline #26 [on: HASH_JOIN (id=33), port: default, barrier: PARTIAL]
  Dependencies: Pipeline #23, Pipeline #26
  Output: -> PARTITION [port: default, barrier: PARTIAL]
Pipeline #28: PARTITION (id=34)
  Input: <- Pipeline #27 [on: PARTITION (id=34), port: default, barrier: PARTIAL]
  Dependencies: Pipeline #27
  Output: -> CONCAT [port: default, barrier: PARTIAL]
Pipeline #29: CONCAT (id=35)
  Input: <- Pipeline #28 [on: CONCAT (id=35), port: default, barrier: PARTIAL]
  Dependencies: Pipeline #28
  Output: -> HASH_JOIN [port: default, barrier: PARTIAL]
Pipeline #30: HASH_JOIN (id=36) -> FILTER (id=37) -> PROJECTION (id=38) -> HASH_GROUP_BY (id=39)
  Input: <- Pipeline #8 [on: HASH_JOIN (id=36), port: build, barrier: PARTIAL]
  Input: <- Pipeline #29 [on: HASH_JOIN (id=36), port: default, barrier: PARTIAL]
  Dependencies: Pipeline #8, Pipeline #29
  Output: -> PARTITION [port: default, barrier: FULL]
Pipeline #31: PARTITION (id=40)
  Input: <- Pipeline #30 [on: PARTITION (id=40), port: default, barrier: FULL]
  Dependencies: Pipeline #30
  Output: -> MERGE_GROUP_BY [port: default, barrier: FULL]
Pipeline #32: MERGE_GROUP_BY (id=41) -> ORDER_BY (id=42)
  Input: <- Pipeline #31 [on: MERGE_GROUP_BY (id=41), port: default, barrier: FULL]
  Dependencies: Pipeline #31
  Output: -> SORT_SAMPLE [port: default, barrier: PIPELINE]
Pipeline #33: SORT_SAMPLE (id=43) -> SORT_PARTITION (id=44)
  Input: <- Pipeline #32 [on: SORT_SAMPLE (id=43), port: default, barrier: PIPELINE]
  Dependencies: Pipeline #32
  Output: -> MERGE_SORT [port: default, barrier: FULL]
Pipeline #34: MERGE_SORT (id=45)
  Input: <- Pipeline #33 [on: MERGE_SORT (id=45), port: default, barrier: FULL]
  Dependencies: Pipeline #33
  Output: -> RESULT_COLLECTOR [port: default, barrier: FULL]
Pipeline #35: RESULT_COLLECTOR (id=46)
  Input: <- Pipeline #34 [on: RESULT_COLLECTOR (id=46), port: default, barrier: FULL]
  Dependencies: Pipeline #34

=== Query Plan DAG ===
┌──────────────────────────┐                                                                                                                                            
│ Pipeline #35             │                                                                                                                                            
│ RESULT_COLLECTOR (id=46) │                                                                                                                                            
│ Input(#34): FULL         │                                                                                                                                            
└────────────┬─────────────┘                                                                                                                                            
             │                                                                                                                                                          
┌──────────────────────────┐                                                                                                                                            
│ Pipeline #34             │                                                                                                                                            
│ MERGE_SORT (id=45)       │                                                                                                                                            
│ Input(#33): FULL         │                                                                                                                                            
└────────────┬─────────────┘                                                                                                                                            
             │                                                                                                                                                          
┌──────────────────────────┐                                                                                                                                            
│ Pipeline #33             │                                                                                                                                            
│ SORT_PARTITION (id=44)   │                                                                                                                                            
│ SORT_SAMPLE (id=43)      │                                                                                                                                            
│ Input(#32): PIPELINE     │                                                                                                                                            
└────────────┬─────────────┘                                                                                                                                            
             │                                                                                                                                                          
┌──────────────────────────┐                                                                                                                                            
│ Pipeline #32             │                                                                                                                                            
│ ORDER_BY (id=42)         │                                                                                                                                            
│ MERGE_GROUP_BY (id=41)   │                                                                                                                                            
│ Input(#31): FULL         │                                                                                                                                            
└────────────┬─────────────┘                                                                                                                                            
             │                                                                                                                                                          
┌──────────────────────────┐                                                                                                                                            
│ Pipeline #31             │                                                                                                                                            
│ PARTITION (id=40)        │                                                                                                                                            
│ Input(#30): FULL         │                                                                                                                                            
└────────────┬─────────────┘                                                                                                                                            
             │                                                                                                                                                          
┌──────────────────────────┐                                                                                                                                            
│ Pipeline #30             │                                                                                                                                            
│ HASH_GROUP_BY (id=39)    │                                                                                                                                            
│ PROJECTION (id=38)       │                                                                                                                                            
│ FILTER (id=37)           │                                                                                                                                            
│ HASH_JOIN (id=36)        │                                                                                                                                            
│   type: INNER            │                                                                                                                                            
│ Input(#8): PARTIAL       │                                                                                                                                            
│ Input(#29): PARTIAL      │                                                                                                                                            
└────────────┬─────────────┘                                                                                                                                            
             ┌───────────────────────────────────────────────────────┐                                                                                                  
             │                                                       │                                                                                                  
┌──────────────────────────┐                            ┌──────────────────────────┐                                                                                    
│ Pipeline #8              │                            │ Pipeline #29             │                                                                                    
│ CONCAT (id=10)           │                            │ CONCAT (id=35)           │                                                                                    
│ Input(#7): PARTIAL       │                            │ Input(#28): PARTIAL      │                                                                                    
└────────────┬─────────────┘                            └────────────┬─────────────┘                                                                                    
             │                                                       │                                                                                                  
┌──────────────────────────┐                            ┌──────────────────────────┐                                                                                    
│ Pipeline #7              │                            │ Pipeline #28             │                                                                                    
│ PARTITION (id=9)         │                            │ PARTITION (id=34)        │                                                                                    
│ Input(#6): FULL          │                            │ Input(#27): PARTIAL      │                                                                                    
└────────────┬─────────────┘                            └────────────┬─────────────┘                                                                                    
             │                                                       │                                                                                                  
┌──────────────────────────┐                            ┌──────────────────────────┐                                                                                    
│ Pipeline #6              │                            │ Pipeline #27             │                                                                                    
│ HASH_JOIN (id=8)         │                            │ HASH_JOIN (id=33)        │                                                                                    
│   type: INNER            │                            │   type: INNER            │                                                                                    
│ Input(#2): PARTIAL       │                            │ Input(#23): PARTIAL      │                                                                                    
│ Input(#5): PARTIAL       │                            │ Input(#26): PARTIAL      │                                                                                    
└────────────┬─────────────┘                            └────────────┬─────────────┘                                                                                    
             ┌───────────────────────────┐                           ┌───────────────────────────────────────────────────────────────────────────────────┐              
             │                           │                           │                                                                                   │              
┌──────────────────────────┐┌──────────────────────────┐┌──────────────────────────┐                                                        ┌──────────────────────────┐
│ Pipeline #2              ││ Pipeline #5              ││ Pipeline #23             │                                                        │ Pipeline #26             │
│ CONCAT (id=3)            ││ CONCAT (id=7)            ││ CONCAT (id=28)           │                                                        │ CONCAT (id=32)           │
│ Input(#1): PARTIAL       ││ Input(#4): PARTIAL       ││ Input(#22): PARTIAL      │                                                        │ Input(#25): PARTIAL      │
└────────────┬─────────────┘└────────────┬─────────────┘└────────────┬─────────────┘                                                        └────────────┬─────────────┘
             │                           │                           │                                                                                   │              
┌──────────────────────────┐┌──────────────────────────┐┌──────────────────────────┐                                                        ┌──────────────────────────┐
│ Pipeline #1              ││ Pipeline #4              ││ Pipeline #22             │                                                        │ Pipeline #25             │
│ PARTITION (id=2)         ││ PARTITION (id=6)         ││ PARTITION (id=27)        │                                                        │ PARTITION (id=31)        │
│ Input(#0): FULL          ││ Input(#3): PARTIAL       ││ Input(#21): FULL         │                                                        │ Input(#24): PARTIAL      │
└────────────┬─────────────┘└────────────┬─────────────┘└────────────┬─────────────┘                                                        └────────────┬─────────────┘
             │                           │                           │                                                                                   │              
┌──────────────────────────┐┌──────────────────────────┐┌──────────────────────────┐                                                        ┌──────────────────────────┐
│ Pipeline #0              ││ Pipeline #3              ││ Pipeline #21             │                                                        │ Pipeline #24             │
│ FILTER (id=1)            ││ DYNAMIC_FILTER (id=5)    ││ HASH_JOIN (id=26)        │                                                        │ DYNAMIC_FILTER (id=30)   │
│ GPU_SCAN (id=0)          ││ GPU_SCAN (id=4)          ││   type: INNER            │                                                        │ GPU_SCAN (id=29)         │
│                          ││                          ││ Input(#17): PARTIAL      │                                                        │                          │
│                          ││                          ││ Input(#20): PARTIAL      │                                                        │                          │
└──────────────────────────┘└──────────────────────────┘└────────────┬─────────────┘                                                        └──────────────────────────┘
                                                                     ┌───────────────────────────────────────────────────────┐                                          
                                                                     │                                                       │                                          
                                                        ┌──────────────────────────┐                            ┌──────────────────────────┐                            
                                                        │ Pipeline #17             │                            │ Pipeline #20             │                            
                                                        │ CONCAT (id=21)           │                            │ CONCAT (id=25)           │                            
                                                        │ Input(#16): PARTIAL      │                            │ Input(#19): PARTIAL      │                            
                                                        └────────────┬─────────────┘                            └────────────┬─────────────┘                            
                                                                     │                                                       │                                          
                                                        ┌──────────────────────────┐                            ┌──────────────────────────┐                            
                                                        │ Pipeline #16             │                            │ Pipeline #19             │                            
                                                        │ PARTITION (id=20)        │                            │ PARTITION (id=24)        │                            
                                                        │ Input(#15): FULL         │                            │ Input(#18): PARTIAL      │                            
                                                        └────────────┬─────────────┘                            └────────────┬─────────────┘                            
                                                                     │                                                       │                                          
                                                        ┌──────────────────────────┐                            ┌──────────────────────────┐                            
                                                        │ Pipeline #15             │                            │ Pipeline #18             │                            
                                                        │ HASH_JOIN (id=19)        │                            │ DYNAMIC_FILTER (id=23)   │                            
                                                        │   type: INNER            │                            │ GPU_SCAN (id=22)         │                            
                                                        │ Input(#11): PARTIAL      │                            │                          │                            
                                                        │ Input(#14): PARTIAL      │                            │                          │                            
                                                        └────────────┬─────────────┘                            └──────────────────────────┘                            
                                                                     ┌───────────────────────────┐                                                                      
                                                                     │                           │                                                                      
                                                        ┌──────────────────────────┐┌──────────────────────────┐                                                        
                                                        │ Pipeline #11             ││ Pipeline #14             │                                                        
                                                        │ CONCAT (id=14)           ││ CONCAT (id=18)           │                                                        
                                                        │ Input(#10): PARTIAL      ││ Input(#13): PARTIAL      │                                                        
                                                        └────────────┬─────────────┘└────────────┬─────────────┘                                                        
                                                                     │                           │                                                                      
                                                        ┌──────────────────────────┐┌──────────────────────────┐                                                        
                                                        │ Pipeline #10             ││ Pipeline #13             │                                                        
                                                        │ PARTITION (id=13)        ││ PARTITION (id=17)        │                                                        
                                                        │ Input(#9): FULL          ││ Input(#12): PARTIAL      │                                                        
                                                        └────────────┬─────────────┘└────────────┬─────────────┘                                                        
                                                                     │                           │                                                                      
                                                        ┌──────────────────────────┐┌──────────────────────────┐                                                        
                                                        │ Pipeline #9              ││ Pipeline #12             │                                                        
                                                        │ FILTER (id=12)           ││ DYNAMIC_FILTER (id=16)   │                                                        
                                                        │ GPU_SCAN (id=11)         ││ GPU_SCAN (id=15)         │                                                        
                                                        └──────────────────────────┘└──────────────────────────┘                                                        

[2026-07-31 08:17:38.770] [info] [sirius_engine.cpp:148] query 43 telemetry_query=019fb74017d27ec1bf42b8fb9126ac22
[2026-07-31 08:17:38.771] [info] [sirius_scan_manager.cpp:1494] [sirius_scan_manager] assigned pinned entry 'nation' to operator '0'
[2026-07-31 08:17:38.771] [info] [sirius_scan_manager.cpp:1494] [sirius_scan_manager] assigned pinned entry 'customer' to operator '4'
[2026-07-31 08:17:38.771] [info] [sirius_scan_manager.cpp:1494] [sirius_scan_manager] assigned pinned entry 'nation' to operator '11'
[2026-07-31 08:17:38.771] [info] [sirius_scan_manager.cpp:1494] [sirius_scan_manager] assigned pinned entry 'supplier' to operator '15'
[2026-07-31 08:17:38.771] [info] [sirius_scan_manager.cpp:1494] [sirius_scan_manager] assigned pinned entry 'lineitem' to operator '22'
[2026-07-31 08:17:38.771] [info] [sirius_scan_manager.cpp:1494] [sirius_scan_manager] assigned pinned entry 'orders' to operator '29'
[2026-07-31 08:17:38.771] [info] [memory_prefetcher.cpp:52] [memory_prefetcher] started: 3 threads, 6 connectors, min_free_fraction=0.40
[2026-07-31 08:17:38.772] [info] [dynamic_filter_publisher.cpp:338] [sirius_physical_hash_join] Pushed 1 dynamic filter(s) across 1 active target(s) of 1 wired target(s) (2 build rows, 1 keys).
[2026-07-31 08:17:38.776] [warning] [sirius_physical_partition.cpp:304] slot_for_device: device_id 0 not found in active GPU list, falling back to slot 0
[2026-07-31 08:17:38.779] [info] [dynamic_filter_publisher.cpp:338] [sirius_physical_hash_join] Pushed 1 dynamic filter(s) across 1 active target(s) of 1 wired target(s) (12000338 build rows, 1 keys).
[2026-07-31 08:17:38.780] [info] [dynamic_filter_publisher.cpp:338] [sirius_physical_hash_join] Pushed 1 dynamic filter(s) across 1 active target(s) of 1 wired target(s) (2 build rows, 1 keys).
[2026-07-31 08:17:38.780] [warning] [sirius_physical_partition.cpp:304] slot_for_device: device_id 0 not found in active GPU list, falling back to slot 0
[2026-07-31 08:17:38.781] [info] [dynamic_filter_publisher.cpp:338] [sirius_physical_hash_join] Pushed 1 dynamic filter(s) across 1 active target(s) of 1 wired target(s) (800280 build rows, 1 keys).
[2026-07-31 08:17:38.817] [warning] [sirius_physical_partition.cpp:304] slot_for_device: device_id 0 not found in active GPU list, falling back to slot 0
[2026-07-31 08:17:38.817] [warning] [sirius_physical_partition.cpp:304] slot_for_device: device_id 0 not found in active GPU list, falling back to slot 0
[2026-07-31 08:17:39.263] [warning] [sirius_physical_partition.cpp:304] slot_for_device: device_id 0 not found in active GPU list, falling back to slot 0
[2026-07-31 08:17:39.263] [warning] [sirius_physical_partition.cpp:304] slot_for_device: device_id 0 not found in active GPU list, falling back to slot 0
[2026-07-31 08:17:39.263] [warning] [sirius_physical_partition.cpp:304] slot_for_device: device_id 0 not found in active GPU list, falling back to slot 0
[2026-07-31 08:17:39.263] [warning] [sirius_physical_partition.cpp:304] slot_for_device: device_id 0 not found in active GPU list, falling back to slot 0
[2026-07-31 08:17:39.263] [warning] [sirius_physical_partition.cpp:304] slot_for_device: device_id 0 not found in active GPU list, falling back to slot 0
[2026-07-31 08:17:39.263] [warning] [sirius_physical_partition.cpp:304] slot_for_device: device_id 0 not found in active GPU list, falling back to slot 0
[2026-07-31 08:17:39.263] [warning] [sirius_physical_partition.cpp:304] slot_for_device: device_id 0 not found in active GPU list, falling back to slot 0
[2026-07-31 08:17:39.263] [warning] [sirius_physical_partition.cpp:304] slot_for_device: device_id 0 not found in active GPU list, falling back to slot 0
[2026-07-31 08:17:39.263] [warning] [sirius_physical_partition.cpp:304] slot_for_device: device_id 0 not found in active GPU list, falling back to slot 0
[2026-07-31 08:17:39.263] [warning] [sirius_physical_partition.cpp:304] slot_for_device: device_id 0 not found in active GPU list, falling back to slot 0
[2026-07-31 08:17:39.263] [warning] [sirius_physical_partition.cpp:304] slot_for_device: device_id 0 not found in active GPU list, falling back to slot 0
[2026-07-31 08:17:39.263] [warning] [sirius_physical_partition.cpp:304] slot_for_device: device_id 0 not found in active GPU list, falling back to slot 0
[2026-07-31 08:17:39.263] [warning] [sirius_physical_partition.cpp:304] slot_for_device: device_id 0 not found in active GPU list, falling back to slot 0
[2026-07-31 08:17:39.263] [warning] [sirius_physical_partition.cpp:304] slot_for_device: device_id 0 not found in active GPU list, falling back to slot 0
[2026-07-31 08:17:39.263] [warning] [sirius_physical_partition.cpp:304] slot_for_device: device_id 0 not found in active GPU list, falling back to slot 0
[2026-07-31 08:17:39.263] [warning] [sirius_physical_partition.cpp:304] slot_for_device: device_id 0 not found in active GPU list, falling back to slot 0
[2026-07-31 08:17:39.264] [warning] [sirius_physical_partition.cpp:304] slot_for_device: device_id 0 not found in active GPU list, falling back to slot 0
[2026-07-31 08:17:39.264] [warning] [sirius_physical_partition.cpp:304] slot_for_device: device_id 0 not found in active GPU list, falling back to slot 0
[2026-07-31 08:17:39.264] [warning] [sirius_physical_partition.cpp:304] slot_for_device: device_id 0 not found in active GPU list, falling back to slot 0
[2026-07-31 08:17:39.264] [warning] [sirius_physical_partition.cpp:304] slot_for_device: device_id 0 not found in active GPU list, falling back to slot 0
[2026-07-31 08:17:39.264] [warning] [sirius_physical_partition.cpp:304] slot_for_device: device_id 0 not found in active GPU list, falling back to slot 0
[2026-07-31 08:17:39.264] [warning] [sirius_physical_partition.cpp:304] slot_for_device: device_id 0 not found in active GPU list, falling back to slot 0
[2026-07-31 08:17:39.264] [warning] [sirius_physical_partition.cpp:304] slot_for_device: device_id 0 not found in active GPU list, falling back to slot 0
[2026-07-31 08:17:39.264] [warning] [sirius_physical_partition.cpp:304] slot_for_device: device_id 0 not found in active GPU list, falling back to slot 0
[2026-07-31 08:17:39.264] [warning] [sirius_physical_partition.cpp:304] slot_for_device: device_id 0 not found in active GPU list, falling back to slot 0
[2026-07-31 08:17:39.264] [warning] [sirius_physical_partition.cpp:304] slot_for_device: device_id 0 not found in active GPU list, falling back to slot 0
[2026-07-31 08:17:39.264] [warning] [sirius_physical_partition.cpp:304] slot_for_device: device_id 0 not found in active GPU list, falling back to slot 0
[2026-07-31 08:17:39.264] [warning] [sirius_physical_partition.cpp:304] slot_for_device: device_id 0 not found in active GPU list, falling back to slot 0
[2026-07-31 08:17:39.264] [warning] [sirius_physical_partition.cpp:304] slot_for_device: device_id 0 not found in active GPU list, falling back to slot 0
[2026-07-31 08:17:39.264] [warning] [sirius_physical_partition.cpp:304] slot_for_device: device_id 0 not found in active GPU list, falling back to slot 0
[2026-07-31 08:17:39.264] [warning] [sirius_physical_partition.cpp:304] slot_for_device: device_id 0 not found in active GPU list, falling back to slot 0
[2026-07-31 08:17:39.264] [warning] [sirius_physical_partition.cpp:304] slot_for_device: device_id 0 not found in active GPU list, falling back to slot 0
[2026-07-31 08:17:39.277] [warning] [sirius_physical_partition.cpp:304] slot_for_device: device_id 0 not found in active GPU list, falling back to slot 0
[2026-07-31 08:17:39.290] [warning] [sirius_physical_partition.cpp:304] slot_for_device: device_id 0 not found in active GPU list, falling back to slot 0
[2026-07-31 08:17:39.303] [warning] [sirius_physical_partition.cpp:304] slot_for_device: device_id 0 not found in active GPU list, falling back to slot 0
[2026-07-31 08:17:39.315] [warning] [sirius_physical_partition.cpp:304] slot_for_device: device_id 0 not found in active GPU list, falling back to slot 0
[2026-07-31 08:17:39.328] [warning] [sirius_physical_partition.cpp:304] slot_for_device: device_id 0 not found in active GPU list, falling back to slot 0
[2026-07-31 08:17:39.340] [warning] [sirius_physical_partition.cpp:304] slot_for_device: device_id 0 not found in active GPU list, falling back to slot 0
[2026-07-31 08:17:39.461] [warning] [sirius_physical_partition.cpp:304] slot_for_device: device_id 0 not found in active GPU list, falling back to slot 0
[2026-07-31 08:17:39.461] [warning] [sirius_physical_partition.cpp:304] slot_for_device: device_id 0 not found in active GPU list, falling back to slot 0
[2026-07-31 08:17:39.493] [info] [gpu_pipeline_executor.cpp:129] GPU Pipeline Executor: task queue interrupted, stopping manager loop
[2026-07-31 08:17:39.493] [info] [sirius_context.cpp:300] QueryEnd
[2026-07-31 08:17:39.503] [info] [memory_prefetcher.cpp:65] [memory_prefetcher] stopping: prefetched 11 batches / 34687942714 bytes (stops: headroom=0 reservation=0, skips: lock=0 draining=38)
[2026-07-31 08:17:39.503] [info] [sirius_context.cpp:152] [host_pool] HOST:0 QueryEnd instance=0xc36148a50620 connection=1 window=43 query=81 allocated=234679697408 bytes peak=301385908224 bytes free_blocks=999
[2026-07-31 08:17:39.503] [info] [sirius_context.cpp:167] [gpu_pool] GPU:0 QueryEnd instance=0xc36148a50620 connection=1 window=43 query=81 allocated=0 bytes peak=203848467648 bytes reserved=0 bytes
[2026-07-31 08:17:39.503] [info] [sirius_context.cpp:416] [window] end instance=0xc36148a50620 connection=1 window=43 query=81 outcome=ok
[2026-07-31 08:17:39.503] [info] [physical_sirius_execution.cpp:329] Transparent GPU execution: query completed
[2026-07-31 08:17:39.521] [info] [sirius_context.cpp:225] QueryBegin: instance=0xc36148a50620 connection=1 query=82 SQL: SET gpu_execution = true;
[2026-07-31 08:17:39.522] [info] [sirius_context.cpp:225] QueryBegin: instance=0xc36148a50620 connection=1 query=83 SQL: select supp_nation, cust_nation, l_year, sum(volume) as revenue from ( select n1.n_name as supp_nation, n2.n_name as cust_nation, extract(year from l.l_shipdate) as l_year, l.l_extendedprice * (1 - l.l_discount) as volume from supplier s, lineitem l, orders o, customer c, nation n1, nation n2 where s.s_suppkey = l.l_suppkey and o.o_orderkey = l.l_orderkey and c.c_custkey = o.o_custkey and s.s_nationkey = n1.n_nationkey and c.c_nationkey = n2.n_nationkey and ( (n1.n_name = 'EGYPT' and n2.n_name = 'UNITED STATES') or (n1.n_name = 'UNITED STATES' and n2.n_name = 'EGYPT') ) and l.l_shipdate between date '1995-01-01' and date '1996-12-31' ) as shipping group by supp_nation, cust_nation, l_year order by supp_nation, cust_nation, l_year
[2026-07-31 08:17:39.536] [info] [sirius_plan_get.cpp:498] [sirius_plan_get] LogicalGet has dynamic_filters attached (channel key=0xc3615502bf90).
[2026-07-31 08:17:39.536] [info] [sirius_plan_get.cpp:498] [sirius_plan_get] LogicalGet has dynamic_filters attached (channel key=0xc3615506b660).
[2026-07-31 08:17:39.536] [info] [sirius_plan_get.cpp:498] [sirius_plan_get] LogicalGet has dynamic_filters attached (channel key=0xc36150a94360).
[2026-07-31 08:17:39.536] [info] [sirius_plan_comparison_join.cpp:608] [sirius_plan_comparison_join] Wired hash join with 1 dynamic-filter probe target(s) (build est 25 rows).
[2026-07-31 08:17:39.536] [info] [sirius_plan_comparison_join.cpp:608] [sirius_plan_comparison_join] Wired hash join with 1 dynamic-filter probe target(s) (build est 10000000 rows).
[2026-07-31 08:17:39.536] [info] [sirius_plan_comparison_join.cpp:608] [sirius_plan_comparison_join] Wired hash join with 1 dynamic-filter probe target(s) (build est 5999330220 rows).
[2026-07-31 08:17:39.536] [info] [sirius_plan_get.cpp:498] [sirius_plan_get] LogicalGet has dynamic_filters attached (channel key=0xc36155853d20).
[2026-07-31 08:17:39.536] [info] [sirius_plan_comparison_join.cpp:608] [sirius_plan_comparison_join] Wired hash join with 1 dynamic-filter probe target(s) (build est 25 rows).
[2026-07-31 08:17:39.536] [info] [sirius_plan_comparison_join.cpp:608] [sirius_plan_comparison_join] Wired hash join with 1 dynamic-filter probe target(s) (build est 149999850 rows).
[2026-07-31 08:17:39.536] [info] [sirius_context.cpp:1244] Transparent execution: Sirius physical plan generated successfully
[2026-07-31 08:17:39.536] [info] [sirius_context.cpp:1272] Transparent execution: physical plan replaced with GPU operator
[2026-07-31 08:17:39.536] [info] [physical_sirius_execution.cpp:155] Transparent GPU execution: executing query
[2026-07-31 08:17:39.536] [info] [sirius_context.cpp:416] [window] begin instance=0xc36148a50620 connection=1 window=44 query=83 outcome=-
[2026-07-31 08:17:39.536] [info] [sirius_context.cpp:152] [host_pool] HOST:0 QueryBegin instance=0xc36148a50620 connection=1 window=44 query=83 allocated=234679697408 bytes peak=301385908224 bytes free_blocks=999
[2026-07-31 08:17:39.536] [info] [sirius_context.cpp:167] [gpu_pool] GPU:0 QueryBegin instance=0xc36148a50620 connection=1 window=44 query=83 allocated=0 bytes peak=203848467648 bytes reserved=0 bytes
[2026-07-31 08:17:39.536] [info] [sirius_context.cpp:285] QueryBegin: transparent_execution
[2026-07-31 08:17:39.540] [info] [sirius_plan_get.cpp:498] [sirius_plan_get] LogicalGet has dynamic_filters attached (channel key=0xc3615502bf90).
[2026-07-31 08:17:39.540] [info] [sirius_plan_get.cpp:498] [sirius_plan_get] LogicalGet has dynamic_filters attached (channel key=0xc3615506b660).
[2026-07-31 08:17:39.540] [info] [sirius_plan_get.cpp:498] [sirius_plan_get] LogicalGet has dynamic_filters attached (channel key=0xc36150a94360).
[2026-07-31 08:17:39.540] [info] [sirius_plan_comparison_join.cpp:608] [sirius_plan_comparison_join] Wired hash join with 1 dynamic-filter probe target(s) (build est 25 rows).
[2026-07-31 08:17:39.540] [info] [sirius_plan_comparison_join.cpp:608] [sirius_plan_comparison_join] Wired hash join with 1 dynamic-filter probe target(s) (build est 10000000 rows).
[2026-07-31 08:17:39.540] [info] [sirius_plan_comparison_join.cpp:608] [sirius_plan_comparison_join] Wired hash join with 1 dynamic-filter probe target(s) (build est 5999330220 rows).
[2026-07-31 08:17:39.540] [info] [sirius_plan_get.cpp:498] [sirius_plan_get] LogicalGet has dynamic_filters attached (channel key=0xc36155853d20).
[2026-07-31 08:17:39.540] [info] [sirius_plan_comparison_join.cpp:608] [sirius_plan_comparison_join] Wired hash join with 1 dynamic-filter probe target(s) (build est 25 rows).
[2026-07-31 08:17:39.540] [info] [sirius_plan_comparison_join.cpp:608] [sirius_plan_comparison_join] Wired hash join with 1 dynamic-filter probe target(s) (build est 149999850 rows).
[2026-07-31 08:17:39.541] [info] [sirius_engine.cpp:265] Query Plan:
=== Pipeline Overview ===
Pipeline #0: GPU_SCAN (id=0) -> FILTER (id=1)
  Output: -> PARTITION [port: default, barrier: FULL]
Pipeline #1: PARTITION (id=2)
  Input: <- Pipeline #0 [on: PARTITION (id=2), port: default, barrier: FULL]
  Dependencies: Pipeline #0
  Output: -> CONCAT [port: default, barrier: PARTIAL]
Pipeline #2: CONCAT (id=3)
  Input: <- Pipeline #1 [on: CONCAT (id=3), port: default, barrier: PARTIAL]
  Dependencies: Pipeline #1
  Output: -> HASH_JOIN [port: build, barrier: PARTIAL]
Pipeline #3: GPU_SCAN (id=4) -> DYNAMIC_FILTER (id=5)
  Output: -> PARTITION [port: default, barrier: PARTIAL]
Pipeline #4: PARTITION (id=6)
  Input: <- Pipeline #3 [on: PARTITION (id=6), port: default, barrier: PARTIAL]
  Dependencies: Pipeline #3
  Output: -> CONCAT [port: default, barrier: PARTIAL]
Pipeline #5: CONCAT (id=7)
  Input: <- Pipeline #4 [on: CONCAT (id=7), port: default, barrier: PARTIAL]
  Dependencies: Pipeline #4
  Output: -> HASH_JOIN [port: default, barrier: PARTIAL]
Pipeline #6: HASH_JOIN (id=8)
  Input: <- Pipeline #2 [on: HASH_JOIN (id=8), port: build, barrier: PARTIAL]
  Input: <- Pipeline #5 [on: HASH_JOIN (id=8), port: default, barrier: PARTIAL]
  Dependencies: Pipeline #2, Pipeline #5
  Output: -> PARTITION [port: default, barrier: FULL]
Pipeline #7: PARTITION (id=9)
  Input: <- Pipeline #6 [on: PARTITION (id=9), port: default, barrier: FULL]
  Dependencies: Pipeline #6
  Output: -> CONCAT [port: default, barrier: PARTIAL]
Pipeline #8: CONCAT (id=10)
  Input: <- Pipeline #7 [on: CONCAT (id=10), port: default, barrier: PARTIAL]
  Dependencies: Pipeline #7
  Output: -> HASH_JOIN [port: build, barrier: PARTIAL]
Pipeline #9: GPU_SCAN (id=11) -> FILTER (id=12)
  Output: -> PARTITION [port: default, barrier: FULL]
Pipeline #10: PARTITION (id=13)
  Input: <- Pipeline #9 [on: PARTITION (id=13), port: default, barrier: FULL]
  Dependencies: Pipeline #9
  Output: -> CONCAT [port: default, barrier: PARTIAL]
Pipeline #11: CONCAT (id=14)
  Input: <- Pipeline #10 [on: CONCAT (id=14), port: default, barrier: PARTIAL]
  Dependencies: Pipeline #10
  Output: -> HASH_JOIN [port: build, barrier: PARTIAL]
Pipeline #12: GPU_SCAN (id=15) -> DYNAMIC_FILTER (id=16)
  Output: -> PARTITION [port: default, barrier: PARTIAL]
Pipeline #13: PARTITION (id=17)
  Input: <- Pipeline #12 [on: PARTITION (id=17), port: default, barrier: PARTIAL]
  Dependencies: Pipeline #12
  Output: -> CONCAT [port: default, barrier: PARTIAL]
Pipeline #14: CONCAT (id=18)
  Input: <- Pipeline #13 [on: CONCAT (id=18), port: default, barrier: PARTIAL]
  Dependencies: Pipeline #13
  Output: -> HASH_JOIN [port: default, barrier: PARTIAL]
Pipeline #15: HASH_JOIN (id=19)
  Input: <- Pipeline #11 [on: HASH_JOIN (id=19), port: build, barrier: PARTIAL]
  Input: <- Pipeline #14 [on: HASH_JOIN (id=19), port: default, barrier: PARTIAL]
  Dependencies: Pipeline #11, Pipeline #14
  Output: -> PARTITION [port: default, barrier: FULL]
Pipeline #16: PARTITION (id=20)
  Input: <- Pipeline #15 [on: PARTITION (id=20), port: default, barrier: FULL]
  Dependencies: Pipeline #15
  Output: -> CONCAT [port: default, barrier: PARTIAL]
Pipeline #17: CONCAT (id=21)
  Input: <- Pipeline #16 [on: CONCAT (id=21), port: default, barrier: PARTIAL]
  Dependencies: Pipeline #16
  Output: -> HASH_JOIN [port: build, barrier: PARTIAL]
Pipeline #18: GPU_SCAN (id=22) -> DYNAMIC_FILTER (id=23)
  Output: -> PARTITION [port: default, barrier: PARTIAL]
Pipeline #19: PARTITION (id=24)
  Input: <- Pipeline #18 [on: PARTITION (id=24), port: default, barrier: PARTIAL]
  Dependencies: Pipeline #18
  Output: -> CONCAT [port: default, barrier: PARTIAL]
Pipeline #20: CONCAT (id=25)
  Input: <- Pipeline #19 [on: CONCAT (id=25), port: default, barrier: PARTIAL]
  Dependencies: Pipeline #19
  Output: -> HASH_JOIN [port: default, barrier: PARTIAL]
Pipeline #21: HASH_JOIN (id=26)
  Input: <- Pipeline #17 [on: HASH_JOIN (id=26), port: build, barrier: PARTIAL]
  Input: <- Pipeline #20 [on: HASH_JOIN (id=26), port: default, barrier: PARTIAL]
  Dependencies: Pipeline #17, Pipeline #20
  Output: -> PARTITION [port: default, barrier: FULL]
Pipeline #22: PARTITION (id=27)
  Input: <- Pipeline #21 [on: PARTITION (id=27), port: default, barrier: FULL]
  Dependencies: Pipeline #21
  Output: -> CONCAT [port: default, barrier: PARTIAL]
Pipeline #23: CONCAT (id=28)
  Input: <- Pipeline #22 [on: CONCAT (id=28), port: default, barrier: PARTIAL]
  Dependencies: Pipeline #22
  Output: -> HASH_JOIN [port: build, barrier: PARTIAL]
Pipeline #24: GPU_SCAN (id=29) -> DYNAMIC_FILTER (id=30)
  Output: -> PARTITION [port: default, barrier: PARTIAL]
Pipeline #25: PARTITION (id=31)
  Input: <- Pipeline #24 [on: PARTITION (id=31), port: default, barrier: PARTIAL]
  Dependencies: Pipeline #24
  Output: -> CONCAT [port: default, barrier: PARTIAL]
Pipeline #26: CONCAT (id=32)
  Input: <- Pipeline #25 [on: CONCAT (id=32), port: default, barrier: PARTIAL]
  Dependencies: Pipeline #25
  Output: -> HASH_JOIN [port: default, barrier: PARTIAL]
Pipeline #27: HASH_JOIN (id=33)
  Input: <- Pipeline #23 [on: HASH_JOIN (id=33), port: build, barrier: PARTIAL]
  Input: <- Pipeline #26 [on: HASH_JOIN (id=33), port: default, barrier: PARTIAL]
  Dependencies: Pipeline #23, Pipeline #26
  Output: -> PARTITION [port: default, barrier: PARTIAL]
Pipeline #28: PARTITION (id=34)
  Input: <- Pipeline #27 [on: PARTITION (id=34), port: default, barrier: PARTIAL]
  Dependencies: Pipeline #27
  Output: -> CONCAT [port: default, barrier: PARTIAL]
Pipeline #29: CONCAT (id=35)
  Input: <- Pipeline #28 [on: CONCAT (id=35), port: default, barrier: PARTIAL]
  Dependencies: Pipeline #28
  Output: -> HASH_JOIN [port: default, barrier: PARTIAL]
Pipeline #30: HASH_JOIN (id=36) -> FILTER (id=37) -> PROJECTION (id=38) -> HASH_GROUP_BY (id=39)
  Input: <- Pipeline #8 [on: HASH_JOIN (id=36), port: build, barrier: PARTIAL]
  Input: <- Pipeline #29 [on: HASH_JOIN (id=36), port: default, barrier: PARTIAL]
  Dependencies: Pipeline #8, Pipeline #29
  Output: -> PARTITION [port: default, barrier: FULL]
Pipeline #31: PARTITION (id=40)
  Input: <- Pipeline #30 [on: PARTITION (id=40), port: default, barrier: FULL]
  Dependencies: Pipeline #30
  Output: -> MERGE_GROUP_BY [port: default, barrier: FULL]
Pipeline #32: MERGE_GROUP_BY (id=41) -> ORDER_BY (id=42)
  Input: <- Pipeline #31 [on: MERGE_GROUP_BY (id=41), port: default, barrier: FULL]
  Dependencies: Pipeline #31
  Output: -> SORT_SAMPLE [port: default, barrier: PIPELINE]
Pipeline #33: SORT_SAMPLE (id=43) -> SORT_PARTITION (id=44)
  Input: <- Pipeline #32 [on: SORT_SAMPLE (id=43), port: default, barrier: PIPELINE]
  Dependencies: Pipeline #32
  Output: -> MERGE_SORT [port: default, barrier: FULL]
Pipeline #34: MERGE_SORT (id=45)
  Input: <- Pipeline #33 [on: MERGE_SORT (id=45), port: default, barrier: FULL]
  Dependencies: Pipeline #33
  Output: -> RESULT_COLLECTOR [port: default, barrier: FULL]
Pipeline #35: RESULT_COLLECTOR (id=46)
  Input: <- Pipeline #34 [on: RESULT_COLLECTOR (id=46), port: default, barrier: FULL]
  Dependencies: Pipeline #34

=== Query Plan DAG ===
┌──────────────────────────┐                                                                                                                                            
│ Pipeline #35             │                                                                                                                                            
│ RESULT_COLLECTOR (id=46) │                                                                                                                                            
│ Input(#34): FULL         │                                                                                                                                            
└────────────┬─────────────┘                                                                                                                                            
             │                                                                                                                                                          
┌──────────────────────────┐                                                                                                                                            
│ Pipeline #34             │                                                                                                                                            
│ MERGE_SORT (id=45)       │                                                                                                                                            
│ Input(#33): FULL         │                                                                                                                                            
└────────────┬─────────────┘                                                                                                                                            
             │                                                                                                                                                          
┌──────────────────────────┐                                                                                                                                            
│ Pipeline #33             │                                                                                                                                            
│ SORT_PARTITION (id=44)   │                                                                                                                                            
│ SORT_SAMPLE (id=43)      │                                                                                                                                            
│ Input(#32): PIPELINE     │                                                                                                                                            
└────────────┬─────────────┘                                                                                                                                            
             │                                                                                                                                                          
┌──────────────────────────┐                                                                                                                                            
│ Pipeline #32             │                                                                                                                                            
│ ORDER_BY (id=42)         │                                                                                                                                            
│ MERGE_GROUP_BY (id=41)   │                                                                                                                                            
│ Input(#31): FULL         │                                                                                                                                            
└────────────┬─────────────┘                                                                                                                                            
             │                                                                                                                                                          
┌──────────────────────────┐                                                                                                                                            
│ Pipeline #31             │                                                                                                                                            
│ PARTITION (id=40)        │                                                                                                                                            
│ Input(#30): FULL         │                                                                                                                                            
└────────────┬─────────────┘                                                                                                                                            
             │                                                                                                                                                          
┌──────────────────────────┐                                                                                                                                            
│ Pipeline #30             │                                                                                                                                            
│ HASH_GROUP_BY (id=39)    │                                                                                                                                            
│ PROJECTION (id=38)       │                                                                                                                                            
│ FILTER (id=37)           │                                                                                                                                            
│ HASH_JOIN (id=36)        │                                                                                                                                            
│   type: INNER            │                                                                                                                                            
│ Input(#8): PARTIAL       │                                                                                                                                            
│ Input(#29): PARTIAL      │                                                                                                                                            
└────────────┬─────────────┘                                                                                                                                            
             ┌───────────────────────────────────────────────────────┐                                                                                                  
             │                                                       │                                                                                                  
┌──────────────────────────┐                            ┌──────────────────────────┐                                                                                    
│ Pipeline #8              │                            │ Pipeline #29             │                                                                                    
│ CONCAT (id=10)           │                            │ CONCAT (id=35)           │                                                                                    
│ Input(#7): PARTIAL       │                            │ Input(#28): PARTIAL      │                                                                                    
└────────────┬─────────────┘                            └────────────┬─────────────┘                                                                                    
             │                                                       │                                                                                                  
┌──────────────────────────┐                            ┌──────────────────────────┐                                                                                    
│ Pipeline #7              │                            │ Pipeline #28             │                                                                                    
│ PARTITION (id=9)         │                            │ PARTITION (id=34)        │                                                                                    
│ Input(#6): FULL          │                            │ Input(#27): PARTIAL      │                                                                                    
└────────────┬─────────────┘                            └────────────┬─────────────┘                                                                                    
             │                                                       │                                                                                                  
┌──────────────────────────┐                            ┌──────────────────────────┐                                                                                    
│ Pipeline #6              │                            │ Pipeline #27             │                                                                                    
│ HASH_JOIN (id=8)         │                            │ HASH_JOIN (id=33)        │                                                                                    
│   type: INNER            │                            │   type: INNER            │                                                                                    
│ Input(#2): PARTIAL       │                            │ Input(#23): PARTIAL      │                                                                                    
│ Input(#5): PARTIAL       │                            │ Input(#26): PARTIAL      │                                                                                    
└────────────┬─────────────┘                            └────────────┬─────────────┘                                                                                    
             ┌───────────────────────────┐                           ┌───────────────────────────────────────────────────────────────────────────────────┐              
             │                           │                           │                                                                                   │              
┌──────────────────────────┐┌──────────────────────────┐┌──────────────────────────┐                                                        ┌──────────────────────────┐
│ Pipeline #2              ││ Pipeline #5              ││ Pipeline #23             │                                                        │ Pipeline #26             │
│ CONCAT (id=3)            ││ CONCAT (id=7)            ││ CONCAT (id=28)           │                                                        │ CONCAT (id=32)           │
│ Input(#1): PARTIAL       ││ Input(#4): PARTIAL       ││ Input(#22): PARTIAL      │                                                        │ Input(#25): PARTIAL      │
└────────────┬─────────────┘└────────────┬─────────────┘└────────────┬─────────────┘                                                        └────────────┬─────────────┘
             │                           │                           │                                                                                   │              
┌──────────────────────────┐┌──────────────────────────┐┌──────────────────────────┐                                                        ┌──────────────────────────┐
│ Pipeline #1              ││ Pipeline #4              ││ Pipeline #22             │                                                        │ Pipeline #25             │
│ PARTITION (id=2)         ││ PARTITION (id=6)         ││ PARTITION (id=27)        │                                                        │ PARTITION (id=31)        │
│ Input(#0): FULL          ││ Input(#3): PARTIAL       ││ Input(#21): FULL         │                                                        │ Input(#24): PARTIAL      │
└────────────┬─────────────┘└────────────┬─────────────┘└────────────┬─────────────┘                                                        └────────────┬─────────────┘
             │                           │                           │                                                                                   │              
┌──────────────────────────┐┌──────────────────────────┐┌──────────────────────────┐                                                        ┌──────────────────────────┐
│ Pipeline #0              ││ Pipeline #3              ││ Pipeline #21             │                                                        │ Pipeline #24             │
│ FILTER (id=1)            ││ DYNAMIC_FILTER (id=5)    ││ HASH_JOIN (id=26)        │                                                        │ DYNAMIC_FILTER (id=30)   │
│ GPU_SCAN (id=0)          ││ GPU_SCAN (id=4)          ││   type: INNER            │                                                        │ GPU_SCAN (id=29)         │
│                          ││                          ││ Input(#17): PARTIAL      │                                                        │                          │
│                          ││                          ││ Input(#20): PARTIAL      │                                                        │                          │
└──────────────────────────┘└──────────────────────────┘└────────────┬─────────────┘                                                        └──────────────────────────┘
                                                                     ┌───────────────────────────────────────────────────────┐                                          
                                                                     │                                                       │                                          
                                                        ┌──────────────────────────┐                            ┌──────────────────────────┐                            
                                                        │ Pipeline #17             │                            │ Pipeline #20             │                            
                                                        │ CONCAT (id=21)           │                            │ CONCAT (id=25)           │                            
                                                        │ Input(#16): PARTIAL      │                            │ Input(#19): PARTIAL      │                            
                                                        └────────────┬─────────────┘                            └────────────┬─────────────┘                            
                                                                     │                                                       │                                          
                                                        ┌──────────────────────────┐                            ┌──────────────────────────┐                            
                                                        │ Pipeline #16             │                            │ Pipeline #19             │                            
                                                        │ PARTITION (id=20)        │                            │ PARTITION (id=24)        │                            
                                                        │ Input(#15): FULL         │                            │ Input(#18): PARTIAL      │                            
                                                        └────────────┬─────────────┘                            └────────────┬─────────────┘                            
                                                                     │                                                       │                                          
                                                        ┌──────────────────────────┐                            ┌──────────────────────────┐                            
                                                        │ Pipeline #15             │                            │ Pipeline #18             │                            
                                                        │ HASH_JOIN (id=19)        │                            │ DYNAMIC_FILTER (id=23)   │                            
                                                        │   type: INNER            │                            │ GPU_SCAN (id=22)         │                            
                                                        │ Input(#11): PARTIAL      │                            │                          │                            
                                                        │ Input(#14): PARTIAL      │                            │                          │                            
                                                        └────────────┬─────────────┘                            └──────────────────────────┘                            
                                                                     ┌───────────────────────────┐                                                                      
                                                                     │                           │                                                                      
                                                        ┌──────────────────────────┐┌──────────────────────────┐                                                        
                                                        │ Pipeline #11             ││ Pipeline #14             │                                                        
                                                        │ CONCAT (id=14)           ││ CONCAT (id=18)           │                                                        
                                                        │ Input(#10): PARTIAL      ││ Input(#13): PARTIAL      │                                                        
                                                        └────────────┬─────────────┘└────────────┬─────────────┘                                                        
                                                                     │                           │                                                                      
                                                        ┌──────────────────────────┐┌──────────────────────────┐                                                        
                                                        │ Pipeline #10             ││ Pipeline #13             │                                                        
                                                        │ PARTITION (id=13)        ││ PARTITION (id=17)        │                                                        
                                                        │ Input(#9): FULL          ││ Input(#12): PARTIAL      │                                                        
                                                        └────────────┬─────────────┘└────────────┬─────────────┘                                                        
                                                                     │                           │                                                                      
                                                        ┌──────────────────────────┐┌──────────────────────────┐                                                        
                                                        │ Pipeline #9              ││ Pipeline #12             │                                                        
                                                        │ FILTER (id=12)           ││ DYNAMIC_FILTER (id=16)   │                                                        
                                                        │ GPU_SCAN (id=11)         ││ GPU_SCAN (id=15)         │                                                        
                                                        └──────────────────────────┘└──────────────────────────┘                                                        

[2026-07-31 08:17:39.541] [info] [sirius_engine.cpp:148] query 44 telemetry_query=019fb7401ad5729390d02b2cd58a7be5
[2026-07-31 08:17:39.541] [info] [sirius_scan_manager.cpp:1494] [sirius_scan_manager] assigned pinned entry 'nation' to operator '0'
[2026-07-31 08:17:39.541] [info] [sirius_scan_manager.cpp:1494] [sirius_scan_manager] assigned pinned entry 'customer' to operator '4'
[2026-07-31 08:17:39.541] [info] [sirius_scan_manager.cpp:1494] [sirius_scan_manager] assigned pinned entry 'nation' to operator '11'
[2026-07-31 08:17:39.541] [info] [sirius_scan_manager.cpp:1494] [sirius_scan_manager] assigned pinned entry 'supplier' to operator '15'
[2026-07-31 08:17:39.541] [info] [sirius_scan_manager.cpp:1494] [sirius_scan_manager] assigned pinned entry 'lineitem' to operator '22'
[2026-07-31 08:17:39.542] [info] [sirius_scan_manager.cpp:1494] [sirius_scan_manager] assigned pinned entry 'orders' to operator '29'
[2026-07-31 08:17:39.542] [info] [memory_prefetcher.cpp:52] [memory_prefetcher] started: 3 threads, 6 connectors, min_free_fraction=0.40
[2026-07-31 08:17:39.543] [info] [dynamic_filter_publisher.cpp:338] [sirius_physical_hash_join] Pushed 1 dynamic filter(s) across 1 active target(s) of 1 wired target(s) (2 build rows, 1 keys).
[2026-07-31 08:17:39.547] [warning] [sirius_physical_partition.cpp:304] slot_for_device: device_id 0 not found in active GPU list, falling back to slot 0
[2026-07-31 08:17:39.549] [info] [dynamic_filter_publisher.cpp:338] [sirius_physical_hash_join] Pushed 1 dynamic filter(s) across 1 active target(s) of 1 wired target(s) (12000338 build rows, 1 keys).
[2026-07-31 08:17:39.550] [info] [dynamic_filter_publisher.cpp:338] [sirius_physical_hash_join] Pushed 1 dynamic filter(s) across 1 active target(s) of 1 wired target(s) (2 build rows, 1 keys).
[2026-07-31 08:17:39.550] [warning] [sirius_physical_partition.cpp:304] slot_for_device: device_id 0 not found in active GPU list, falling back to slot 0
[2026-07-31 08:17:39.551] [info] [dynamic_filter_publisher.cpp:338] [sirius_physical_hash_join] Pushed 1 dynamic filter(s) across 1 active target(s) of 1 wired target(s) (800280 build rows, 1 keys).
[2026-07-31 08:17:39.601] [warning] [sirius_physical_partition.cpp:304] slot_for_device: device_id 0 not found in active GPU list, falling back to slot 0
[2026-07-31 08:17:39.601] [warning] [sirius_physical_partition.cpp:304] slot_for_device: device_id 0 not found in active GPU list, falling back to slot 0
[2026-07-31 08:17:40.033] [warning] [sirius_physical_partition.cpp:304] slot_for_device: device_id 0 not found in active GPU list, falling back to slot 0
[2026-07-31 08:17:40.033] [warning] [sirius_physical_partition.cpp:304] slot_for_device: device_id 0 not found in active GPU list, falling back to slot 0
[2026-07-31 08:17:40.033] [warning] [sirius_physical_partition.cpp:304] slot_for_device: device_id 0 not found in active GPU list, falling back to slot 0
[2026-07-31 08:17:40.033] [warning] [sirius_physical_partition.cpp:304] slot_for_device: device_id 0 not found in active GPU list, falling back to slot 0
[2026-07-31 08:17:40.033] [warning] [sirius_physical_partition.cpp:304] slot_for_device: device_id 0 not found in active GPU list, falling back to slot 0
[2026-07-31 08:17:40.034] [warning] [sirius_physical_partition.cpp:304] slot_for_device: device_id 0 not found in active GPU list, falling back to slot 0
[2026-07-31 08:17:40.034] [warning] [sirius_physical_partition.cpp:304] slot_for_device: device_id 0 not found in active GPU list, falling back to slot 0
[2026-07-31 08:17:40.034] [warning] [sirius_physical_partition.cpp:304] slot_for_device: device_id 0 not found in active GPU list, falling back to slot 0
[2026-07-31 08:17:40.034] [warning] [sirius_physical_partition.cpp:304] slot_for_device: device_id 0 not found in active GPU list, falling back to slot 0
[2026-07-31 08:17:40.034] [warning] [sirius_physical_partition.cpp:304] slot_for_device: device_id 0 not found in active GPU list, falling back to slot 0
[2026-07-31 08:17:40.034] [warning] [sirius_physical_partition.cpp:304] slot_for_device: device_id 0 not found in active GPU list, falling back to slot 0
[2026-07-31 08:17:40.034] [warning] [sirius_physical_partition.cpp:304] slot_for_device: device_id 0 not found in active GPU list, falling back to slot 0
[2026-07-31 08:17:40.034] [warning] [sirius_physical_partition.cpp:304] slot_for_device: device_id 0 not found in active GPU list, falling back to slot 0
[2026-07-31 08:17:40.034] [warning] [sirius_physical_partition.cpp:304] slot_for_device: device_id 0 not found in active GPU list, falling back to slot 0
[2026-07-31 08:17:40.034] [warning] [sirius_physical_partition.cpp:304] slot_for_device: device_id 0 not found in active GPU list, falling back to slot 0
[2026-07-31 08:17:40.034] [warning] [sirius_physical_partition.cpp:304] slot_for_device: device_id 0 not found in active GPU list, falling back to slot 0
[2026-07-31 08:17:40.034] [warning] [sirius_physical_partition.cpp:304] slot_for_device: device_id 0 not found in active GPU list, falling back to slot 0
[2026-07-31 08:17:40.034] [warning] [sirius_physical_partition.cpp:304] slot_for_device: device_id 0 not found in active GPU list, falling back to slot 0
[2026-07-31 08:17:40.034] [warning] [sirius_physical_partition.cpp:304] slot_for_device: device_id 0 not found in active GPU list, falling back to slot 0
[2026-07-31 08:17:40.034] [warning] [sirius_physical_partition.cpp:304] slot_for_device: device_id 0 not found in active GPU list, falling back to slot 0
[2026-07-31 08:17:40.034] [warning] [sirius_physical_partition.cpp:304] slot_for_device: device_id 0 not found in active GPU list, falling back to slot 0
[2026-07-31 08:17:40.034] [warning] [sirius_physical_partition.cpp:304] slot_for_device: device_id 0 not found in active GPU list, falling back to slot 0
[2026-07-31 08:17:40.034] [warning] [sirius_physical_partition.cpp:304] slot_for_device: device_id 0 not found in active GPU list, falling back to slot 0
[2026-07-31 08:17:40.034] [warning] [sirius_physical_partition.cpp:304] slot_for_device: device_id 0 not found in active GPU list, falling back to slot 0
[2026-07-31 08:17:40.034] [warning] [sirius_physical_partition.cpp:304] slot_for_device: device_id 0 not found in active GPU list, falling back to slot 0
[2026-07-31 08:17:40.034] [warning] [sirius_physical_partition.cpp:304] slot_for_device: device_id 0 not found in active GPU list, falling back to slot 0
[2026-07-31 08:17:40.034] [warning] [sirius_physical_partition.cpp:304] slot_for_device: device_id 0 not found in active GPU list, falling back to slot 0
[2026-07-31 08:17:40.034] [warning] [sirius_physical_partition.cpp:304] slot_for_device: device_id 0 not found in active GPU list, falling back to slot 0
[2026-07-31 08:17:40.034] [warning] [sirius_physical_partition.cpp:304] slot_for_device: device_id 0 not found in active GPU list, falling back to slot 0
[2026-07-31 08:17:40.034] [warning] [sirius_physical_partition.cpp:304] slot_for_device: device_id 0 not found in active GPU list, falling back to slot 0
[2026-07-31 08:17:40.034] [warning] [sirius_physical_partition.cpp:304] slot_for_device: device_id 0 not found in active GPU list, falling back to slot 0
[2026-07-31 08:17:40.046] [warning] [sirius_physical_partition.cpp:304] slot_for_device: device_id 0 not found in active GPU list, falling back to slot 0
[2026-07-31 08:17:40.059] [warning] [sirius_physical_partition.cpp:304] slot_for_device: device_id 0 not found in active GPU list, falling back to slot 0
[2026-07-31 08:17:40.073] [warning] [sirius_physical_partition.cpp:304] slot_for_device: device_id 0 not found in active GPU list, falling back to slot 0
[2026-07-31 08:17:40.073] [warning] [sirius_physical_partition.cpp:304] slot_for_device: device_id 0 not found in active GPU list, falling back to slot 0
[2026-07-31 08:17:40.087] [warning] [sirius_physical_partition.cpp:304] slot_for_device: device_id 0 not found in active GPU list, falling back to slot 0
[2026-07-31 08:17:40.100] [warning] [sirius_physical_partition.cpp:304] slot_for_device: device_id 0 not found in active GPU list, falling back to slot 0
[2026-07-31 08:17:40.112] [warning] [sirius_physical_partition.cpp:304] slot_for_device: device_id 0 not found in active GPU list, falling back to slot 0
[2026-07-31 08:17:40.233] [warning] [sirius_physical_partition.cpp:304] slot_for_device: device_id 0 not found in active GPU list, falling back to slot 0
[2026-07-31 08:17:40.233] [warning] [sirius_physical_partition.cpp:304] slot_for_device: device_id 0 not found in active GPU list, falling back to slot 0
[2026-07-31 08:17:40.265] [info] [gpu_pipeline_executor.cpp:129] GPU Pipeline Executor: task queue interrupted, stopping manager loop
[2026-07-31 08:17:40.265] [info] [sirius_context.cpp:300] QueryEnd
[2026-07-31 08:17:40.278] [info] [memory_prefetcher.cpp:65] [memory_prefetcher] stopping: prefetched 11 batches / 34687942714 bytes (stops: headroom=0 reservation=0, skips: lock=0 draining=133)
[2026-07-31 08:17:40.278] [info] [sirius_context.cpp:152] [host_pool] HOST:0 QueryEnd instance=0xc36148a50620 connection=1 window=44 query=83 allocated=234679697408 bytes peak=301385908224 bytes free_blocks=999
[2026-07-31 08:17:40.278] [info] [sirius_context.cpp:167] [gpu_pool] GPU:0 QueryEnd instance=0xc36148a50620 connection=1 window=44 query=83 allocated=0 bytes peak=203848467648 bytes reserved=0 bytes
[2026-07-31 08:17:40.278] [info] [sirius_context.cpp:416] [window] end instance=0xc36148a50620 connection=1 window=44 query=83 outcome=ok
[2026-07-31 08:17:40.278] [info] [physical_sirius_execution.cpp:329] Transparent GPU execution: query completed
[2026-07-31 08:17:40.294] [info] [sirius_context.cpp:225] QueryBegin: instance=0xc36148a50620 connection=1 query=84 SQL: CALL unpin_table('supplier')
[2026-07-31 08:17:40.295] [info] [sirius_context.cpp:225] QueryBegin: instance=0xc36148a50620 connection=1 query=85 SQL: CALL unpin_table('lineitem')
[2026-07-31 08:17:40.295] [info] [sirius_context.cpp:225] QueryBegin: instance=0xc36148a50620 connection=1 query=86 SQL: CALL unpin_table('orders')
[2026-07-31 08:17:40.295] [info] [sirius_context.cpp:225] QueryBegin: instance=0xc36148a50620 connection=1 query=87 SQL: CALL unpin_table('customer')
[2026-07-31 08:17:40.295] [info] [sirius_context.cpp:225] QueryBegin: instance=0xc36148a50620 connection=1 query=88 SQL: CALL unpin_table('nation')
[2026-07-31 08:17:40.296] [info] [sirius_context.cpp:225] QueryBegin: instance=0xc36148a50620 connection=1 query=89 SQL: CALL pin_table('/home/nvidia/tpch_parquet_sf1000/lineitem/*.parquet', tier='host', name='lineitem', cols=['l_partkey','l_suppkey','l_orderkey','l_extendedprice','l_discount'])
[2026-07-31 08:17:40.297] [info] [sirius_context.cpp:416] [window] begin instance=0xc36148a50620 connection=1 window=45 query=89 outcome=-
[2026-07-31 08:17:40.297] [info] [sirius_context.cpp:152] [host_pool] HOST:0 QueryBegin instance=0xc36148a50620 connection=1 window=45 query=89 allocated=17515413504 bytes peak=301385908224 bytes free_blocks=4235
[2026-07-31 08:17:40.297] [info] [sirius_context.cpp:167] [gpu_pool] GPU:0 QueryBegin instance=0xc36148a50620 connection=1 window=45 query=89 allocated=0 bytes peak=203848467648 bytes reserved=0 bytes
[2026-07-31 08:17:40.297] [info] [sirius_context.cpp:285] QueryBegin: pin_table
[2026-07-31 08:17:45.043] [info] [sirius_context.cpp:300] QueryEnd
[2026-07-31 08:17:45.056] [info] [sirius_context.cpp:152] [host_pool] HOST:0 QueryEnd instance=0xc36148a50620 connection=1 window=45 query=89 allocated=214681255936 bytes peak=301385908224 bytes free_blocks=1297
[2026-07-31 08:17:45.056] [info] [sirius_context.cpp:167] [gpu_pool] GPU:0 QueryEnd instance=0xc36148a50620 connection=1 window=45 query=89 allocated=0 bytes peak=203848467648 bytes reserved=0 bytes
[2026-07-31 08:17:45.056] [info] [sirius_context.cpp:416] [window] end instance=0xc36148a50620 connection=1 window=45 query=89 outcome=ok
[2026-07-31 08:17:45.057] [info] [sirius_context.cpp:225] QueryBegin: instance=0xc36148a50620 connection=1 query=90 SQL: CALL pin_table('/home/nvidia/tpch_parquet_sf1000/part/*.parquet', tier='host', name='part', cols=['p_partkey','p_type'])
[2026-07-31 08:17:45.057] [info] [sirius_context.cpp:416] [window] begin instance=0xc36148a50620 connection=1 window=46 query=90 outcome=-
[2026-07-31 08:17:45.057] [info] [sirius_context.cpp:152] [host_pool] HOST:0 QueryBegin instance=0xc36148a50620 connection=1 window=46 query=90 allocated=214681255936 bytes peak=301385908224 bytes free_blocks=1297
[2026-07-31 08:17:45.057] [info] [sirius_context.cpp:167] [gpu_pool] GPU:0 QueryBegin instance=0xc36148a50620 connection=1 window=46 query=90 allocated=0 bytes peak=203848467648 bytes reserved=0 bytes
[2026-07-31 08:17:45.057] [info] [sirius_context.cpp:285] QueryBegin: pin_table
[2026-07-31 08:17:45.114] [info] [sirius_context.cpp:300] QueryEnd
[2026-07-31 08:17:45.127] [info] [sirius_context.cpp:152] [host_pool] HOST:0 QueryEnd instance=0xc36148a50620 connection=1 window=46 query=90 allocated=221190815744 bytes peak=301385908224 bytes free_blocks=1200
[2026-07-31 08:17:45.127] [info] [sirius_context.cpp:167] [gpu_pool] GPU:0 QueryEnd instance=0xc36148a50620 connection=1 window=46 query=90 allocated=0 bytes peak=203848467648 bytes reserved=0 bytes
[2026-07-31 08:17:45.127] [info] [sirius_context.cpp:416] [window] end instance=0xc36148a50620 connection=1 window=46 query=90 outcome=ok
[2026-07-31 08:17:45.127] [info] [sirius_context.cpp:225] QueryBegin: instance=0xc36148a50620 connection=1 query=91 SQL: CALL pin_table('/home/nvidia/tpch_parquet_sf1000/supplier/*.parquet', tier='host', name='supplier', cols=['s_suppkey','s_nationkey'])
[2026-07-31 08:17:45.128] [info] [sirius_context.cpp:416] [window] begin instance=0xc36148a50620 connection=1 window=47 query=91 outcome=-
[2026-07-31 08:17:45.128] [info] [sirius_context.cpp:152] [host_pool] HOST:0 QueryBegin instance=0xc36148a50620 connection=1 window=47 query=91 allocated=221190815744 bytes peak=301385908224 bytes free_blocks=1200
[2026-07-31 08:17:45.128] [info] [sirius_context.cpp:167] [gpu_pool] GPU:0 QueryBegin instance=0xc36148a50620 connection=1 window=47 query=91 allocated=0 bytes peak=203848467648 bytes reserved=0 bytes
[2026-07-31 08:17:45.128] [info] [sirius_context.cpp:285] QueryBegin: pin_table
[2026-07-31 08:17:45.132] [info] [sirius_context.cpp:300] QueryEnd
[2026-07-31 08:17:45.147] [info] [sirius_context.cpp:152] [host_pool] HOST:0 QueryEnd instance=0xc36148a50620 connection=1 window=47 query=91 allocated=221325033472 bytes peak=301385908224 bytes free_blocks=1198
[2026-07-31 08:17:45.147] [info] [sirius_context.cpp:167] [gpu_pool] GPU:0 QueryEnd instance=0xc36148a50620 connection=1 window=47 query=91 allocated=0 bytes peak=203848467648 bytes reserved=0 bytes
[2026-07-31 08:17:45.147] [info] [sirius_context.cpp:416] [window] end instance=0xc36148a50620 connection=1 window=47 query=91 outcome=ok
[2026-07-31 08:17:45.147] [info] [sirius_context.cpp:225] QueryBegin: instance=0xc36148a50620 connection=1 query=92 SQL: CALL pin_table('/home/nvidia/tpch_parquet_sf1000/orders/*.parquet', tier='host', name='orders', cols=['o_orderkey','o_custkey','o_orderdate'])
[2026-07-31 08:17:45.148] [info] [sirius_context.cpp:416] [window] begin instance=0xc36148a50620 connection=1 window=48 query=92 outcome=-
[2026-07-31 08:17:45.148] [info] [sirius_context.cpp:152] [host_pool] HOST:0 QueryBegin instance=0xc36148a50620 connection=1 window=48 query=92 allocated=221325033472 bytes peak=301385908224 bytes free_blocks=1198
[2026-07-31 08:17:45.148] [info] [sirius_context.cpp:167] [gpu_pool] GPU:0 QueryBegin instance=0xc36148a50620 connection=1 window=48 query=92 allocated=0 bytes peak=203848467648 bytes reserved=0 bytes
[2026-07-31 08:17:45.148] [info] [sirius_context.cpp:285] QueryBegin: pin_table
[2026-07-31 08:17:45.791] [info] [sirius_context.cpp:300] QueryEnd
[2026-07-31 08:17:45.801] [info] [sirius_context.cpp:152] [host_pool] HOST:0 QueryEnd instance=0xc36148a50620 connection=1 window=48 query=92 allocated=246088204288 bytes peak=301385908224 bytes free_blocks=829
[2026-07-31 08:17:45.801] [info] [sirius_context.cpp:167] [gpu_pool] GPU:0 QueryEnd instance=0xc36148a50620 connection=1 window=48 query=92 allocated=0 bytes peak=203848467648 bytes reserved=0 bytes
[2026-07-31 08:17:45.801] [info] [sirius_context.cpp:416] [window] end instance=0xc36148a50620 connection=1 window=48 query=92 outcome=ok
[2026-07-31 08:17:45.801] [info] [sirius_context.cpp:225] QueryBegin: instance=0xc36148a50620 connection=1 query=93 SQL: CALL pin_table('/home/nvidia/tpch_parquet_sf1000/customer/*.parquet', tier='host', name='customer', cols=['c_custkey','c_nationkey'])
[2026-07-31 08:17:45.802] [info] [sirius_context.cpp:416] [window] begin instance=0xc36148a50620 connection=1 window=49 query=93 outcome=-
[2026-07-31 08:17:45.802] [info] [sirius_context.cpp:152] [host_pool] HOST:0 QueryBegin instance=0xc36148a50620 connection=1 window=49 query=93 allocated=246088204288 bytes peak=301385908224 bytes free_blocks=829
[2026-07-31 08:17:45.802] [info] [sirius_context.cpp:167] [gpu_pool] GPU:0 QueryBegin instance=0xc36148a50620 connection=1 window=49 query=93 allocated=0 bytes peak=203848467648 bytes reserved=0 bytes
[2026-07-31 08:17:45.802] [info] [sirius_context.cpp:285] QueryBegin: pin_table
[2026-07-31 08:17:45.823] [info] [sirius_context.cpp:300] QueryEnd
[2026-07-31 08:17:45.831] [info] [sirius_context.cpp:152] [host_pool] HOST:0 QueryEnd instance=0xc36148a50620 connection=1 window=49 query=93 allocated=247363272704 bytes peak=301385908224 bytes free_blocks=810
[2026-07-31 08:17:45.831] [info] [sirius_context.cpp:167] [gpu_pool] GPU:0 QueryEnd instance=0xc36148a50620 connection=1 window=49 query=93 allocated=0 bytes peak=203848467648 bytes reserved=0 bytes
[2026-07-31 08:17:45.831] [info] [sirius_context.cpp:416] [window] end instance=0xc36148a50620 connection=1 window=49 query=93 outcome=ok
[2026-07-31 08:17:45.832] [info] [sirius_context.cpp:225] QueryBegin: instance=0xc36148a50620 connection=1 query=94 SQL: CALL pin_table('/home/nvidia/tpch_parquet_sf1000/nation/*.parquet', tier='host', name='nation', cols=['n_nationkey','n_regionkey','n_name'])
[2026-07-31 08:17:45.832] [info] [sirius_context.cpp:416] [window] begin instance=0xc36148a50620 connection=1 window=50 query=94 outcome=-
[2026-07-31 08:17:45.832] [info] [sirius_context.cpp:152] [host_pool] HOST:0 QueryBegin instance=0xc36148a50620 connection=1 window=50 query=94 allocated=247363272704 bytes peak=301385908224 bytes free_blocks=810
[2026-07-31 08:17:45.832] [info] [sirius_context.cpp:167] [gpu_pool] GPU:0 QueryBegin instance=0xc36148a50620 connection=1 window=50 query=94 allocated=0 bytes peak=203848467648 bytes reserved=0 bytes
[2026-07-31 08:17:45.832] [info] [sirius_context.cpp:285] QueryBegin: pin_table
[2026-07-31 08:17:45.834] [info] [sirius_context.cpp:300] QueryEnd
[2026-07-31 08:17:45.841] [info] [sirius_context.cpp:152] [host_pool] HOST:0 QueryEnd instance=0xc36148a50620 connection=1 window=50 query=94 allocated=247430381568 bytes peak=301385908224 bytes free_blocks=809
[2026-07-31 08:17:45.841] [info] [sirius_context.cpp:167] [gpu_pool] GPU:0 QueryEnd instance=0xc36148a50620 connection=1 window=50 query=94 allocated=0 bytes peak=203848467648 bytes reserved=0 bytes
[2026-07-31 08:17:45.841] [info] [sirius_context.cpp:416] [window] end instance=0xc36148a50620 connection=1 window=50 query=94 outcome=ok
[2026-07-31 08:17:45.841] [info] [sirius_context.cpp:225] QueryBegin: instance=0xc36148a50620 connection=1 query=95 SQL: CALL pin_table('/home/nvidia/tpch_parquet_sf1000/region/*.parquet', tier='host', name='region', cols=['r_regionkey','r_name'])
[2026-07-31 08:17:45.842] [info] [sirius_context.cpp:416] [window] begin instance=0xc36148a50620 connection=1 window=51 query=95 outcome=-
[2026-07-31 08:17:45.842] [info] [sirius_context.cpp:152] [host_pool] HOST:0 QueryBegin instance=0xc36148a50620 connection=1 window=51 query=95 allocated=247430381568 bytes peak=301385908224 bytes free_blocks=809
[2026-07-31 08:17:45.842] [info] [sirius_context.cpp:167] [gpu_pool] GPU:0 QueryBegin instance=0xc36148a50620 connection=1 window=51 query=95 allocated=0 bytes peak=203848467648 bytes reserved=0 bytes
[2026-07-31 08:17:45.842] [info] [sirius_context.cpp:285] QueryBegin: pin_table
[2026-07-31 08:17:45.844] [info] [sirius_context.cpp:300] QueryEnd
[2026-07-31 08:17:45.851] [info] [sirius_context.cpp:152] [host_pool] HOST:0 QueryEnd instance=0xc36148a50620 connection=1 window=51 query=95 allocated=247497490432 bytes peak=301385908224 bytes free_blocks=808
[2026-07-31 08:17:45.851] [info] [sirius_context.cpp:167] [gpu_pool] GPU:0 QueryEnd instance=0xc36148a50620 connection=1 window=51 query=95 allocated=0 bytes peak=203848467648 bytes reserved=0 bytes
[2026-07-31 08:17:45.851] [info] [sirius_context.cpp:416] [window] end instance=0xc36148a50620 connection=1 window=51 query=95 outcome=ok
[2026-07-31 08:17:45.852] [info] [sirius_context.cpp:225] QueryBegin: instance=0xc36148a50620 connection=1 query=96 SQL: SET gpu_execution = true;
