[2026-07-31 08:25:27.043] [info] [sirius_context.cpp:225] QueryBegin: instance=0xe921ed12aa80 connection=1 query=143 SQL: select nation, o_year, sum(amount) as sum_profit from ( select n.n_name as nation, extract(year from o.o_orderdate) as o_year, l.l_extendedprice * (1 - l.l_discount) - ps.ps_supplycost * l.l_quantity as amount from part p, supplier s, lineitem l, partsupp ps, orders o, nation n where s.s_suppkey = l.l_suppkey and ps.ps_suppkey = l.l_suppkey and ps.ps_partkey = l.l_partkey and p.p_partkey = l.l_partkey and o.o_orderkey = l.l_orderkey and s.s_nationkey = n.n_nationkey and p.p_name like '%yellow%' ) as profit group by nation, o_year order by nation, o_year desc
[2026-07-31 08:25:27.060] [info] [sirius_plan_get.cpp:498] [sirius_plan_get] LogicalGet has dynamic_filters attached (channel key=0xc7e9d084ea80).
[2026-07-31 08:25:27.060] [info] [sirius_plan_comparison_join.cpp:608] [sirius_plan_comparison_join] Wired hash join with 1 dynamic-filter probe target(s) (build est 199999968 rows).
[2026-07-31 08:25:27.060] [info] [sirius_plan_comparison_join.cpp:547] [sirius_plan_comparison_join] Not wiring dynamic filter(s): build side is unfiltered (build est 1499999460 rows).
[2026-07-31 08:25:27.060] [info] [sirius_plan_get.cpp:498] [sirius_plan_get] LogicalGet has dynamic_filters attached (channel key=0xc7e9d1170210).
[2026-07-31 08:25:27.060] [info] [sirius_plan_get.cpp:498] [sirius_plan_get] LogicalGet has dynamic_filters attached (channel key=0xc7e9d084e900).
[2026-07-31 08:25:27.060] [info] [sirius_plan_comparison_join.cpp:547] [sirius_plan_comparison_join] Not wiring dynamic filter(s): build side is unfiltered (build est 25 rows).
[2026-07-31 08:25:27.060] [info] [sirius_plan_comparison_join.cpp:547] [sirius_plan_comparison_join] Not wiring dynamic filter(s): build side is unfiltered (build est 10000000 rows).
[2026-07-31 08:25:27.061] [info] [sirius_context.cpp:1244] Transparent execution: Sirius physical plan generated successfully
[2026-07-31 08:25:27.061] [info] [sirius_context.cpp:1272] Transparent execution: physical plan replaced with GPU operator
[2026-07-31 08:25:27.061] [info] [physical_sirius_execution.cpp:155] Transparent GPU execution: executing query
[2026-07-31 08:25:27.061] [info] [sirius_context.cpp:416] [window] begin instance=0xe921ed12aa80 connection=1 window=61 query=143 outcome=-
[2026-07-31 08:25:27.061] [info] [sirius_context.cpp:152] [host_pool] HOST:0 QueryBegin instance=0xe921ed12aa80 connection=1 window=61 query=143 allocated=30735859712 bytes peak=30802968576 bytes free_blocks=2678
[2026-07-31 08:25:27.061] [info] [sirius_context.cpp:167] [gpu_pool] GPU:0 QueryBegin instance=0xe921ed12aa80 connection=1 window=61 query=143 allocated=92918637312 bytes peak=194777318592 bytes reserved=0 bytes
[2026-07-31 08:25:27.061] [info] [sirius_context.cpp:285] QueryBegin: transparent_execution
[2026-07-31 08:25:27.065] [info] [sirius_plan_get.cpp:498] [sirius_plan_get] LogicalGet has dynamic_filters attached (channel key=0xc7e9d084ea80).
[2026-07-31 08:25:27.065] [info] [sirius_plan_comparison_join.cpp:608] [sirius_plan_comparison_join] Wired hash join with 1 dynamic-filter probe target(s) (build est 199999968 rows).
[2026-07-31 08:25:27.065] [info] [sirius_plan_comparison_join.cpp:547] [sirius_plan_comparison_join] Not wiring dynamic filter(s): build side is unfiltered (build est 1499999460 rows).
[2026-07-31 08:25:27.065] [info] [sirius_plan_get.cpp:498] [sirius_plan_get] LogicalGet has dynamic_filters attached (channel key=0xc7e9d1170210).
[2026-07-31 08:25:27.065] [info] [sirius_plan_get.cpp:498] [sirius_plan_get] LogicalGet has dynamic_filters attached (channel key=0xc7e9d084e900).
[2026-07-31 08:25:27.065] [info] [sirius_plan_comparison_join.cpp:547] [sirius_plan_comparison_join] Not wiring dynamic filter(s): build side is unfiltered (build est 25 rows).
[2026-07-31 08:25:27.065] [info] [sirius_plan_comparison_join.cpp:547] [sirius_plan_comparison_join] Not wiring dynamic filter(s): build side is unfiltered (build est 10000000 rows).
[2026-07-31 08:25:27.066] [info] [sirius_engine.cpp:265] Query Plan:
=== Pipeline Overview ===
Pipeline #0: GPU_SCAN (id=0)
  Output: -> PARTITION [port: default, barrier: FULL]
Pipeline #1: PARTITION (id=1)
  Input: <- Pipeline #0 [on: PARTITION (id=1), port: default, barrier: FULL]
  Dependencies: Pipeline #0
  Output: -> CONCAT [port: default, barrier: PARTIAL]
Pipeline #2: CONCAT (id=2)
  Input: <- Pipeline #1 [on: CONCAT (id=2), port: default, barrier: PARTIAL]
  Dependencies: Pipeline #1
  Output: -> HASH_JOIN [port: build, barrier: PARTIAL]
Pipeline #3: GPU_SCAN (id=3)
  Output: -> PARTITION [port: default, barrier: PARTIAL]
Pipeline #4: PARTITION (id=4)
  Input: <- Pipeline #3 [on: PARTITION (id=4), port: default, barrier: PARTIAL]
  Dependencies: Pipeline #3
  Output: -> CONCAT [port: default, barrier: PARTIAL]
Pipeline #5: CONCAT (id=5)
  Input: <- Pipeline #4 [on: CONCAT (id=5), port: default, barrier: PARTIAL]
  Dependencies: Pipeline #4
  Output: -> HASH_JOIN [port: default, barrier: PARTIAL]
Pipeline #6: HASH_JOIN (id=6)
  Input: <- Pipeline #2 [on: HASH_JOIN (id=6), port: build, barrier: PARTIAL]
  Input: <- Pipeline #5 [on: HASH_JOIN (id=6), port: default, barrier: PARTIAL]
  Dependencies: Pipeline #2, Pipeline #5
  Output: -> PARTITION [port: default, barrier: FULL]
Pipeline #7: PARTITION (id=7)
  Input: <- Pipeline #6 [on: PARTITION (id=7), port: default, barrier: FULL]
  Dependencies: Pipeline #6
  Output: -> CONCAT [port: default, barrier: PARTIAL]
Pipeline #8: CONCAT (id=8)
  Input: <- Pipeline #7 [on: CONCAT (id=8), port: default, barrier: PARTIAL]
  Dependencies: Pipeline #7
  Output: -> HASH_JOIN [port: build, barrier: PARTIAL]
Pipeline #9: GPU_SCAN (id=9)
  Output: -> PARTITION [port: default, barrier: PARTIAL]
Pipeline #10: PARTITION (id=10)
  Input: <- Pipeline #9 [on: PARTITION (id=10), port: default, barrier: PARTIAL]
  Dependencies: Pipeline #9
  Output: -> CONCAT [port: default, barrier: PARTIAL]
Pipeline #11: CONCAT (id=11)
  Input: <- Pipeline #10 [on: CONCAT (id=11), port: default, barrier: PARTIAL]
  Dependencies: Pipeline #10
  Output: -> HASH_JOIN [port: default, barrier: PARTIAL]
Pipeline #12: HASH_JOIN (id=12)
  Input: <- Pipeline #8 [on: HASH_JOIN (id=12), port: build, barrier: PARTIAL]
  Input: <- Pipeline #11 [on: HASH_JOIN (id=12), port: default, barrier: PARTIAL]
  Dependencies: Pipeline #8, Pipeline #11
  Output: -> PARTITION [port: default, barrier: FULL]
Pipeline #13: PARTITION (id=13)
  Input: <- Pipeline #12 [on: PARTITION (id=13), port: default, barrier: FULL]
  Dependencies: Pipeline #12
  Output: -> CONCAT [port: default, barrier: PARTIAL]
Pipeline #14: CONCAT (id=14)
  Input: <- Pipeline #13 [on: CONCAT (id=14), port: default, barrier: PARTIAL]
  Dependencies: Pipeline #13
  Output: -> HASH_JOIN [port: build, barrier: PARTIAL]
Pipeline #15: GPU_SCAN (id=15)
  Output: -> PARTITION [port: default, barrier: FULL]
Pipeline #16: PARTITION (id=16)
  Input: <- Pipeline #15 [on: PARTITION (id=16), port: default, barrier: FULL]
  Dependencies: Pipeline #15
  Output: -> CONCAT [port: default, barrier: PARTIAL]
Pipeline #17: CONCAT (id=17)
  Input: <- Pipeline #16 [on: CONCAT (id=17), port: default, barrier: PARTIAL]
  Dependencies: Pipeline #16
  Output: -> HASH_JOIN [port: build, barrier: PARTIAL]
Pipeline #18: GPU_SCAN (id=18)
  Output: -> PARTITION [port: default, barrier: FULL]
Pipeline #19: PARTITION (id=19)
  Input: <- Pipeline #18 [on: PARTITION (id=19), port: default, barrier: FULL]
  Dependencies: Pipeline #18
  Output: -> CONCAT [port: default, barrier: PARTIAL]
Pipeline #20: CONCAT (id=20)
  Input: <- Pipeline #19 [on: CONCAT (id=20), port: default, barrier: PARTIAL]
  Dependencies: Pipeline #19
  Output: -> HASH_JOIN [port: build, barrier: PARTIAL]
Pipeline #21: GPU_SCAN (id=21) -> DYNAMIC_FILTER (id=22)
  Output: -> PARTITION [port: default, barrier: PARTIAL]
Pipeline #22: PARTITION (id=23)
  Input: <- Pipeline #21 [on: PARTITION (id=23), port: default, barrier: PARTIAL]
  Dependencies: Pipeline #21
  Output: -> CONCAT [port: default, barrier: PARTIAL]
Pipeline #23: CONCAT (id=24)
  Input: <- Pipeline #22 [on: CONCAT (id=24), port: default, barrier: PARTIAL]
  Dependencies: Pipeline #22
  Output: -> HASH_JOIN [port: default, barrier: PARTIAL]
Pipeline #24: HASH_JOIN (id=25)
  Input: <- Pipeline #20 [on: HASH_JOIN (id=25), port: build, barrier: PARTIAL]
  Input: <- Pipeline #23 [on: HASH_JOIN (id=25), port: default, barrier: PARTIAL]
  Dependencies: Pipeline #20, Pipeline #23
  Output: -> PARTITION [port: default, barrier: PARTIAL]
Pipeline #25: PARTITION (id=26)
  Input: <- Pipeline #24 [on: PARTITION (id=26), port: default, barrier: PARTIAL]
  Dependencies: Pipeline #24
  Output: -> CONCAT [port: default, barrier: PARTIAL]
Pipeline #26: CONCAT (id=27)
  Input: <- Pipeline #25 [on: CONCAT (id=27), port: default, barrier: PARTIAL]
  Dependencies: Pipeline #25
  Output: -> HASH_JOIN [port: default, barrier: PARTIAL]
Pipeline #27: HASH_JOIN (id=28)
  Input: <- Pipeline #17 [on: HASH_JOIN (id=28), port: build, barrier: PARTIAL]
  Input: <- Pipeline #26 [on: HASH_JOIN (id=28), port: default, barrier: PARTIAL]
  Dependencies: Pipeline #17, Pipeline #26
  Output: -> PARTITION [port: default, barrier: PARTIAL]
Pipeline #28: PARTITION (id=29)
  Input: <- Pipeline #27 [on: PARTITION (id=29), port: default, barrier: PARTIAL]
  Dependencies: Pipeline #27
  Output: -> CONCAT [port: default, barrier: PARTIAL]
Pipeline #29: CONCAT (id=30)
  Input: <- Pipeline #28 [on: CONCAT (id=30), port: default, barrier: PARTIAL]
  Dependencies: Pipeline #28
  Output: -> HASH_JOIN [port: default, barrier: PARTIAL]
Pipeline #30: HASH_JOIN (id=31) -> PROJECTION (id=32) -> HASH_GROUP_BY (id=33)
  Input: <- Pipeline #14 [on: HASH_JOIN (id=31), port: build, barrier: PARTIAL]
  Input: <- Pipeline #29 [on: HASH_JOIN (id=31), port: default, barrier: PARTIAL]
  Dependencies: Pipeline #14, Pipeline #29
  Output: -> PARTITION [port: default, barrier: FULL]
Pipeline #31: PARTITION (id=34)
  Input: <- Pipeline #30 [on: PARTITION (id=34), port: default, barrier: FULL]
  Dependencies: Pipeline #30
  Output: -> MERGE_GROUP_BY [port: default, barrier: FULL]
Pipeline #32: MERGE_GROUP_BY (id=35) -> ORDER_BY (id=36)
  Input: <- Pipeline #31 [on: MERGE_GROUP_BY (id=35), port: default, barrier: FULL]
  Dependencies: Pipeline #31
  Output: -> SORT_SAMPLE [port: default, barrier: PIPELINE]
Pipeline #33: SORT_SAMPLE (id=37) -> SORT_PARTITION (id=38)
  Input: <- Pipeline #32 [on: SORT_SAMPLE (id=37), port: default, barrier: PIPELINE]
  Dependencies: Pipeline #32
  Output: -> MERGE_SORT [port: default, barrier: FULL]
Pipeline #34: MERGE_SORT (id=39)
  Input: <- Pipeline #33 [on: MERGE_SORT (id=39), port: default, barrier: FULL]
  Dependencies: Pipeline #33
  Output: -> RESULT_COLLECTOR [port: default, barrier: FULL]
Pipeline #35: RESULT_COLLECTOR (id=40)
  Input: <- Pipeline #34 [on: RESULT_COLLECTOR (id=40), port: default, barrier: FULL]
  Dependencies: Pipeline #34

=== Query Plan DAG ===
┌──────────────────────────┐                                                                                                                                            
│ Pipeline #35             │                                                                                                                                            
│ RESULT_COLLECTOR (id=40) │                                                                                                                                            
│ Input(#34): FULL         │                                                                                                                                            
└────────────┬─────────────┘                                                                                                                                            
             │                                                                                                                                                          
┌──────────────────────────┐                                                                                                                                            
│ Pipeline #34             │                                                                                                                                            
│ MERGE_SORT (id=39)       │                                                                                                                                            
│ Input(#33): FULL         │                                                                                                                                            
└────────────┬─────────────┘                                                                                                                                            
             │                                                                                                                                                          
┌──────────────────────────┐                                                                                                                                            
│ Pipeline #33             │                                                                                                                                            
│ SORT_PARTITION (id=38)   │                                                                                                                                            
│ SORT_SAMPLE (id=37)      │                                                                                                                                            
│ Input(#32): PIPELINE     │                                                                                                                                            
└────────────┬─────────────┘                                                                                                                                            
             │                                                                                                                                                          
┌──────────────────────────┐                                                                                                                                            
│ Pipeline #32             │                                                                                                                                            
│ ORDER_BY (id=36)         │                                                                                                                                            
│ MERGE_GROUP_BY (id=35)   │                                                                                                                                            
│ Input(#31): FULL         │                                                                                                                                            
└────────────┬─────────────┘                                                                                                                                            
             │                                                                                                                                                          
┌──────────────────────────┐                                                                                                                                            
│ Pipeline #31             │                                                                                                                                            
│ PARTITION (id=34)        │                                                                                                                                            
│ Input(#30): FULL         │                                                                                                                                            
└────────────┬─────────────┘                                                                                                                                            
             │                                                                                                                                                          
┌──────────────────────────┐                                                                                                                                            
│ Pipeline #30             │                                                                                                                                            
│ HASH_GROUP_BY (id=33)    │                                                                                                                                            
│ PROJECTION (id=32)       │                                                                                                                                            
│ HASH_JOIN (id=31)        │                                                                                                                                            
│   type: INNER            │                                                                                                                                            
│ Input(#14): PARTIAL      │                                                                                                                                            
│ Input(#29): PARTIAL      │                                                                                                                                            
└────────────┬─────────────┘                                                                                                                                            
             ┌───────────────────────────────────────────────────────────────────────────────────┐                                                                      
             │                                                                                   │                                                                      
┌──────────────────────────┐                                                        ┌──────────────────────────┐                                                        
│ Pipeline #14             │                                                        │ Pipeline #29             │                                                        
│ CONCAT (id=14)           │                                                        │ CONCAT (id=30)           │                                                        
│ Input(#13): PARTIAL      │                                                        │ Input(#28): PARTIAL      │                                                        
└────────────┬─────────────┘                                                        └────────────┬─────────────┘                                                        
             │                                                                                   │                                                                      
┌──────────────────────────┐                                                        ┌──────────────────────────┐                                                        
│ Pipeline #13             │                                                        │ Pipeline #28             │                                                        
│ PARTITION (id=13)        │                                                        │ PARTITION (id=29)        │                                                        
│ Input(#12): FULL         │                                                        │ Input(#27): PARTIAL      │                                                        
└────────────┬─────────────┘                                                        └────────────┬─────────────┘                                                        
             │                                                                                   │                                                                      
┌──────────────────────────┐                                                        ┌──────────────────────────┐                                                        
│ Pipeline #12             │                                                        │ Pipeline #27             │                                                        
│ HASH_JOIN (id=12)        │                                                        │ HASH_JOIN (id=28)        │                                                        
│   type: INNER            │                                                        │   type: INNER            │                                                        
│ Input(#8): PARTIAL       │                                                        │ Input(#17): PARTIAL      │                                                        
│ Input(#11): PARTIAL      │                                                        │ Input(#26): PARTIAL      │                                                        
└────────────┬─────────────┘                                                        └────────────┬─────────────┘                                                        
             ┌───────────────────────────────────────────────────────┐                           ┌───────────────────────────┐                                          
             │                                                       │                           │                           │                                          
┌──────────────────────────┐                            ┌──────────────────────────┐┌──────────────────────────┐┌──────────────────────────┐                            
│ Pipeline #8              │                            │ Pipeline #11             ││ Pipeline #17             ││ Pipeline #26             │                            
│ CONCAT (id=8)            │                            │ CONCAT (id=11)           ││ CONCAT (id=17)           ││ CONCAT (id=27)           │                            
│ Input(#7): PARTIAL       │                            │ Input(#10): PARTIAL      ││ Input(#16): PARTIAL      ││ Input(#25): PARTIAL      │                            
└────────────┬─────────────┘                            └────────────┬─────────────┘└────────────┬─────────────┘└────────────┬─────────────┘                            
             │                                                       │                           │                           │                                          
┌──────────────────────────┐                            ┌──────────────────────────┐┌──────────────────────────┐┌──────────────────────────┐                            
│ Pipeline #7              │                            │ Pipeline #10             ││ Pipeline #16             ││ Pipeline #25             │                            
│ PARTITION (id=7)         │                            │ PARTITION (id=10)        ││ PARTITION (id=16)        ││ PARTITION (id=26)        │                            
│ Input(#6): FULL          │                            │ Input(#9): PARTIAL       ││ Input(#15): FULL         ││ Input(#24): PARTIAL      │                            
└────────────┬─────────────┘                            └────────────┬─────────────┘└────────────┬─────────────┘└────────────┬─────────────┘                            
             │                                                       │                           │                           │                                          
┌──────────────────────────┐                            ┌──────────────────────────┐┌──────────────────────────┐┌──────────────────────────┐                            
│ Pipeline #6              │                            │ Pipeline #9              ││ Pipeline #15             ││ Pipeline #24             │                            
│ HASH_JOIN (id=6)         │                            │ GPU_SCAN (id=9)          ││ GPU_SCAN (id=15)         ││ HASH_JOIN (id=25)        │                            
│   type: INNER            │                            │                          ││                          ││   type: INNER            │                            
│ Input(#2): PARTIAL       │                            │                          ││                          ││ Input(#20): PARTIAL      │                            
│ Input(#5): PARTIAL       │                            │                          ││                          ││ Input(#23): PARTIAL      │                            
└────────────┬─────────────┘                            └──────────────────────────┘└──────────────────────────┘└────────────┬─────────────┘                            
             ┌───────────────────────────┐                                                                                   ┌───────────────────────────┐              
             │                           │                                                                                   │                           │              
┌──────────────────────────┐┌──────────────────────────┐                                                        ┌──────────────────────────┐┌──────────────────────────┐
│ Pipeline #2              ││ Pipeline #5              │                                                        │ Pipeline #20             ││ Pipeline #23             │
│ CONCAT (id=2)            ││ CONCAT (id=5)            │                                                        │ CONCAT (id=20)           ││ CONCAT (id=24)           │
│ Input(#1): PARTIAL       ││ Input(#4): PARTIAL       │                                                        │ Input(#19): PARTIAL      ││ Input(#22): PARTIAL      │
└────────────┬─────────────┘└────────────┬─────────────┘                                                        └────────────┬─────────────┘└────────────┬─────────────┘
             │                           │                                                                                   │                           │              
┌──────────────────────────┐┌──────────────────────────┐                                                        ┌──────────────────────────┐┌──────────────────────────┐
│ Pipeline #1              ││ Pipeline #4              │                                                        │ Pipeline #19             ││ Pipeline #22             │
│ PARTITION (id=1)         ││ PARTITION (id=4)         │                                                        │ PARTITION (id=19)        ││ PARTITION (id=23)        │
│ Input(#0): FULL          ││ Input(#3): PARTIAL       │                                                        │ Input(#18): FULL         ││ Input(#21): PARTIAL      │
└────────────┬─────────────┘└────────────┬─────────────┘                                                        └────────────┬─────────────┘└────────────┬─────────────┘
             │                           │                                                                                   │                           │              
┌──────────────────────────┐┌──────────────────────────┐                                                        ┌──────────────────────────┐┌──────────────────────────┐
│ Pipeline #0              ││ Pipeline #3              │                                                        │ Pipeline #18             ││ Pipeline #21             │
│ GPU_SCAN (id=0)          ││ GPU_SCAN (id=3)          │                                                        │ GPU_SCAN (id=18)         ││ DYNAMIC_FILTER (id=22)   │
│                          ││                          │                                                        │                          ││ GPU_SCAN (id=21)         │
└──────────────────────────┘└──────────────────────────┘                                                        └──────────────────────────┘└──────────────────────────┘

[2026-07-31 08:25:27.066] [info] [sirius_engine.cpp:148] query 61 telemetry_query=019fb7473d1a7412a44ce34135cd59ec
[2026-07-31 08:25:27.067] [info] [sirius_scan_manager.cpp:1494] [sirius_scan_manager] assigned pinned entry 'nation' to operator '0'
[2026-07-31 08:25:27.067] [info] [sirius_scan_manager.cpp:1494] [sirius_scan_manager] assigned pinned entry 'supplier' to operator '3'
[2026-07-31 08:25:27.067] [info] [sirius_scan_manager.cpp:1494] [sirius_scan_manager] assigned pinned entry 'partsupp' to operator '9'
[2026-07-31 08:25:27.067] [info] [sirius_scan_manager.cpp:1494] [sirius_scan_manager] assigned pinned entry 'orders' to operator '15'
[2026-07-31 08:25:27.067] [info] [sirius_scan_manager.cpp:1494] [sirius_scan_manager] assigned pinned entry 'part' to operator '18'
[2026-07-31 08:25:27.067] [info] [sirius_scan_manager.cpp:1494] [sirius_scan_manager] assigned pinned entry 'lineitem' to operator '21'
[2026-07-31 08:25:27.067] [info] [memory_prefetcher.cpp:52] [memory_prefetcher] started: 3 threads, 6 connectors, min_free_fraction=0.40
[2026-07-31 08:25:27.068] [warning] [sirius_physical_partition.cpp:304] slot_for_device: device_id 0 not found in active GPU list, falling back to slot 0
[2026-07-31 08:25:27.100] [warning] [sirius_physical_partition.cpp:304] slot_for_device: device_id 0 not found in active GPU list, falling back to slot 0
[2026-07-31 08:25:27.103] [warning] [sirius_physical_partition.cpp:304] slot_for_device: device_id 0 not found in active GPU list, falling back to slot 0
[2026-07-31 08:25:27.103] [warning] [sirius_physical_partition.cpp:304] slot_for_device: device_id 0 not found in active GPU list, falling back to slot 0
[2026-07-31 08:25:27.103] [warning] [sirius_physical_hash_join.cpp:1013] In sirius_physical_hash_join:get_next_task_input_data_for_build_probe: no schedulable partition (build/probe already drained) in operator 12
[2026-07-31 08:25:27.534] [info] [dynamic_filter_publisher.cpp:338] [sirius_physical_hash_join] Pushed 1 dynamic filter(s) across 1 active target(s) of 1 wired target(s) (10870459 build rows, 1 keys).
[2026-07-31 08:25:27.997] [warning] [sirius_physical_partition.cpp:304] slot_for_device: device_id 0 not found in active GPU list, falling back to slot 0
[2026-07-31 08:25:27.999] [warning] [sirius_physical_partition.cpp:304] slot_for_device: device_id 0 not found in active GPU list, falling back to slot 0
[2026-07-31 08:25:27.999] [warning] [sirius_physical_partition.cpp:304] slot_for_device: device_id 0 not found in active GPU list, falling back to slot 0
[2026-07-31 08:25:27.999] [warning] [sirius_physical_partition.cpp:304] slot_for_device: device_id 0 not found in active GPU list, falling back to slot 0
[2026-07-31 08:25:27.999] [warning] [sirius_physical_partition.cpp:304] slot_for_device: device_id 0 not found in active GPU list, falling back to slot 0
[2026-07-31 08:25:27.999] [warning] [sirius_physical_partition.cpp:304] slot_for_device: device_id 0 not found in active GPU list, falling back to slot 0
[2026-07-31 08:25:28.000] [warning] [sirius_physical_partition.cpp:304] slot_for_device: device_id 0 not found in active GPU list, falling back to slot 0
[2026-07-31 08:25:28.000] [warning] [sirius_physical_partition.cpp:304] slot_for_device: device_id 0 not found in active GPU list, falling back to slot 0
[2026-07-31 08:25:28.000] [warning] [sirius_physical_partition.cpp:304] slot_for_device: device_id 0 not found in active GPU list, falling back to slot 0
[2026-07-31 08:25:28.000] [warning] [sirius_physical_partition.cpp:304] slot_for_device: device_id 0 not found in active GPU list, falling back to slot 0
[2026-07-31 08:25:28.000] [warning] [sirius_physical_partition.cpp:304] slot_for_device: device_id 0 not found in active GPU list, falling back to slot 0
[2026-07-31 08:25:28.000] [warning] [sirius_physical_partition.cpp:304] slot_for_device: device_id 0 not found in active GPU list, falling back to slot 0
[2026-07-31 08:25:28.000] [warning] [sirius_physical_partition.cpp:304] slot_for_device: device_id 0 not found in active GPU list, falling back to slot 0
[2026-07-31 08:25:28.000] [warning] [sirius_physical_partition.cpp:304] slot_for_device: device_id 0 not found in active GPU list, falling back to slot 0
[2026-07-31 08:25:28.000] [warning] [sirius_physical_partition.cpp:304] slot_for_device: device_id 0 not found in active GPU list, falling back to slot 0
[2026-07-31 08:25:28.000] [warning] [sirius_physical_partition.cpp:304] slot_for_device: device_id 0 not found in active GPU list, falling back to slot 0
[2026-07-31 08:25:28.000] [warning] [sirius_physical_partition.cpp:304] slot_for_device: device_id 0 not found in active GPU list, falling back to slot 0
[2026-07-31 08:25:28.000] [warning] [sirius_physical_partition.cpp:304] slot_for_device: device_id 0 not found in active GPU list, falling back to slot 0
[2026-07-31 08:25:28.000] [warning] [sirius_physical_partition.cpp:304] slot_for_device: device_id 0 not found in active GPU list, falling back to slot 0
[2026-07-31 08:25:28.000] [warning] [sirius_physical_partition.cpp:304] slot_for_device: device_id 0 not found in active GPU list, falling back to slot 0
[2026-07-31 08:25:28.000] [warning] [sirius_physical_partition.cpp:304] slot_for_device: device_id 0 not found in active GPU list, falling back to slot 0
[2026-07-31 08:25:28.000] [warning] [sirius_physical_partition.cpp:304] slot_for_device: device_id 0 not found in active GPU list, falling back to slot 0
[2026-07-31 08:25:28.000] [warning] [sirius_physical_partition.cpp:304] slot_for_device: device_id 0 not found in active GPU list, falling back to slot 0
[2026-07-31 08:25:28.000] [warning] [sirius_physical_partition.cpp:304] slot_for_device: device_id 0 not found in active GPU list, falling back to slot 0
[2026-07-31 08:25:28.000] [warning] [sirius_physical_partition.cpp:304] slot_for_device: device_id 0 not found in active GPU list, falling back to slot 0
[2026-07-31 08:25:28.000] [warning] [sirius_physical_partition.cpp:304] slot_for_device: device_id 0 not found in active GPU list, falling back to slot 0
[2026-07-31 08:25:28.001] [warning] [sirius_physical_partition.cpp:304] slot_for_device: device_id 0 not found in active GPU list, falling back to slot 0
[2026-07-31 08:25:28.001] [warning] [sirius_physical_partition.cpp:304] slot_for_device: device_id 0 not found in active GPU list, falling back to slot 0
[2026-07-31 08:25:28.001] [warning] [sirius_physical_partition.cpp:304] slot_for_device: device_id 0 not found in active GPU list, falling back to slot 0
[2026-07-31 08:25:28.001] [warning] [sirius_physical_partition.cpp:304] slot_for_device: device_id 0 not found in active GPU list, falling back to slot 0
[2026-07-31 08:25:28.001] [warning] [sirius_physical_partition.cpp:304] slot_for_device: device_id 0 not found in active GPU list, falling back to slot 0
[2026-07-31 08:25:28.001] [warning] [sirius_physical_partition.cpp:304] slot_for_device: device_id 0 not found in active GPU list, falling back to slot 0
[2026-07-31 08:25:28.001] [warning] [sirius_physical_partition.cpp:304] slot_for_device: device_id 0 not found in active GPU list, falling back to slot 0
[2026-07-31 08:25:28.001] [warning] [sirius_physical_partition.cpp:304] slot_for_device: device_id 0 not found in active GPU list, falling back to slot 0
[2026-07-31 08:25:28.001] [warning] [sirius_physical_partition.cpp:304] slot_for_device: device_id 0 not found in active GPU list, falling back to slot 0
[2026-07-31 08:25:28.001] [warning] [sirius_physical_partition.cpp:304] slot_for_device: device_id 0 not found in active GPU list, falling back to slot 0
[2026-07-31 08:25:28.001] [warning] [sirius_physical_partition.cpp:304] slot_for_device: device_id 0 not found in active GPU list, falling back to slot 0
[2026-07-31 08:25:28.001] [warning] [sirius_physical_partition.cpp:304] slot_for_device: device_id 0 not found in active GPU list, falling back to slot 0
[2026-07-31 08:25:28.001] [warning] [sirius_physical_partition.cpp:304] slot_for_device: device_id 0 not found in active GPU list, falling back to slot 0
[2026-07-31 08:25:28.001] [warning] [sirius_physical_partition.cpp:304] slot_for_device: device_id 0 not found in active GPU list, falling back to slot 0
[2026-07-31 08:25:28.001] [warning] [sirius_physical_partition.cpp:304] slot_for_device: device_id 0 not found in active GPU list, falling back to slot 0
[2026-07-31 08:25:28.001] [warning] [sirius_physical_partition.cpp:304] slot_for_device: device_id 0 not found in active GPU list, falling back to slot 0
[2026-07-31 08:25:28.001] [warning] [sirius_physical_partition.cpp:304] slot_for_device: device_id 0 not found in active GPU list, falling back to slot 0
[2026-07-31 08:25:28.001] [warning] [sirius_physical_partition.cpp:304] slot_for_device: device_id 0 not found in active GPU list, falling back to slot 0
[2026-07-31 08:25:28.001] [warning] [sirius_physical_partition.cpp:304] slot_for_device: device_id 0 not found in active GPU list, falling back to slot 0
[2026-07-31 08:25:28.002] [warning] [sirius_physical_partition.cpp:304] slot_for_device: device_id 0 not found in active GPU list, falling back to slot 0
[2026-07-31 08:25:28.002] [warning] [sirius_physical_partition.cpp:304] slot_for_device: device_id 0 not found in active GPU list, falling back to slot 0
[2026-07-31 08:25:28.003] [warning] [sirius_physical_partition.cpp:304] slot_for_device: device_id 0 not found in active GPU list, falling back to slot 0
[2026-07-31 08:25:28.074] [warning] [sirius_physical_partition.cpp:304] slot_for_device: device_id 0 not found in active GPU list, falling back to slot 0
[2026-07-31 08:25:28.074] [warning] [sirius_physical_partition.cpp:304] slot_for_device: device_id 0 not found in active GPU list, falling back to slot 0
[2026-07-31 08:25:28.923] [info] [gpu_pipeline_executor.cpp:129] GPU Pipeline Executor: task queue interrupted, stopping manager loop
[2026-07-31 08:25:28.923] [info] [sirius_context.cpp:300] QueryEnd
[2026-07-31 08:25:28.927] [info] [memory_prefetcher.cpp:65] [memory_prefetcher] stopping: prefetched 3 batches / 13100000192 bytes (stops: headroom=0 reservation=0, skips: lock=0 draining=568)
[2026-07-31 08:25:28.927] [info] [sirius_context.cpp:152] [host_pool] HOST:0 QueryEnd instance=0xe921ed12aa80 connection=1 window=61 query=143 allocated=30735859712 bytes peak=73014444032 bytes free_blocks=2678
[2026-07-31 08:25:28.927] [info] [sirius_context.cpp:167] [gpu_pool] GPU:0 QueryEnd instance=0xe921ed12aa80 connection=1 window=61 query=143 allocated=92918637312 bytes peak=211891746064 bytes reserved=0 bytes
[2026-07-31 08:25:28.927] [info] [sirius_context.cpp:416] [window] end instance=0xe921ed12aa80 connection=1 window=61 query=143 outcome=ok
[2026-07-31 08:25:28.927] [info] [physical_sirius_execution.cpp:329] Transparent GPU execution: query completed
[2026-07-31 08:25:28.930] [info] [sirius_context.cpp:225] QueryBegin: instance=0xe921ed12aa80 connection=1 query=144 SQL: CALL sirius_set_query_label('q9_iter1')
[2026-07-31 08:25:28.930] [info] [sirius_context.cpp:225] QueryBegin: instance=0xe921ed12aa80 connection=1 query=145 SQL: SET gpu_execution = true;
[2026-07-31 08:25:28.930] [info] [sirius_context.cpp:225] QueryBegin: instance=0xe921ed12aa80 connection=1 query=146 SQL: select nation, o_year, sum(amount) as sum_profit from ( select n.n_name as nation, extract(year from o.o_orderdate) as o_year, l.l_extendedprice * (1 - l.l_discount) - ps.ps_supplycost * l.l_quantity as amount from part p, supplier s, lineitem l, partsupp ps, orders o, nation n where s.s_suppkey = l.l_suppkey and ps.ps_suppkey = l.l_suppkey and ps.ps_partkey = l.l_partkey and p.p_partkey = l.l_partkey and o.o_orderkey = l.l_orderkey and s.s_nationkey = n.n_nationkey and p.p_name like '%yellow%' ) as profit group by nation, o_year order by nation, o_year desc
[2026-07-31 08:25:28.947] [info] [sirius_plan_get.cpp:498] [sirius_plan_get] LogicalGet has dynamic_filters attached (channel key=0xc7e9d0f966a0).
[2026-07-31 08:25:28.947] [info] [sirius_plan_comparison_join.cpp:608] [sirius_plan_comparison_join] Wired hash join with 1 dynamic-filter probe target(s) (build est 199999968 rows).
[2026-07-31 08:25:28.947] [info] [sirius_plan_comparison_join.cpp:547] [sirius_plan_comparison_join] Not wiring dynamic filter(s): build side is unfiltered (build est 1499999460 rows).
[2026-07-31 08:25:28.947] [info] [sirius_plan_get.cpp:498] [sirius_plan_get] LogicalGet has dynamic_filters attached (channel key=0xc7e9cf582810).
[2026-07-31 08:25:28.947] [info] [sirius_plan_get.cpp:498] [sirius_plan_get] LogicalGet has dynamic_filters attached (channel key=0xc7e9d101fe20).
[2026-07-31 08:25:28.947] [info] [sirius_plan_comparison_join.cpp:547] [sirius_plan_comparison_join] Not wiring dynamic filter(s): build side is unfiltered (build est 25 rows).
[2026-07-31 08:25:28.947] [info] [sirius_plan_comparison_join.cpp:547] [sirius_plan_comparison_join] Not wiring dynamic filter(s): build side is unfiltered (build est 10000000 rows).
[2026-07-31 08:25:28.948] [info] [sirius_context.cpp:1244] Transparent execution: Sirius physical plan generated successfully
[2026-07-31 08:25:28.948] [info] [sirius_context.cpp:1272] Transparent execution: physical plan replaced with GPU operator
[2026-07-31 08:25:28.948] [info] [physical_sirius_execution.cpp:155] Transparent GPU execution: executing query
[2026-07-31 08:25:28.948] [info] [sirius_context.cpp:416] [window] begin instance=0xe921ed12aa80 connection=1 window=62 query=146 outcome=-
[2026-07-31 08:25:28.948] [info] [sirius_context.cpp:152] [host_pool] HOST:0 QueryBegin instance=0xe921ed12aa80 connection=1 window=62 query=146 allocated=30735859712 bytes peak=73014444032 bytes free_blocks=2678
[2026-07-31 08:25:28.948] [info] [sirius_context.cpp:167] [gpu_pool] GPU:0 QueryBegin instance=0xe921ed12aa80 connection=1 window=62 query=146 allocated=92918637312 bytes peak=211891746064 bytes reserved=0 bytes
[2026-07-31 08:25:28.948] [info] [sirius_context.cpp:285] QueryBegin: transparent_execution
[2026-07-31 08:25:28.953] [info] [sirius_plan_get.cpp:498] [sirius_plan_get] LogicalGet has dynamic_filters attached (channel key=0xc7e9d0f966a0).
[2026-07-31 08:25:28.953] [info] [sirius_plan_comparison_join.cpp:608] [sirius_plan_comparison_join] Wired hash join with 1 dynamic-filter probe target(s) (build est 199999968 rows).
[2026-07-31 08:25:28.953] [info] [sirius_plan_comparison_join.cpp:547] [sirius_plan_comparison_join] Not wiring dynamic filter(s): build side is unfiltered (build est 1499999460 rows).
[2026-07-31 08:25:28.953] [info] [sirius_plan_get.cpp:498] [sirius_plan_get] LogicalGet has dynamic_filters attached (channel key=0xc7e9cf582810).
[2026-07-31 08:25:28.953] [info] [sirius_plan_get.cpp:498] [sirius_plan_get] LogicalGet has dynamic_filters attached (channel key=0xc7e9d101fe20).
[2026-07-31 08:25:28.953] [info] [sirius_plan_comparison_join.cpp:547] [sirius_plan_comparison_join] Not wiring dynamic filter(s): build side is unfiltered (build est 25 rows).
[2026-07-31 08:25:28.953] [info] [sirius_plan_comparison_join.cpp:547] [sirius_plan_comparison_join] Not wiring dynamic filter(s): build side is unfiltered (build est 10000000 rows).
[2026-07-31 08:25:28.954] [info] [sirius_engine.cpp:265] Query Plan:
=== Pipeline Overview ===
Pipeline #0: GPU_SCAN (id=0)
  Output: -> PARTITION [port: default, barrier: FULL]
Pipeline #1: PARTITION (id=1)
  Input: <- Pipeline #0 [on: PARTITION (id=1), port: default, barrier: FULL]
  Dependencies: Pipeline #0
  Output: -> CONCAT [port: default, barrier: PARTIAL]
Pipeline #2: CONCAT (id=2)
  Input: <- Pipeline #1 [on: CONCAT (id=2), port: default, barrier: PARTIAL]
  Dependencies: Pipeline #1
  Output: -> HASH_JOIN [port: build, barrier: PARTIAL]
Pipeline #3: GPU_SCAN (id=3)
  Output: -> PARTITION [port: default, barrier: PARTIAL]
Pipeline #4: PARTITION (id=4)
  Input: <- Pipeline #3 [on: PARTITION (id=4), port: default, barrier: PARTIAL]
  Dependencies: Pipeline #3
  Output: -> CONCAT [port: default, barrier: PARTIAL]
Pipeline #5: CONCAT (id=5)
  Input: <- Pipeline #4 [on: CONCAT (id=5), port: default, barrier: PARTIAL]
  Dependencies: Pipeline #4
  Output: -> HASH_JOIN [port: default, barrier: PARTIAL]
Pipeline #6: HASH_JOIN (id=6)
  Input: <- Pipeline #2 [on: HASH_JOIN (id=6), port: build, barrier: PARTIAL]
  Input: <- Pipeline #5 [on: HASH_JOIN (id=6), port: default, barrier: PARTIAL]
  Dependencies: Pipeline #2, Pipeline #5
  Output: -> PARTITION [port: default, barrier: FULL]
Pipeline #7: PARTITION (id=7)
  Input: <- Pipeline #6 [on: PARTITION (id=7), port: default, barrier: FULL]
  Dependencies: Pipeline #6
  Output: -> CONCAT [port: default, barrier: PARTIAL]
Pipeline #8: CONCAT (id=8)
  Input: <- Pipeline #7 [on: CONCAT (id=8), port: default, barrier: PARTIAL]
  Dependencies: Pipeline #7
  Output: -> HASH_JOIN [port: build, barrier: PARTIAL]
Pipeline #9: GPU_SCAN (id=9)
  Output: -> PARTITION [port: default, barrier: PARTIAL]
Pipeline #10: PARTITION (id=10)
  Input: <- Pipeline #9 [on: PARTITION (id=10), port: default, barrier: PARTIAL]
  Dependencies: Pipeline #9
  Output: -> CONCAT [port: default, barrier: PARTIAL]
Pipeline #11: CONCAT (id=11)
  Input: <- Pipeline #10 [on: CONCAT (id=11), port: default, barrier: PARTIAL]
  Dependencies: Pipeline #10
  Output: -> HASH_JOIN [port: default, barrier: PARTIAL]
Pipeline #12: HASH_JOIN (id=12)
  Input: <- Pipeline #8 [on: HASH_JOIN (id=12), port: build, barrier: PARTIAL]
  Input: <- Pipeline #11 [on: HASH_JOIN (id=12), port: default, barrier: PARTIAL]
  Dependencies: Pipeline #8, Pipeline #11
  Output: -> PARTITION [port: default, barrier: FULL]
Pipeline #13: PARTITION (id=13)
  Input: <- Pipeline #12 [on: PARTITION (id=13), port: default, barrier: FULL]
  Dependencies: Pipeline #12
  Output: -> CONCAT [port: default, barrier: PARTIAL]
Pipeline #14: CONCAT (id=14)
  Input: <- Pipeline #13 [on: CONCAT (id=14), port: default, barrier: PARTIAL]
  Dependencies: Pipeline #13
  Output: -> HASH_JOIN [port: build, barrier: PARTIAL]
Pipeline #15: GPU_SCAN (id=15)
  Output: -> PARTITION [port: default, barrier: FULL]
Pipeline #16: PARTITION (id=16)
  Input: <- Pipeline #15 [on: PARTITION (id=16), port: default, barrier: FULL]
  Dependencies: Pipeline #15
  Output: -> CONCAT [port: default, barrier: PARTIAL]
Pipeline #17: CONCAT (id=17)
  Input: <- Pipeline #16 [on: CONCAT (id=17), port: default, barrier: PARTIAL]
  Dependencies: Pipeline #16
  Output: -> HASH_JOIN [port: build, barrier: PARTIAL]
Pipeline #18: GPU_SCAN (id=18)
  Output: -> PARTITION [port: default, barrier: FULL]
Pipeline #19: PARTITION (id=19)
  Input: <- Pipeline #18 [on: PARTITION (id=19), port: default, barrier: FULL]
  Dependencies: Pipeline #18
  Output: -> CONCAT [port: default, barrier: PARTIAL]
Pipeline #20: CONCAT (id=20)
  Input: <- Pipeline #19 [on: CONCAT (id=20), port: default, barrier: PARTIAL]
  Dependencies: Pipeline #19
  Output: -> HASH_JOIN [port: build, barrier: PARTIAL]
Pipeline #21: GPU_SCAN (id=21) -> DYNAMIC_FILTER (id=22)
  Output: -> PARTITION [port: default, barrier: PARTIAL]
Pipeline #22: PARTITION (id=23)
  Input: <- Pipeline #21 [on: PARTITION (id=23), port: default, barrier: PARTIAL]
  Dependencies: Pipeline #21
  Output: -> CONCAT [port: default, barrier: PARTIAL]
Pipeline #23: CONCAT (id=24)
  Input: <- Pipeline #22 [on: CONCAT (id=24), port: default, barrier: PARTIAL]
  Dependencies: Pipeline #22
  Output: -> HASH_JOIN [port: default, barrier: PARTIAL]
Pipeline #24: HASH_JOIN (id=25)
  Input: <- Pipeline #20 [on: HASH_JOIN (id=25), port: build, barrier: PARTIAL]
  Input: <- Pipeline #23 [on: HASH_JOIN (id=25), port: default, barrier: PARTIAL]
  Dependencies: Pipeline #20, Pipeline #23
  Output: -> PARTITION [port: default, barrier: PARTIAL]
Pipeline #25: PARTITION (id=26)
  Input: <- Pipeline #24 [on: PARTITION (id=26), port: default, barrier: PARTIAL]
  Dependencies: Pipeline #24
  Output: -> CONCAT [port: default, barrier: PARTIAL]
Pipeline #26: CONCAT (id=27)
  Input: <- Pipeline #25 [on: CONCAT (id=27), port: default, barrier: PARTIAL]
  Dependencies: Pipeline #25
  Output: -> HASH_JOIN [port: default, barrier: PARTIAL]
Pipeline #27: HASH_JOIN (id=28)
  Input: <- Pipeline #17 [on: HASH_JOIN (id=28), port: build, barrier: PARTIAL]
  Input: <- Pipeline #26 [on: HASH_JOIN (id=28), port: default, barrier: PARTIAL]
  Dependencies: Pipeline #17, Pipeline #26
  Output: -> PARTITION [port: default, barrier: PARTIAL]
Pipeline #28: PARTITION (id=29)
  Input: <- Pipeline #27 [on: PARTITION (id=29), port: default, barrier: PARTIAL]
  Dependencies: Pipeline #27
  Output: -> CONCAT [port: default, barrier: PARTIAL]
Pipeline #29: CONCAT (id=30)
  Input: <- Pipeline #28 [on: CONCAT (id=30), port: default, barrier: PARTIAL]
  Dependencies: Pipeline #28
  Output: -> HASH_JOIN [port: default, barrier: PARTIAL]
Pipeline #30: HASH_JOIN (id=31) -> PROJECTION (id=32) -> HASH_GROUP_BY (id=33)
  Input: <- Pipeline #14 [on: HASH_JOIN (id=31), port: build, barrier: PARTIAL]
  Input: <- Pipeline #29 [on: HASH_JOIN (id=31), port: default, barrier: PARTIAL]
  Dependencies: Pipeline #14, Pipeline #29
  Output: -> PARTITION [port: default, barrier: FULL]
Pipeline #31: PARTITION (id=34)
  Input: <- Pipeline #30 [on: PARTITION (id=34), port: default, barrier: FULL]
  Dependencies: Pipeline #30
  Output: -> MERGE_GROUP_BY [port: default, barrier: FULL]
Pipeline #32: MERGE_GROUP_BY (id=35) -> ORDER_BY (id=36)
  Input: <- Pipeline #31 [on: MERGE_GROUP_BY (id=35), port: default, barrier: FULL]
  Dependencies: Pipeline #31
  Output: -> SORT_SAMPLE [port: default, barrier: PIPELINE]
Pipeline #33: SORT_SAMPLE (id=37) -> SORT_PARTITION (id=38)
  Input: <- Pipeline #32 [on: SORT_SAMPLE (id=37), port: default, barrier: PIPELINE]
  Dependencies: Pipeline #32
  Output: -> MERGE_SORT [port: default, barrier: FULL]
Pipeline #34: MERGE_SORT (id=39)
  Input: <- Pipeline #33 [on: MERGE_SORT (id=39), port: default, barrier: FULL]
  Dependencies: Pipeline #33
  Output: -> RESULT_COLLECTOR [port: default, barrier: FULL]
Pipeline #35: RESULT_COLLECTOR (id=40)
  Input: <- Pipeline #34 [on: RESULT_COLLECTOR (id=40), port: default, barrier: FULL]
  Dependencies: Pipeline #34

=== Query Plan DAG ===
┌──────────────────────────┐                                                                                                                                            
│ Pipeline #35             │                                                                                                                                            
│ RESULT_COLLECTOR (id=40) │                                                                                                                                            
│ Input(#34): FULL         │                                                                                                                                            
└────────────┬─────────────┘                                                                                                                                            
             │                                                                                                                                                          
┌──────────────────────────┐                                                                                                                                            
│ Pipeline #34             │                                                                                                                                            
│ MERGE_SORT (id=39)       │                                                                                                                                            
│ Input(#33): FULL         │                                                                                                                                            
└────────────┬─────────────┘                                                                                                                                            
             │                                                                                                                                                          
┌──────────────────────────┐                                                                                                                                            
│ Pipeline #33             │                                                                                                                                            
│ SORT_PARTITION (id=38)   │                                                                                                                                            
│ SORT_SAMPLE (id=37)      │                                                                                                                                            
│ Input(#32): PIPELINE     │                                                                                                                                            
└────────────┬─────────────┘                                                                                                                                            
             │                                                                                                                                                          
┌──────────────────────────┐                                                                                                                                            
│ Pipeline #32             │                                                                                                                                            
│ ORDER_BY (id=36)         │                                                                                                                                            
│ MERGE_GROUP_BY (id=35)   │                                                                                                                                            
│ Input(#31): FULL         │                                                                                                                                            
└────────────┬─────────────┘                                                                                                                                            
             │                                                                                                                                                          
┌──────────────────────────┐                                                                                                                                            
│ Pipeline #31             │                                                                                                                                            
│ PARTITION (id=34)        │                                                                                                                                            
│ Input(#30): FULL         │                                                                                                                                            
└────────────┬─────────────┘                                                                                                                                            
             │                                                                                                                                                          
┌──────────────────────────┐                                                                                                                                            
│ Pipeline #30             │                                                                                                                                            
│ HASH_GROUP_BY (id=33)    │                                                                                                                                            
│ PROJECTION (id=32)       │                                                                                                                                            
│ HASH_JOIN (id=31)        │                                                                                                                                            
│   type: INNER            │                                                                                                                                            
│ Input(#14): PARTIAL      │                                                                                                                                            
│ Input(#29): PARTIAL      │                                                                                                                                            
└────────────┬─────────────┘                                                                                                                                            
             ┌───────────────────────────────────────────────────────────────────────────────────┐                                                                      
             │                                                                                   │                                                                      
┌──────────────────────────┐                                                        ┌──────────────────────────┐                                                        
│ Pipeline #14             │                                                        │ Pipeline #29             │                                                        
│ CONCAT (id=14)           │                                                        │ CONCAT (id=30)           │                                                        
│ Input(#13): PARTIAL      │                                                        │ Input(#28): PARTIAL      │                                                        
└────────────┬─────────────┘                                                        └────────────┬─────────────┘                                                        
             │                                                                                   │                                                                      
┌──────────────────────────┐                                                        ┌──────────────────────────┐                                                        
│ Pipeline #13             │                                                        │ Pipeline #28             │                                                        
│ PARTITION (id=13)        │                                                        │ PARTITION (id=29)        │                                                        
│ Input(#12): FULL         │                                                        │ Input(#27): PARTIAL      │                                                        
└────────────┬─────────────┘                                                        └────────────┬─────────────┘                                                        
             │                                                                                   │                                                                      
┌──────────────────────────┐                                                        ┌──────────────────────────┐                                                        
│ Pipeline #12             │                                                        │ Pipeline #27             │                                                        
│ HASH_JOIN (id=12)        │                                                        │ HASH_JOIN (id=28)        │                                                        
│   type: INNER            │                                                        │   type: INNER            │                                                        
│ Input(#8): PARTIAL       │                                                        │ Input(#17): PARTIAL      │                                                        
│ Input(#11): PARTIAL      │                                                        │ Input(#26): PARTIAL      │                                                        
└────────────┬─────────────┘                                                        └────────────┬─────────────┘                                                        
             ┌───────────────────────────────────────────────────────┐                           ┌───────────────────────────┐                                          
             │                                                       │                           │                           │                                          
┌──────────────────────────┐                            ┌──────────────────────────┐┌──────────────────────────┐┌──────────────────────────┐                            
│ Pipeline #8              │                            │ Pipeline #11             ││ Pipeline #17             ││ Pipeline #26             │                            
│ CONCAT (id=8)            │                            │ CONCAT (id=11)           ││ CONCAT (id=17)           ││ CONCAT (id=27)           │                            
│ Input(#7): PARTIAL       │                            │ Input(#10): PARTIAL      ││ Input(#16): PARTIAL      ││ Input(#25): PARTIAL      │                            
└────────────┬─────────────┘                            └────────────┬─────────────┘└────────────┬─────────────┘└────────────┬─────────────┘                            
             │                                                       │                           │                           │                                          
┌──────────────────────────┐                            ┌──────────────────────────┐┌──────────────────────────┐┌──────────────────────────┐                            
│ Pipeline #7              │                            │ Pipeline #10             ││ Pipeline #16             ││ Pipeline #25             │                            
│ PARTITION (id=7)         │                            │ PARTITION (id=10)        ││ PARTITION (id=16)        ││ PARTITION (id=26)        │                            
│ Input(#6): FULL          │                            │ Input(#9): PARTIAL       ││ Input(#15): FULL         ││ Input(#24): PARTIAL      │                            
└────────────┬─────────────┘                            └────────────┬─────────────┘└────────────┬─────────────┘└────────────┬─────────────┘                            
             │                                                       │                           │                           │                                          
┌──────────────────────────┐                            ┌──────────────────────────┐┌──────────────────────────┐┌──────────────────────────┐                            
│ Pipeline #6              │                            │ Pipeline #9              ││ Pipeline #15             ││ Pipeline #24             │                            
│ HASH_JOIN (id=6)         │                            │ GPU_SCAN (id=9)          ││ GPU_SCAN (id=15)         ││ HASH_JOIN (id=25)        │                            
│   type: INNER            │                            │                          ││                          ││   type: INNER            │                            
│ Input(#2): PARTIAL       │                            │                          ││                          ││ Input(#20): PARTIAL      │                            
│ Input(#5): PARTIAL       │                            │                          ││                          ││ Input(#23): PARTIAL      │                            
└────────────┬─────────────┘                            └──────────────────────────┘└──────────────────────────┘└────────────┬─────────────┘                            
             ┌───────────────────────────┐                                                                                   ┌───────────────────────────┐              
             │                           │                                                                                   │                           │              
┌──────────────────────────┐┌──────────────────────────┐                                                        ┌──────────────────────────┐┌──────────────────────────┐
│ Pipeline #2              ││ Pipeline #5              │                                                        │ Pipeline #20             ││ Pipeline #23             │
│ CONCAT (id=2)            ││ CONCAT (id=5)            │                                                        │ CONCAT (id=20)           ││ CONCAT (id=24)           │
│ Input(#1): PARTIAL       ││ Input(#4): PARTIAL       │                                                        │ Input(#19): PARTIAL      ││ Input(#22): PARTIAL      │
└────────────┬─────────────┘└────────────┬─────────────┘                                                        └────────────┬─────────────┘└────────────┬─────────────┘
             │                           │                                                                                   │                           │              
┌──────────────────────────┐┌──────────────────────────┐                                                        ┌──────────────────────────┐┌──────────────────────────┐
│ Pipeline #1              ││ Pipeline #4              │                                                        │ Pipeline #19             ││ Pipeline #22             │
│ PARTITION (id=1)         ││ PARTITION (id=4)         │                                                        │ PARTITION (id=19)        ││ PARTITION (id=23)        │
│ Input(#0): FULL          ││ Input(#3): PARTIAL       │                                                        │ Input(#18): FULL         ││ Input(#21): PARTIAL      │
└────────────┬─────────────┘└────────────┬─────────────┘                                                        └────────────┬─────────────┘└────────────┬─────────────┘
             │                           │                                                                                   │                           │              
┌──────────────────────────┐┌──────────────────────────┐                                                        ┌──────────────────────────┐┌──────────────────────────┐
│ Pipeline #0              ││ Pipeline #3              │                                                        │ Pipeline #18             ││ Pipeline #21             │
│ GPU_SCAN (id=0)          ││ GPU_SCAN (id=3)          │                                                        │ GPU_SCAN (id=18)         ││ DYNAMIC_FILTER (id=22)   │
│                          ││                          │                                                        │                          ││ GPU_SCAN (id=21)         │
└──────────────────────────┘└──────────────────────────┘                                                        └──────────────────────────┘└──────────────────────────┘

[2026-07-31 08:25:28.954] [info] [sirius_engine.cpp:148] query 62 telemetry_query=019fb747447975e08e5e5bd39505fa7d
[2026-07-31 08:25:28.954] [info] [sirius_scan_manager.cpp:1494] [sirius_scan_manager] assigned pinned entry 'nation' to operator '0'
[2026-07-31 08:25:28.954] [info] [sirius_scan_manager.cpp:1494] [sirius_scan_manager] assigned pinned entry 'supplier' to operator '3'
[2026-07-31 08:25:28.954] [info] [sirius_scan_manager.cpp:1494] [sirius_scan_manager] assigned pinned entry 'partsupp' to operator '9'
[2026-07-31 08:25:28.954] [info] [sirius_scan_manager.cpp:1494] [sirius_scan_manager] assigned pinned entry 'orders' to operator '15'
[2026-07-31 08:25:28.954] [info] [sirius_scan_manager.cpp:1494] [sirius_scan_manager] assigned pinned entry 'part' to operator '18'
[2026-07-31 08:25:28.954] [info] [sirius_scan_manager.cpp:1494] [sirius_scan_manager] assigned pinned entry 'lineitem' to operator '21'
[2026-07-31 08:25:28.957] [info] [memory_prefetcher.cpp:52] [memory_prefetcher] started: 3 threads, 6 connectors, min_free_fraction=0.40
[2026-07-31 08:25:28.958] [warning] [sirius_physical_partition.cpp:304] slot_for_device: device_id 0 not found in active GPU list, falling back to slot 0
[2026-07-31 08:25:28.987] [warning] [sirius_physical_partition.cpp:304] slot_for_device: device_id 0 not found in active GPU list, falling back to slot 0
[2026-07-31 08:25:28.987] [warning] [sirius_physical_partition.cpp:304] slot_for_device: device_id 0 not found in active GPU list, falling back to slot 0
[2026-07-31 08:25:28.988] [warning] [sirius_physical_hash_join.cpp:1013] In sirius_physical_hash_join:get_next_task_input_data_for_build_probe: no schedulable partition (build/probe already drained) in operator 12
[2026-07-31 08:25:28.989] [warning] [sirius_physical_partition.cpp:304] slot_for_device: device_id 0 not found in active GPU list, falling back to slot 0
[2026-07-31 08:25:29.411] [info] [dynamic_filter_publisher.cpp:338] [sirius_physical_hash_join] Pushed 1 dynamic filter(s) across 1 active target(s) of 1 wired target(s) (10870459 build rows, 1 keys).
[2026-07-31 08:25:29.879] [warning] [sirius_physical_partition.cpp:304] slot_for_device: device_id 0 not found in active GPU list, falling back to slot 0
[2026-07-31 08:25:29.880] [warning] [sirius_physical_partition.cpp:304] slot_for_device: device_id 0 not found in active GPU list, falling back to slot 0
[2026-07-31 08:25:29.881] [warning] [sirius_physical_partition.cpp:304] slot_for_device: device_id 0 not found in active GPU list, falling back to slot 0
[2026-07-31 08:25:29.881] [warning] [sirius_physical_partition.cpp:304] slot_for_device: device_id 0 not found in active GPU list, falling back to slot 0
[2026-07-31 08:25:29.881] [warning] [sirius_physical_partition.cpp:304] slot_for_device: device_id 0 not found in active GPU list, falling back to slot 0
[2026-07-31 08:25:29.881] [warning] [sirius_physical_partition.cpp:304] slot_for_device: device_id 0 not found in active GPU list, falling back to slot 0
[2026-07-31 08:25:29.881] [warning] [sirius_physical_partition.cpp:304] slot_for_device: device_id 0 not found in active GPU list, falling back to slot 0
[2026-07-31 08:25:29.881] [warning] [sirius_physical_partition.cpp:304] slot_for_device: device_id 0 not found in active GPU list, falling back to slot 0
[2026-07-31 08:25:29.881] [warning] [sirius_physical_partition.cpp:304] slot_for_device: device_id 0 not found in active GPU list, falling back to slot 0
[2026-07-31 08:25:29.882] [warning] [sirius_physical_partition.cpp:304] slot_for_device: device_id 0 not found in active GPU list, falling back to slot 0
[2026-07-31 08:25:29.882] [warning] [sirius_physical_partition.cpp:304] slot_for_device: device_id 0 not found in active GPU list, falling back to slot 0
[2026-07-31 08:25:29.882] [warning] [sirius_physical_partition.cpp:304] slot_for_device: device_id 0 not found in active GPU list, falling back to slot 0
[2026-07-31 08:25:29.882] [warning] [sirius_physical_partition.cpp:304] slot_for_device: device_id 0 not found in active GPU list, falling back to slot 0
[2026-07-31 08:25:29.882] [warning] [sirius_physical_partition.cpp:304] slot_for_device: device_id 0 not found in active GPU list, falling back to slot 0
[2026-07-31 08:25:29.882] [warning] [sirius_physical_partition.cpp:304] slot_for_device: device_id 0 not found in active GPU list, falling back to slot 0
[2026-07-31 08:25:29.882] [warning] [sirius_physical_partition.cpp:304] slot_for_device: device_id 0 not found in active GPU list, falling back to slot 0
[2026-07-31 08:25:29.882] [warning] [sirius_physical_partition.cpp:304] slot_for_device: device_id 0 not found in active GPU list, falling back to slot 0
[2026-07-31 08:25:29.882] [warning] [sirius_physical_partition.cpp:304] slot_for_device: device_id 0 not found in active GPU list, falling back to slot 0
[2026-07-31 08:25:29.882] [warning] [sirius_physical_partition.cpp:304] slot_for_device: device_id 0 not found in active GPU list, falling back to slot 0
[2026-07-31 08:25:29.882] [warning] [sirius_physical_partition.cpp:304] slot_for_device: device_id 0 not found in active GPU list, falling back to slot 0
[2026-07-31 08:25:29.882] [warning] [sirius_physical_partition.cpp:304] slot_for_device: device_id 0 not found in active GPU list, falling back to slot 0
[2026-07-31 08:25:29.882] [warning] [sirius_physical_partition.cpp:304] slot_for_device: device_id 0 not found in active GPU list, falling back to slot 0
[2026-07-31 08:25:29.882] [warning] [sirius_physical_partition.cpp:304] slot_for_device: device_id 0 not found in active GPU list, falling back to slot 0
[2026-07-31 08:25:29.882] [warning] [sirius_physical_partition.cpp:304] slot_for_device: device_id 0 not found in active GPU list, falling back to slot 0
[2026-07-31 08:25:29.882] [warning] [sirius_physical_partition.cpp:304] slot_for_device: device_id 0 not found in active GPU list, falling back to slot 0
[2026-07-31 08:25:29.882] [warning] [sirius_physical_partition.cpp:304] slot_for_device: device_id 0 not found in active GPU list, falling back to slot 0
[2026-07-31 08:25:29.882] [warning] [sirius_physical_partition.cpp:304] slot_for_device: device_id 0 not found in active GPU list, falling back to slot 0
[2026-07-31 08:25:29.882] [warning] [sirius_physical_partition.cpp:304] slot_for_device: device_id 0 not found in active GPU list, falling back to slot 0
[2026-07-31 08:25:29.882] [warning] [sirius_physical_partition.cpp:304] slot_for_device: device_id 0 not found in active GPU list, falling back to slot 0
[2026-07-31 08:25:29.882] [warning] [sirius_physical_partition.cpp:304] slot_for_device: device_id 0 not found in active GPU list, falling back to slot 0
[2026-07-31 08:25:29.882] [warning] [sirius_physical_partition.cpp:304] slot_for_device: device_id 0 not found in active GPU list, falling back to slot 0
[2026-07-31 08:25:29.882] [warning] [sirius_physical_partition.cpp:304] slot_for_device: device_id 0 not found in active GPU list, falling back to slot 0
[2026-07-31 08:25:29.882] [warning] [sirius_physical_partition.cpp:304] slot_for_device: device_id 0 not found in active GPU list, falling back to slot 0
[2026-07-31 08:25:29.882] [warning] [sirius_physical_partition.cpp:304] slot_for_device: device_id 0 not found in active GPU list, falling back to slot 0
[2026-07-31 08:25:29.882] [warning] [sirius_physical_partition.cpp:304] slot_for_device: device_id 0 not found in active GPU list, falling back to slot 0
[2026-07-31 08:25:29.882] [warning] [sirius_physical_partition.cpp:304] slot_for_device: device_id 0 not found in active GPU list, falling back to slot 0
[2026-07-31 08:25:29.882] [warning] [sirius_physical_partition.cpp:304] slot_for_device: device_id 0 not found in active GPU list, falling back to slot 0
[2026-07-31 08:25:29.882] [warning] [sirius_physical_partition.cpp:304] slot_for_device: device_id 0 not found in active GPU list, falling back to slot 0
[2026-07-31 08:25:29.882] [warning] [sirius_physical_partition.cpp:304] slot_for_device: device_id 0 not found in active GPU list, falling back to slot 0
[2026-07-31 08:25:29.882] [warning] [sirius_physical_partition.cpp:304] slot_for_device: device_id 0 not found in active GPU list, falling back to slot 0
[2026-07-31 08:25:29.882] [warning] [sirius_physical_partition.cpp:304] slot_for_device: device_id 0 not found in active GPU list, falling back to slot 0
[2026-07-31 08:25:29.882] [warning] [sirius_physical_partition.cpp:304] slot_for_device: device_id 0 not found in active GPU list, falling back to slot 0
[2026-07-31 08:25:29.882] [warning] [sirius_physical_partition.cpp:304] slot_for_device: device_id 0 not found in active GPU list, falling back to slot 0
[2026-07-31 08:25:29.882] [warning] [sirius_physical_partition.cpp:304] slot_for_device: device_id 0 not found in active GPU list, falling back to slot 0
[2026-07-31 08:25:29.882] [warning] [sirius_physical_partition.cpp:304] slot_for_device: device_id 0 not found in active GPU list, falling back to slot 0
[2026-07-31 08:25:29.883] [warning] [sirius_physical_partition.cpp:304] slot_for_device: device_id 0 not found in active GPU list, falling back to slot 0
[2026-07-31 08:25:29.884] [warning] [sirius_physical_partition.cpp:304] slot_for_device: device_id 0 not found in active GPU list, falling back to slot 0
[2026-07-31 08:25:29.884] [warning] [sirius_physical_partition.cpp:304] slot_for_device: device_id 0 not found in active GPU list, falling back to slot 0
[2026-07-31 08:25:29.944] [warning] [sirius_physical_partition.cpp:304] slot_for_device: device_id 0 not found in active GPU list, falling back to slot 0
[2026-07-31 08:25:29.944] [warning] [sirius_physical_partition.cpp:304] slot_for_device: device_id 0 not found in active GPU list, falling back to slot 0
[2026-07-31 08:25:30.789] [info] [gpu_pipeline_executor.cpp:129] GPU Pipeline Executor: task queue interrupted, stopping manager loop
[2026-07-31 08:25:30.789] [info] [sirius_context.cpp:300] QueryEnd
[2026-07-31 08:25:30.798] [info] [memory_prefetcher.cpp:65] [memory_prefetcher] stopping: prefetched 3 batches / 13100000192 bytes (stops: headroom=0 reservation=0, skips: lock=0 draining=529)
[2026-07-31 08:25:30.798] [info] [sirius_context.cpp:152] [host_pool] HOST:0 QueryEnd instance=0xe921ed12aa80 connection=1 window=62 query=146 allocated=30735859712 bytes peak=73014444032 bytes free_blocks=2678
[2026-07-31 08:25:30.798] [info] [sirius_context.cpp:167] [gpu_pool] GPU:0 QueryEnd instance=0xe921ed12aa80 connection=1 window=62 query=146 allocated=92918637312 bytes peak=212384936976 bytes reserved=0 bytes
[2026-07-31 08:25:30.798] [info] [sirius_context.cpp:416] [window] end instance=0xe921ed12aa80 connection=1 window=62 query=146 outcome=ok
[2026-07-31 08:25:30.798] [info] [physical_sirius_execution.cpp:329] Transparent GPU execution: query completed
[2026-07-31 08:25:30.817] [info] [sirius_context.cpp:225] QueryBegin: instance=0xe921ed12aa80 connection=1 query=147 SQL: CALL sirius_set_query_label('q9_iter2')
[2026-07-31 08:25:30.818] [info] [sirius_context.cpp:225] QueryBegin: instance=0xe921ed12aa80 connection=1 query=148 SQL: SET gpu_execution = true;
[2026-07-31 08:25:30.818] [info] [sirius_context.cpp:225] QueryBegin: instance=0xe921ed12aa80 connection=1 query=149 SQL: select nation, o_year, sum(amount) as sum_profit from ( select n.n_name as nation, extract(year from o.o_orderdate) as o_year, l.l_extendedprice * (1 - l.l_discount) - ps.ps_supplycost * l.l_quantity as amount from part p, supplier s, lineitem l, partsupp ps, orders o, nation n where s.s_suppkey = l.l_suppkey and ps.ps_suppkey = l.l_suppkey and ps.ps_partkey = l.l_partkey and p.p_partkey = l.l_partkey and o.o_orderkey = l.l_orderkey and s.s_nationkey = n.n_nationkey and p.p_name like '%yellow%' ) as profit group by nation, o_year order by nation, o_year desc
[2026-07-31 08:25:30.835] [info] [sirius_plan_get.cpp:498] [sirius_plan_get] LogicalGet has dynamic_filters attached (channel key=0xc7e9d10ee3d0).
[2026-07-31 08:25:30.835] [info] [sirius_plan_comparison_join.cpp:608] [sirius_plan_comparison_join] Wired hash join with 1 dynamic-filter probe target(s) (build est 199999968 rows).
[2026-07-31 08:25:30.835] [info] [sirius_plan_comparison_join.cpp:547] [sirius_plan_comparison_join] Not wiring dynamic filter(s): build side is unfiltered (build est 1499999460 rows).
[2026-07-31 08:25:30.835] [info] [sirius_plan_get.cpp:498] [sirius_plan_get] LogicalGet has dynamic_filters attached (channel key=0xc7e9d0f116f0).
[2026-07-31 08:25:30.835] [info] [sirius_plan_get.cpp:498] [sirius_plan_get] LogicalGet has dynamic_filters attached (channel key=0xc7e9d0d3e5b0).
[2026-07-31 08:25:30.835] [info] [sirius_plan_comparison_join.cpp:547] [sirius_plan_comparison_join] Not wiring dynamic filter(s): build side is unfiltered (build est 25 rows).
[2026-07-31 08:25:30.835] [info] [sirius_plan_comparison_join.cpp:547] [sirius_plan_comparison_join] Not wiring dynamic filter(s): build side is unfiltered (build est 10000000 rows).
[2026-07-31 08:25:30.835] [info] [sirius_context.cpp:1244] Transparent execution: Sirius physical plan generated successfully
[2026-07-31 08:25:30.835] [info] [sirius_context.cpp:1272] Transparent execution: physical plan replaced with GPU operator
[2026-07-31 08:25:30.835] [info] [physical_sirius_execution.cpp:155] Transparent GPU execution: executing query
[2026-07-31 08:25:30.835] [info] [sirius_context.cpp:416] [window] begin instance=0xe921ed12aa80 connection=1 window=63 query=149 outcome=-
[2026-07-31 08:25:30.835] [info] [sirius_context.cpp:152] [host_pool] HOST:0 QueryBegin instance=0xe921ed12aa80 connection=1 window=63 query=149 allocated=30735859712 bytes peak=73014444032 bytes free_blocks=2678
[2026-07-31 08:25:30.835] [info] [sirius_context.cpp:167] [gpu_pool] GPU:0 QueryBegin instance=0xe921ed12aa80 connection=1 window=63 query=149 allocated=92918637312 bytes peak=212384936976 bytes reserved=0 bytes
[2026-07-31 08:25:30.835] [info] [sirius_context.cpp:285] QueryBegin: transparent_execution
[2026-07-31 08:25:30.840] [info] [sirius_plan_get.cpp:498] [sirius_plan_get] LogicalGet has dynamic_filters attached (channel key=0xc7e9d10ee3d0).
[2026-07-31 08:25:30.840] [info] [sirius_plan_comparison_join.cpp:608] [sirius_plan_comparison_join] Wired hash join with 1 dynamic-filter probe target(s) (build est 199999968 rows).
[2026-07-31 08:25:30.840] [info] [sirius_plan_comparison_join.cpp:547] [sirius_plan_comparison_join] Not wiring dynamic filter(s): build side is unfiltered (build est 1499999460 rows).
[2026-07-31 08:25:30.840] [info] [sirius_plan_get.cpp:498] [sirius_plan_get] LogicalGet has dynamic_filters attached (channel key=0xc7e9d0f116f0).
[2026-07-31 08:25:30.840] [info] [sirius_plan_get.cpp:498] [sirius_plan_get] LogicalGet has dynamic_filters attached (channel key=0xc7e9d0d3e5b0).
[2026-07-31 08:25:30.840] [info] [sirius_plan_comparison_join.cpp:547] [sirius_plan_comparison_join] Not wiring dynamic filter(s): build side is unfiltered (build est 25 rows).
[2026-07-31 08:25:30.840] [info] [sirius_plan_comparison_join.cpp:547] [sirius_plan_comparison_join] Not wiring dynamic filter(s): build side is unfiltered (build est 10000000 rows).
[2026-07-31 08:25:30.841] [info] [sirius_engine.cpp:265] Query Plan:
=== Pipeline Overview ===
Pipeline #0: GPU_SCAN (id=0)
  Output: -> PARTITION [port: default, barrier: FULL]
Pipeline #1: PARTITION (id=1)
  Input: <- Pipeline #0 [on: PARTITION (id=1), port: default, barrier: FULL]
  Dependencies: Pipeline #0
  Output: -> CONCAT [port: default, barrier: PARTIAL]
Pipeline #2: CONCAT (id=2)
  Input: <- Pipeline #1 [on: CONCAT (id=2), port: default, barrier: PARTIAL]
  Dependencies: Pipeline #1
  Output: -> HASH_JOIN [port: build, barrier: PARTIAL]
Pipeline #3: GPU_SCAN (id=3)
  Output: -> PARTITION [port: default, barrier: PARTIAL]
Pipeline #4: PARTITION (id=4)
  Input: <- Pipeline #3 [on: PARTITION (id=4), port: default, barrier: PARTIAL]
  Dependencies: Pipeline #3
  Output: -> CONCAT [port: default, barrier: PARTIAL]
Pipeline #5: CONCAT (id=5)
  Input: <- Pipeline #4 [on: CONCAT (id=5), port: default, barrier: PARTIAL]
  Dependencies: Pipeline #4
  Output: -> HASH_JOIN [port: default, barrier: PARTIAL]
Pipeline #6: HASH_JOIN (id=6)
  Input: <- Pipeline #2 [on: HASH_JOIN (id=6), port: build, barrier: PARTIAL]
  Input: <- Pipeline #5 [on: HASH_JOIN (id=6), port: default, barrier: PARTIAL]
  Dependencies: Pipeline #2, Pipeline #5
  Output: -> PARTITION [port: default, barrier: FULL]
Pipeline #7: PARTITION (id=7)
  Input: <- Pipeline #6 [on: PARTITION (id=7), port: default, barrier: FULL]
  Dependencies: Pipeline #6
  Output: -> CONCAT [port: default, barrier: PARTIAL]
Pipeline #8: CONCAT (id=8)
  Input: <- Pipeline #7 [on: CONCAT (id=8), port: default, barrier: PARTIAL]
  Dependencies: Pipeline #7
  Output: -> HASH_JOIN [port: build, barrier: PARTIAL]
Pipeline #9: GPU_SCAN (id=9)
  Output: -> PARTITION [port: default, barrier: PARTIAL]
Pipeline #10: PARTITION (id=10)
  Input: <- Pipeline #9 [on: PARTITION (id=10), port: default, barrier: PARTIAL]
  Dependencies: Pipeline #9
  Output: -> CONCAT [port: default, barrier: PARTIAL]
Pipeline #11: CONCAT (id=11)
  Input: <- Pipeline #10 [on: CONCAT (id=11), port: default, barrier: PARTIAL]
  Dependencies: Pipeline #10
  Output: -> HASH_JOIN [port: default, barrier: PARTIAL]
Pipeline #12: HASH_JOIN (id=12)
  Input: <- Pipeline #8 [on: HASH_JOIN (id=12), port: build, barrier: PARTIAL]
  Input: <- Pipeline #11 [on: HASH_JOIN (id=12), port: default, barrier: PARTIAL]
  Dependencies: Pipeline #8, Pipeline #11
  Output: -> PARTITION [port: default, barrier: FULL]
Pipeline #13: PARTITION (id=13)
  Input: <- Pipeline #12 [on: PARTITION (id=13), port: default, barrier: FULL]
  Dependencies: Pipeline #12
  Output: -> CONCAT [port: default, barrier: PARTIAL]
Pipeline #14: CONCAT (id=14)
  Input: <- Pipeline #13 [on: CONCAT (id=14), port: default, barrier: PARTIAL]
  Dependencies: Pipeline #13
  Output: -> HASH_JOIN [port: build, barrier: PARTIAL]
Pipeline #15: GPU_SCAN (id=15)
  Output: -> PARTITION [port: default, barrier: FULL]
Pipeline #16: PARTITION (id=16)
  Input: <- Pipeline #15 [on: PARTITION (id=16), port: default, barrier: FULL]
  Dependencies: Pipeline #15
  Output: -> CONCAT [port: default, barrier: PARTIAL]
Pipeline #17: CONCAT (id=17)
  Input: <- Pipeline #16 [on: CONCAT (id=17), port: default, barrier: PARTIAL]
  Dependencies: Pipeline #16
  Output: -> HASH_JOIN [port: build, barrier: PARTIAL]
Pipeline #18: GPU_SCAN (id=18)
  Output: -> PARTITION [port: default, barrier: FULL]
Pipeline #19: PARTITION (id=19)
  Input: <- Pipeline #18 [on: PARTITION (id=19), port: default, barrier: FULL]
  Dependencies: Pipeline #18
  Output: -> CONCAT [port: default, barrier: PARTIAL]
Pipeline #20: CONCAT (id=20)
  Input: <- Pipeline #19 [on: CONCAT (id=20), port: default, barrier: PARTIAL]
  Dependencies: Pipeline #19
  Output: -> HASH_JOIN [port: build, barrier: PARTIAL]
Pipeline #21: GPU_SCAN (id=21) -> DYNAMIC_FILTER (id=22)
  Output: -> PARTITION [port: default, barrier: PARTIAL]
Pipeline #22: PARTITION (id=23)
  Input: <- Pipeline #21 [on: PARTITION (id=23), port: default, barrier: PARTIAL]
  Dependencies: Pipeline #21
  Output: -> CONCAT [port: default, barrier: PARTIAL]
Pipeline #23: CONCAT (id=24)
  Input: <- Pipeline #22 [on: CONCAT (id=24), port: default, barrier: PARTIAL]
  Dependencies: Pipeline #22
  Output: -> HASH_JOIN [port: default, barrier: PARTIAL]
Pipeline #24: HASH_JOIN (id=25)
  Input: <- Pipeline #20 [on: HASH_JOIN (id=25), port: build, barrier: PARTIAL]
  Input: <- Pipeline #23 [on: HASH_JOIN (id=25), port: default, barrier: PARTIAL]
  Dependencies: Pipeline #20, Pipeline #23
  Output: -> PARTITION [port: default, barrier: PARTIAL]
Pipeline #25: PARTITION (id=26)
  Input: <- Pipeline #24 [on: PARTITION (id=26), port: default, barrier: PARTIAL]
  Dependencies: Pipeline #24
  Output: -> CONCAT [port: default, barrier: PARTIAL]
Pipeline #26: CONCAT (id=27)
  Input: <- Pipeline #25 [on: CONCAT (id=27), port: default, barrier: PARTIAL]
  Dependencies: Pipeline #25
  Output: -> HASH_JOIN [port: default, barrier: PARTIAL]
Pipeline #27: HASH_JOIN (id=28)
  Input: <- Pipeline #17 [on: HASH_JOIN (id=28), port: build, barrier: PARTIAL]
  Input: <- Pipeline #26 [on: HASH_JOIN (id=28), port: default, barrier: PARTIAL]
  Dependencies: Pipeline #17, Pipeline #26
  Output: -> PARTITION [port: default, barrier: PARTIAL]
Pipeline #28: PARTITION (id=29)
  Input: <- Pipeline #27 [on: PARTITION (id=29), port: default, barrier: PARTIAL]
  Dependencies: Pipeline #27
  Output: -> CONCAT [port: default, barrier: PARTIAL]
Pipeline #29: CONCAT (id=30)
  Input: <- Pipeline #28 [on: CONCAT (id=30), port: default, barrier: PARTIAL]
  Dependencies: Pipeline #28
  Output: -> HASH_JOIN [port: default, barrier: PARTIAL]
Pipeline #30: HASH_JOIN (id=31) -> PROJECTION (id=32) -> HASH_GROUP_BY (id=33)
  Input: <- Pipeline #14 [on: HASH_JOIN (id=31), port: build, barrier: PARTIAL]
  Input: <- Pipeline #29 [on: HASH_JOIN (id=31), port: default, barrier: PARTIAL]
  Dependencies: Pipeline #14, Pipeline #29
  Output: -> PARTITION [port: default, barrier: FULL]
Pipeline #31: PARTITION (id=34)
  Input: <- Pipeline #30 [on: PARTITION (id=34), port: default, barrier: FULL]
  Dependencies: Pipeline #30
  Output: -> MERGE_GROUP_BY [port: default, barrier: FULL]
Pipeline #32: MERGE_GROUP_BY (id=35) -> ORDER_BY (id=36)
  Input: <- Pipeline #31 [on: MERGE_GROUP_BY (id=35), port: default, barrier: FULL]
  Dependencies: Pipeline #31
  Output: -> SORT_SAMPLE [port: default, barrier: PIPELINE]
Pipeline #33: SORT_SAMPLE (id=37) -> SORT_PARTITION (id=38)
  Input: <- Pipeline #32 [on: SORT_SAMPLE (id=37), port: default, barrier: PIPELINE]
  Dependencies: Pipeline #32
  Output: -> MERGE_SORT [port: default, barrier: FULL]
Pipeline #34: MERGE_SORT (id=39)
  Input: <- Pipeline #33 [on: MERGE_SORT (id=39), port: default, barrier: FULL]
  Dependencies: Pipeline #33
  Output: -> RESULT_COLLECTOR [port: default, barrier: FULL]
Pipeline #35: RESULT_COLLECTOR (id=40)
  Input: <- Pipeline #34 [on: RESULT_COLLECTOR (id=40), port: default, barrier: FULL]
  Dependencies: Pipeline #34

=== Query Plan DAG ===
┌──────────────────────────┐                                                                                                                                            
│ Pipeline #35             │                                                                                                                                            
│ RESULT_COLLECTOR (id=40) │                                                                                                                                            
│ Input(#34): FULL         │                                                                                                                                            
└────────────┬─────────────┘                                                                                                                                            
             │                                                                                                                                                          
┌──────────────────────────┐                                                                                                                                            
│ Pipeline #34             │                                                                                                                                            
│ MERGE_SORT (id=39)       │                                                                                                                                            
│ Input(#33): FULL         │                                                                                                                                            
└────────────┬─────────────┘                                                                                                                                            
             │                                                                                                                                                          
┌──────────────────────────┐                                                                                                                                            
│ Pipeline #33             │                                                                                                                                            
│ SORT_PARTITION (id=38)   │                                                                                                                                            
│ SORT_SAMPLE (id=37)      │                                                                                                                                            
│ Input(#32): PIPELINE     │                                                                                                                                            
└────────────┬─────────────┘                                                                                                                                            
             │                                                                                                                                                          
┌──────────────────────────┐                                                                                                                                            
│ Pipeline #32             │                                                                                                                                            
│ ORDER_BY (id=36)         │                                                                                                                                            
│ MERGE_GROUP_BY (id=35)   │                                                                                                                                            
│ Input(#31): FULL         │                                                                                                                                            
└────────────┬─────────────┘                                                                                                                                            
             │                                                                                                                                                          
┌──────────────────────────┐                                                                                                                                            
│ Pipeline #31             │                                                                                                                                            
│ PARTITION (id=34)        │                                                                                                                                            
│ Input(#30): FULL         │                                                                                                                                            
└────────────┬─────────────┘                                                                                                                                            
             │                                                                                                                                                          
┌──────────────────────────┐                                                                                                                                            
│ Pipeline #30             │                                                                                                                                            
│ HASH_GROUP_BY (id=33)    │                                                                                                                                            
│ PROJECTION (id=32)       │                                                                                                                                            
│ HASH_JOIN (id=31)        │                                                                                                                                            
│   type: INNER            │                                                                                                                                            
│ Input(#14): PARTIAL      │                                                                                                                                            
│ Input(#29): PARTIAL      │                                                                                                                                            
└────────────┬─────────────┘                                                                                                                                            
             ┌───────────────────────────────────────────────────────────────────────────────────┐                                                                      
             │                                                                                   │                                                                      
┌──────────────────────────┐                                                        ┌──────────────────────────┐                                                        
│ Pipeline #14             │                                                        │ Pipeline #29             │                                                        
│ CONCAT (id=14)           │                                                        │ CONCAT (id=30)           │                                                        
│ Input(#13): PARTIAL      │                                                        │ Input(#28): PARTIAL      │                                                        
└────────────┬─────────────┘                                                        └────────────┬─────────────┘                                                        
             │                                                                                   │                                                                      
┌──────────────────────────┐                                                        ┌──────────────────────────┐                                                        
│ Pipeline #13             │                                                        │ Pipeline #28             │                                                        
│ PARTITION (id=13)        │                                                        │ PARTITION (id=29)        │                                                        
│ Input(#12): FULL         │                                                        │ Input(#27): PARTIAL      │                                                        
└────────────┬─────────────┘                                                        └────────────┬─────────────┘                                                        
             │                                                                                   │                                                                      
┌──────────────────────────┐                                                        ┌──────────────────────────┐                                                        
│ Pipeline #12             │                                                        │ Pipeline #27             │                                                        
│ HASH_JOIN (id=12)        │                                                        │ HASH_JOIN (id=28)        │                                                        
│   type: INNER            │                                                        │   type: INNER            │                                                        
│ Input(#8): PARTIAL       │                                                        │ Input(#17): PARTIAL      │                                                        
│ Input(#11): PARTIAL      │                                                        │ Input(#26): PARTIAL      │                                                        
└────────────┬─────────────┘                                                        └────────────┬─────────────┘                                                        
             ┌───────────────────────────────────────────────────────┐                           ┌───────────────────────────┐                                          
             │                                                       │                           │                           │                                          
┌──────────────────────────┐                            ┌──────────────────────────┐┌──────────────────────────┐┌──────────────────────────┐                            
│ Pipeline #8              │                            │ Pipeline #11             ││ Pipeline #17             ││ Pipeline #26             │                            
│ CONCAT (id=8)            │                            │ CONCAT (id=11)           ││ CONCAT (id=17)           ││ CONCAT (id=27)           │                            
│ Input(#7): PARTIAL       │                            │ Input(#10): PARTIAL      ││ Input(#16): PARTIAL      ││ Input(#25): PARTIAL      │                            
└────────────┬─────────────┘                            └────────────┬─────────────┘└────────────┬─────────────┘└────────────┬─────────────┘                            
             │                                                       │                           │                           │                                          
┌──────────────────────────┐                            ┌──────────────────────────┐┌──────────────────────────┐┌──────────────────────────┐                            
│ Pipeline #7              │                            │ Pipeline #10             ││ Pipeline #16             ││ Pipeline #25             │                            
│ PARTITION (id=7)         │                            │ PARTITION (id=10)        ││ PARTITION (id=16)        ││ PARTITION (id=26)        │                            
│ Input(#6): FULL          │                            │ Input(#9): PARTIAL       ││ Input(#15): FULL         ││ Input(#24): PARTIAL      │                            
└────────────┬─────────────┘                            └────────────┬─────────────┘└────────────┬─────────────┘└────────────┬─────────────┘                            
             │                                                       │                           │                           │                                          
┌──────────────────────────┐                            ┌──────────────────────────┐┌──────────────────────────┐┌──────────────────────────┐                            
│ Pipeline #6              │                            │ Pipeline #9              ││ Pipeline #15             ││ Pipeline #24             │                            
│ HASH_JOIN (id=6)         │                            │ GPU_SCAN (id=9)          ││ GPU_SCAN (id=15)         ││ HASH_JOIN (id=25)        │                            
│   type: INNER            │                            │                          ││                          ││   type: INNER            │                            
│ Input(#2): PARTIAL       │                            │                          ││                          ││ Input(#20): PARTIAL      │                            
│ Input(#5): PARTIAL       │                            │                          ││                          ││ Input(#23): PARTIAL      │                            
└────────────┬─────────────┘                            └──────────────────────────┘└──────────────────────────┘└────────────┬─────────────┘                            
             ┌───────────────────────────┐                                                                                   ┌───────────────────────────┐              
             │                           │                                                                                   │                           │              
┌──────────────────────────┐┌──────────────────────────┐                                                        ┌──────────────────────────┐┌──────────────────────────┐
│ Pipeline #2              ││ Pipeline #5              │                                                        │ Pipeline #20             ││ Pipeline #23             │
│ CONCAT (id=2)            ││ CONCAT (id=5)            │                                                        │ CONCAT (id=20)           ││ CONCAT (id=24)           │
│ Input(#1): PARTIAL       ││ Input(#4): PARTIAL       │                                                        │ Input(#19): PARTIAL      ││ Input(#22): PARTIAL      │
└────────────┬─────────────┘└────────────┬─────────────┘                                                        └────────────┬─────────────┘└────────────┬─────────────┘
             │                           │                                                                                   │                           │              
┌──────────────────────────┐┌──────────────────────────┐                                                        ┌──────────────────────────┐┌──────────────────────────┐
│ Pipeline #1              ││ Pipeline #4              │                                                        │ Pipeline #19             ││ Pipeline #22             │
│ PARTITION (id=1)         ││ PARTITION (id=4)         │                                                        │ PARTITION (id=19)        ││ PARTITION (id=23)        │
│ Input(#0): FULL          ││ Input(#3): PARTIAL       │                                                        │ Input(#18): FULL         ││ Input(#21): PARTIAL      │
└────────────┬─────────────┘└────────────┬─────────────┘                                                        └────────────┬─────────────┘└────────────┬─────────────┘
             │                           │                                                                                   │                           │              
┌──────────────────────────┐┌──────────────────────────┐                                                        ┌──────────────────────────┐┌──────────────────────────┐
│ Pipeline #0              ││ Pipeline #3              │                                                        │ Pipeline #18             ││ Pipeline #21             │
│ GPU_SCAN (id=0)          ││ GPU_SCAN (id=3)          │                                                        │ GPU_SCAN (id=18)         ││ DYNAMIC_FILTER (id=22)   │
│                          ││                          │                                                        │                          ││ GPU_SCAN (id=21)         │
└──────────────────────────┘└──────────────────────────┘                                                        └──────────────────────────┘└──────────────────────────┘

[2026-07-31 08:25:30.841] [info] [sirius_engine.cpp:148] query 63 telemetry_query=019fb7474bd972f3a05018cc77220d7e
[2026-07-31 08:25:30.841] [info] [sirius_scan_manager.cpp:1494] [sirius_scan_manager] assigned pinned entry 'nation' to operator '0'
[2026-07-31 08:25:30.841] [info] [sirius_scan_manager.cpp:1494] [sirius_scan_manager] assigned pinned entry 'supplier' to operator '3'
[2026-07-31 08:25:30.841] [info] [sirius_scan_manager.cpp:1494] [sirius_scan_manager] assigned pinned entry 'partsupp' to operator '9'
[2026-07-31 08:25:30.841] [info] [sirius_scan_manager.cpp:1494] [sirius_scan_manager] assigned pinned entry 'orders' to operator '15'
[2026-07-31 08:25:30.841] [info] [sirius_scan_manager.cpp:1494] [sirius_scan_manager] assigned pinned entry 'part' to operator '18'
[2026-07-31 08:25:30.842] [info] [sirius_scan_manager.cpp:1494] [sirius_scan_manager] assigned pinned entry 'lineitem' to operator '21'
[2026-07-31 08:25:30.842] [info] [memory_prefetcher.cpp:52] [memory_prefetcher] started: 3 threads, 6 connectors, min_free_fraction=0.40
[2026-07-31 08:25:30.843] [warning] [sirius_physical_partition.cpp:304] slot_for_device: device_id 0 not found in active GPU list, falling back to slot 0
[2026-07-31 08:25:30.875] [warning] [sirius_physical_partition.cpp:304] slot_for_device: device_id 0 not found in active GPU list, falling back to slot 0
[2026-07-31 08:25:30.878] [warning] [sirius_physical_partition.cpp:304] slot_for_device: device_id 0 not found in active GPU list, falling back to slot 0
[2026-07-31 08:25:30.878] [warning] [sirius_physical_partition.cpp:304] slot_for_device: device_id 0 not found in active GPU list, falling back to slot 0
[2026-07-31 08:25:30.878] [warning] [sirius_physical_hash_join.cpp:1013] In sirius_physical_hash_join:get_next_task_input_data_for_build_probe: no schedulable partition (build/probe already drained) in operator 12
[2026-07-31 08:25:31.300] [info] [dynamic_filter_publisher.cpp:338] [sirius_physical_hash_join] Pushed 1 dynamic filter(s) across 1 active target(s) of 1 wired target(s) (10870459 build rows, 1 keys).
[2026-07-31 08:25:31.774] [warning] [sirius_physical_partition.cpp:304] slot_for_device: device_id 0 not found in active GPU list, falling back to slot 0
[2026-07-31 08:25:31.775] [warning] [sirius_physical_partition.cpp:304] slot_for_device: device_id 0 not found in active GPU list, falling back to slot 0
[2026-07-31 08:25:31.777] [warning] [sirius_physical_partition.cpp:304] slot_for_device: device_id 0 not found in active GPU list, falling back to slot 0
[2026-07-31 08:25:31.777] [warning] [sirius_physical_partition.cpp:304] slot_for_device: device_id 0 not found in active GPU list, falling back to slot 0
[2026-07-31 08:25:31.777] [warning] [sirius_physical_partition.cpp:304] slot_for_device: device_id 0 not found in active GPU list, falling back to slot 0
[2026-07-31 08:25:31.777] [warning] [sirius_physical_partition.cpp:304] slot_for_device: device_id 0 not found in active GPU list, falling back to slot 0
[2026-07-31 08:25:31.777] [warning] [sirius_physical_partition.cpp:304] slot_for_device: device_id 0 not found in active GPU list, falling back to slot 0
[2026-07-31 08:25:31.777] [warning] [sirius_physical_partition.cpp:304] slot_for_device: device_id 0 not found in active GPU list, falling back to slot 0
[2026-07-31 08:25:31.777] [warning] [sirius_physical_partition.cpp:304] slot_for_device: device_id 0 not found in active GPU list, falling back to slot 0
[2026-07-31 08:25:31.777] [warning] [sirius_physical_partition.cpp:304] slot_for_device: device_id 0 not found in active GPU list, falling back to slot 0
[2026-07-31 08:25:31.777] [warning] [sirius_physical_partition.cpp:304] slot_for_device: device_id 0 not found in active GPU list, falling back to slot 0
[2026-07-31 08:25:31.777] [warning] [sirius_physical_partition.cpp:304] slot_for_device: device_id 0 not found in active GPU list, falling back to slot 0
[2026-07-31 08:25:31.777] [warning] [sirius_physical_partition.cpp:304] slot_for_device: device_id 0 not found in active GPU list, falling back to slot 0
[2026-07-31 08:25:31.777] [warning] [sirius_physical_partition.cpp:304] slot_for_device: device_id 0 not found in active GPU list, falling back to slot 0
[2026-07-31 08:25:31.777] [warning] [sirius_physical_partition.cpp:304] slot_for_device: device_id 0 not found in active GPU list, falling back to slot 0
[2026-07-31 08:25:31.777] [warning] [sirius_physical_partition.cpp:304] slot_for_device: device_id 0 not found in active GPU list, falling back to slot 0
[2026-07-31 08:25:31.777] [warning] [sirius_physical_partition.cpp:304] slot_for_device: device_id 0 not found in active GPU list, falling back to slot 0
[2026-07-31 08:25:31.777] [warning] [sirius_physical_partition.cpp:304] slot_for_device: device_id 0 not found in active GPU list, falling back to slot 0
[2026-07-31 08:25:31.777] [warning] [sirius_physical_partition.cpp:304] slot_for_device: device_id 0 not found in active GPU list, falling back to slot 0
[2026-07-31 08:25:31.777] [warning] [sirius_physical_partition.cpp:304] slot_for_device: device_id 0 not found in active GPU list, falling back to slot 0
[2026-07-31 08:25:31.777] [warning] [sirius_physical_partition.cpp:304] slot_for_device: device_id 0 not found in active GPU list, falling back to slot 0
[2026-07-31 08:25:31.777] [warning] [sirius_physical_partition.cpp:304] slot_for_device: device_id 0 not found in active GPU list, falling back to slot 0
[2026-07-31 08:25:31.777] [warning] [sirius_physical_partition.cpp:304] slot_for_device: device_id 0 not found in active GPU list, falling back to slot 0
[2026-07-31 08:25:31.777] [warning] [sirius_physical_partition.cpp:304] slot_for_device: device_id 0 not found in active GPU list, falling back to slot 0
[2026-07-31 08:25:31.777] [warning] [sirius_physical_partition.cpp:304] slot_for_device: device_id 0 not found in active GPU list, falling back to slot 0
[2026-07-31 08:25:31.778] [warning] [sirius_physical_partition.cpp:304] slot_for_device: device_id 0 not found in active GPU list, falling back to slot 0
[2026-07-31 08:25:31.778] [warning] [sirius_physical_partition.cpp:304] slot_for_device: device_id 0 not found in active GPU list, falling back to slot 0
[2026-07-31 08:25:31.778] [warning] [sirius_physical_partition.cpp:304] slot_for_device: device_id 0 not found in active GPU list, falling back to slot 0
[2026-07-31 08:25:31.778] [warning] [sirius_physical_partition.cpp:304] slot_for_device: device_id 0 not found in active GPU list, falling back to slot 0
[2026-07-31 08:25:31.778] [warning] [sirius_physical_partition.cpp:304] slot_for_device: device_id 0 not found in active GPU list, falling back to slot 0
[2026-07-31 08:25:31.778] [warning] [sirius_physical_partition.cpp:304] slot_for_device: device_id 0 not found in active GPU list, falling back to slot 0
[2026-07-31 08:25:31.778] [warning] [sirius_physical_partition.cpp:304] slot_for_device: device_id 0 not found in active GPU list, falling back to slot 0
[2026-07-31 08:25:31.778] [warning] [sirius_physical_partition.cpp:304] slot_for_device: device_id 0 not found in active GPU list, falling back to slot 0
[2026-07-31 08:25:31.778] [warning] [sirius_physical_partition.cpp:304] slot_for_device: device_id 0 not found in active GPU list, falling back to slot 0
[2026-07-31 08:25:31.778] [warning] [sirius_physical_partition.cpp:304] slot_for_device: device_id 0 not found in active GPU list, falling back to slot 0
[2026-07-31 08:25:31.778] [warning] [sirius_physical_partition.cpp:304] slot_for_device: device_id 0 not found in active GPU list, falling back to slot 0
[2026-07-31 08:25:31.778] [warning] [sirius_physical_partition.cpp:304] slot_for_device: device_id 0 not found in active GPU list, falling back to slot 0
[2026-07-31 08:25:31.778] [warning] [sirius_physical_partition.cpp:304] slot_for_device: device_id 0 not found in active GPU list, falling back to slot 0
[2026-07-31 08:25:31.778] [warning] [sirius_physical_partition.cpp:304] slot_for_device: device_id 0 not found in active GPU list, falling back to slot 0
[2026-07-31 08:25:31.778] [warning] [sirius_physical_partition.cpp:304] slot_for_device: device_id 0 not found in active GPU list, falling back to slot 0
[2026-07-31 08:25:31.778] [warning] [sirius_physical_partition.cpp:304] slot_for_device: device_id 0 not found in active GPU list, falling back to slot 0
[2026-07-31 08:25:31.778] [warning] [sirius_physical_partition.cpp:304] slot_for_device: device_id 0 not found in active GPU list, falling back to slot 0
[2026-07-31 08:25:31.778] [warning] [sirius_physical_partition.cpp:304] slot_for_device: device_id 0 not found in active GPU list, falling back to slot 0
[2026-07-31 08:25:31.778] [warning] [sirius_physical_partition.cpp:304] slot_for_device: device_id 0 not found in active GPU list, falling back to slot 0
[2026-07-31 08:25:31.778] [warning] [sirius_physical_partition.cpp:304] slot_for_device: device_id 0 not found in active GPU list, falling back to slot 0
[2026-07-31 08:25:31.778] [warning] [sirius_physical_partition.cpp:304] slot_for_device: device_id 0 not found in active GPU list, falling back to slot 0
[2026-07-31 08:25:31.779] [warning] [sirius_physical_partition.cpp:304] slot_for_device: device_id 0 not found in active GPU list, falling back to slot 0
[2026-07-31 08:25:31.779] [warning] [sirius_physical_partition.cpp:304] slot_for_device: device_id 0 not found in active GPU list, falling back to slot 0
[2026-07-31 08:25:31.842] [warning] [sirius_physical_partition.cpp:304] slot_for_device: device_id 0 not found in active GPU list, falling back to slot 0
[2026-07-31 08:25:31.848] [warning] [sirius_physical_partition.cpp:304] slot_for_device: device_id 0 not found in active GPU list, falling back to slot 0
[2026-07-31 08:25:32.694] [info] [gpu_pipeline_executor.cpp:129] GPU Pipeline Executor: task queue interrupted, stopping manager loop
[2026-07-31 08:25:32.694] [info] [sirius_context.cpp:300] QueryEnd
[2026-07-31 08:25:32.710] [info] [memory_prefetcher.cpp:65] [memory_prefetcher] stopping: prefetched 3 batches / 13100000192 bytes (stops: headroom=0 reservation=0, skips: lock=0 draining=549)
[2026-07-31 08:25:32.710] [info] [sirius_context.cpp:152] [host_pool] HOST:0 QueryEnd instance=0xe921ed12aa80 connection=1 window=63 query=149 allocated=30735859712 bytes peak=73014444032 bytes free_blocks=2678
[2026-07-31 08:25:32.710] [info] [sirius_context.cpp:167] [gpu_pool] GPU:0 QueryEnd instance=0xe921ed12aa80 connection=1 window=63 query=149 allocated=92918637312 bytes peak=212384936976 bytes reserved=0 bytes
[2026-07-31 08:25:32.710] [info] [sirius_context.cpp:416] [window] end instance=0xe921ed12aa80 connection=1 window=63 query=149 outcome=ok
[2026-07-31 08:25:32.710] [info] [physical_sirius_execution.cpp:329] Transparent GPU execution: query completed
[2026-07-31 08:25:32.726] [info] [sirius_context.cpp:225] QueryBegin: instance=0xe921ed12aa80 connection=1 query=150 SQL: CALL unpin_table('part')
[2026-07-31 08:25:32.727] [info] [sirius_context.cpp:225] QueryBegin: instance=0xe921ed12aa80 connection=1 query=151 SQL: CALL unpin_table('supplier')
[2026-07-31 08:25:32.727] [info] [sirius_context.cpp:225] QueryBegin: instance=0xe921ed12aa80 connection=1 query=152 SQL: CALL unpin_table('lineitem')
[2026-07-31 08:25:32.728] [info] [sirius_context.cpp:225] QueryBegin: instance=0xe921ed12aa80 connection=1 query=153 SQL: CALL unpin_table('partsupp')
[2026-07-31 08:25:32.728] [info] [sirius_context.cpp:225] QueryBegin: instance=0xe921ed12aa80 connection=1 query=154 SQL: CALL unpin_table('orders')
[2026-07-31 08:25:32.729] [info] [sirius_context.cpp:225] QueryBegin: instance=0xe921ed12aa80 connection=1 query=155 SQL: CALL unpin_table('nation')
[2026-07-31 08:25:32.730] [info] [sirius_context.cpp:225] QueryBegin: instance=0xe921ed12aa80 connection=1 query=156 SQL: CALL pin_table('/home/nvidia/tpch_parquet_sf1000/customer/*.parquet', tier='gpu', name='customer', cols=['c_custkey','c_name','c_acctbal','c_address','c_phone','c_comment','c_nationkey'])
[2026-07-31 08:25:32.730] [info] [sirius_context.cpp:416] [window] begin instance=0xe921ed12aa80 connection=1 window=64 query=156 outcome=-
[2026-07-31 08:25:32.730] [info] [sirius_context.cpp:152] [host_pool] HOST:0 QueryBegin instance=0xe921ed12aa80 connection=1 window=64 query=156 allocated=17515413504 bytes peak=73014444032 bytes free_blocks=2875
[2026-07-31 08:25:32.730] [info] [sirius_context.cpp:167] [gpu_pool] GPU:0 QueryBegin instance=0xe921ed12aa80 connection=1 window=64 query=156 allocated=0 bytes peak=212384936976 bytes reserved=0 bytes
[2026-07-31 08:25:32.730] [info] [sirius_context.cpp:285] QueryBegin: pin_table
[2026-07-31 08:25:32.730] [warning] [sirius_extension.cpp:1348] [pin_table] 'customer': pin_table_compression is enabled but no plan file was found in '/home/nvidia/felipe/sirius/.claude/worktrees/combo-prefetch-comp/bench_out/plans_gpu_facts'; pinning uncompressed
[2026-07-31 08:25:33.328] [info] [sirius_context.cpp:300] QueryEnd
[2026-07-31 08:25:33.344] [info] [sirius_context.cpp:152] [host_pool] HOST:0 QueryEnd instance=0xe921ed12aa80 connection=1 window=64 query=156 allocated=17515413504 bytes peak=73014444032 bytes free_blocks=2875
[2026-07-31 08:25:33.344] [info] [sirius_context.cpp:167] [gpu_pool] GPU:0 QueryEnd instance=0xe921ed12aa80 connection=1 window=64 query=156 allocated=24989275904 bytes peak=212384936976 bytes reserved=0 bytes
[2026-07-31 08:25:33.344] [info] [sirius_context.cpp:416] [window] end instance=0xe921ed12aa80 connection=1 window=64 query=156 outcome=ok
[2026-07-31 08:25:33.344] [info] [sirius_context.cpp:225] QueryBegin: instance=0xe921ed12aa80 connection=1 query=157 SQL: CALL pin_table('/home/nvidia/tpch_parquet_sf1000/orders/*.parquet', tier='gpu', name='orders', cols=['o_custkey','o_orderkey','o_orderdate'])
[2026-07-31 08:25:33.344] [info] [sirius_context.cpp:416] [window] begin instance=0xe921ed12aa80 connection=1 window=65 query=157 outcome=-
[2026-07-31 08:25:33.344] [info] [sirius_context.cpp:152] [host_pool] HOST:0 QueryBegin instance=0xe921ed12aa80 connection=1 window=65 query=157 allocated=17515413504 bytes peak=73014444032 bytes free_blocks=2875
[2026-07-31 08:25:33.345] [info] [sirius_context.cpp:167] [gpu_pool] GPU:0 QueryBegin instance=0xe921ed12aa80 connection=1 window=65 query=157 allocated=24989275904 bytes peak=212384936976 bytes reserved=0 bytes
[2026-07-31 08:25:33.345] [info] [sirius_context.cpp:285] QueryBegin: pin_table
[2026-07-31 08:25:33.345] [info] [sirius_extension.cpp:1338] [pin_table] 'orders' tier=gpu: compressing with plan for 3 column(s)
[2026-07-31 08:25:33.945] [info] [sirius_context.cpp:300] QueryEnd
[2026-07-31 08:25:33.957] [info] [sirius_context.cpp:152] [host_pool] HOST:0 QueryEnd instance=0xe921ed12aa80 connection=1 window=65 query=157 allocated=17515413504 bytes peak=73014444032 bytes free_blocks=2875
[2026-07-31 08:25:33.957] [info] [sirius_context.cpp:167] [gpu_pool] GPU:0 QueryEnd instance=0xe921ed12aa80 connection=1 window=65 query=157 allocated=32628458240 bytes peak=212384936976 bytes reserved=0 bytes
[2026-07-31 08:25:33.957] [info] [sirius_context.cpp:416] [window] end instance=0xe921ed12aa80 connection=1 window=65 query=157 outcome=ok
[2026-07-31 08:25:33.958] [info] [sirius_context.cpp:225] QueryBegin: instance=0xe921ed12aa80 connection=1 query=158 SQL: CALL pin_table('/home/nvidia/tpch_parquet_sf1000/lineitem/*.parquet', tier='gpu', name='lineitem', cols=['l_orderkey','l_extendedprice','l_discount','l_returnflag'])
[2026-07-31 08:25:33.958] [info] [sirius_context.cpp:416] [window] begin instance=0xe921ed12aa80 connection=1 window=66 query=158 outcome=-
[2026-07-31 08:25:33.958] [info] [sirius_context.cpp:152] [host_pool] HOST:0 QueryBegin instance=0xe921ed12aa80 connection=1 window=66 query=158 allocated=17515413504 bytes peak=73014444032 bytes free_blocks=2875
[2026-07-31 08:25:33.958] [info] [sirius_context.cpp:167] [gpu_pool] GPU:0 QueryBegin instance=0xe921ed12aa80 connection=1 window=66 query=158 allocated=32628458240 bytes peak=212384936976 bytes reserved=0 bytes
[2026-07-31 08:25:33.958] [info] [sirius_context.cpp:285] QueryBegin: pin_table
[2026-07-31 08:25:33.959] [info] [sirius_extension.cpp:1338] [pin_table] 'lineitem' tier=gpu: compressing with plan for 4 column(s)
[2026-07-31 08:25:36.868] [info] [sirius_context.cpp:300] QueryEnd
[2026-07-31 08:25:36.875] [info] [sirius_context.cpp:152] [host_pool] HOST:0 QueryEnd instance=0xe921ed12aa80 connection=1 window=66 query=158 allocated=17515413504 bytes peak=73014444032 bytes free_blocks=2875
[2026-07-31 08:25:36.875] [info] [sirius_context.cpp:167] [gpu_pool] GPU:0 QueryEnd instance=0xe921ed12aa80 connection=1 window=66 query=158 allocated=66511936768 bytes peak=212384936976 bytes reserved=0 bytes
[2026-07-31 08:25:36.875] [info] [sirius_context.cpp:416] [window] end instance=0xe921ed12aa80 connection=1 window=66 query=158 outcome=ok
[2026-07-31 08:25:36.875] [info] [sirius_context.cpp:225] QueryBegin: instance=0xe921ed12aa80 connection=1 query=159 SQL: CALL pin_table('/home/nvidia/tpch_parquet_sf1000/nation/*.parquet', tier='gpu', name='nation', cols=['n_nationkey','n_name'])
[2026-07-31 08:25:36.876] [info] [sirius_context.cpp:416] [window] begin instance=0xe921ed12aa80 connection=1 window=67 query=159 outcome=-
[2026-07-31 08:25:36.876] [info] [sirius_context.cpp:152] [host_pool] HOST:0 QueryBegin instance=0xe921ed12aa80 connection=1 window=67 query=159 allocated=17515413504 bytes peak=73014444032 bytes free_blocks=2875
[2026-07-31 08:25:36.876] [info] [sirius_context.cpp:167] [gpu_pool] GPU:0 QueryBegin instance=0xe921ed12aa80 connection=1 window=67 query=159 allocated=66511936768 bytes peak=212384936976 bytes reserved=0 bytes
[2026-07-31 08:25:36.876] [info] [sirius_context.cpp:285] QueryBegin: pin_table
[2026-07-31 08:25:36.876] [warning] [sirius_extension.cpp:1348] [pin_table] 'nation': pin_table_compression is enabled but no plan file was found in '/home/nvidia/felipe/sirius/.claude/worktrees/combo-prefetch-comp/bench_out/plans_gpu_facts'; pinning uncompressed
[2026-07-31 08:25:36.878] [info] [sirius_context.cpp:300] QueryEnd
[2026-07-31 08:25:36.885] [info] [sirius_context.cpp:152] [host_pool] HOST:0 QueryEnd instance=0xe921ed12aa80 connection=1 window=67 query=159 allocated=17515413504 bytes peak=73014444032 bytes free_blocks=2875
[2026-07-31 08:25:36.885] [info] [sirius_context.cpp:167] [gpu_pool] GPU:0 QueryEnd instance=0xe921ed12aa80 connection=1 window=67 query=159 allocated=66511938048 bytes peak=212384936976 bytes reserved=0 bytes
[2026-07-31 08:25:36.885] [info] [sirius_context.cpp:416] [window] end instance=0xe921ed12aa80 connection=1 window=67 query=159 outcome=ok
[2026-07-31 08:25:36.885] [info] [sirius_context.cpp:225] QueryBegin: instance=0xe921ed12aa80 connection=1 query=160 SQL: CALL sirius_set_query_label('q10_iter0')
[2026-07-31 08:25:36.886] [info] [sirius_context.cpp:225] QueryBegin: instance=0xe921ed12aa80 connection=1 query=161 SQL: SET gpu_execution = true;
