[2026-07-31 08:19:57.740] [info] [sirius_context.cpp:225] QueryBegin: instance=0xfd127512aa00 connection=1 query=81 SQL: select supp_nation, cust_nation, l_year, sum(volume) as revenue from ( select n1.n_name as supp_nation, n2.n_name as cust_nation, extract(year from l.l_shipdate) as l_year, l.l_extendedprice * (1 - l.l_discount) as volume from supplier s, lineitem l, orders o, customer c, nation n1, nation n2 where s.s_suppkey = l.l_suppkey and o.o_orderkey = l.l_orderkey and c.c_custkey = o.o_custkey and s.s_nationkey = n1.n_nationkey and c.c_nationkey = n2.n_nationkey and ( (n1.n_name = 'EGYPT' and n2.n_name = 'UNITED STATES') or (n1.n_name = 'UNITED STATES' and n2.n_name = 'EGYPT') ) and l.l_shipdate between date '1995-01-01' and date '1996-12-31' ) as shipping group by supp_nation, cust_nation, l_year order by supp_nation, cust_nation, l_year
[2026-07-31 08:19:57.755] [info] [sirius_plan_get.cpp:498] [sirius_plan_get] LogicalGet has dynamic_filters attached (channel key=0xb45a724f4700).
[2026-07-31 08:19:57.755] [info] [sirius_plan_get.cpp:498] [sirius_plan_get] LogicalGet has dynamic_filters attached (channel key=0xb45a69abfda0).
[2026-07-31 08:19:57.755] [info] [sirius_plan_get.cpp:498] [sirius_plan_get] LogicalGet has dynamic_filters attached (channel key=0xb45a729f80b0).
[2026-07-31 08:19:57.755] [info] [sirius_plan_comparison_join.cpp:608] [sirius_plan_comparison_join] Wired hash join with 1 dynamic-filter probe target(s) (build est 25 rows).
[2026-07-31 08:19:57.755] [info] [sirius_plan_comparison_join.cpp:608] [sirius_plan_comparison_join] Wired hash join with 1 dynamic-filter probe target(s) (build est 10000000 rows).
[2026-07-31 08:19:57.755] [info] [sirius_plan_comparison_join.cpp:608] [sirius_plan_comparison_join] Wired hash join with 1 dynamic-filter probe target(s) (build est 5999330220 rows).
[2026-07-31 08:19:57.755] [info] [sirius_plan_get.cpp:498] [sirius_plan_get] LogicalGet has dynamic_filters attached (channel key=0xb45a71c78c20).
[2026-07-31 08:19:57.755] [info] [sirius_plan_comparison_join.cpp:608] [sirius_plan_comparison_join] Wired hash join with 1 dynamic-filter probe target(s) (build est 25 rows).
[2026-07-31 08:19:57.755] [info] [sirius_plan_comparison_join.cpp:608] [sirius_plan_comparison_join] Wired hash join with 1 dynamic-filter probe target(s) (build est 149999850 rows).
[2026-07-31 08:19:57.755] [info] [sirius_context.cpp:1244] Transparent execution: Sirius physical plan generated successfully
[2026-07-31 08:19:57.755] [info] [sirius_context.cpp:1272] Transparent execution: physical plan replaced with GPU operator
[2026-07-31 08:19:57.755] [info] [physical_sirius_execution.cpp:155] Transparent GPU execution: executing query
[2026-07-31 08:19:57.755] [info] [sirius_context.cpp:416] [window] begin instance=0xfd127512aa00 connection=1 window=42 query=81 outcome=-
[2026-07-31 08:19:57.755] [info] [sirius_context.cpp:152] [host_pool] HOST:0 QueryBegin instance=0xfd127512aa00 connection=1 window=42 query=81 allocated=17515413504 bytes peak=30802968576 bytes free_blocks=2875
[2026-07-31 08:19:57.755] [info] [sirius_context.cpp:167] [gpu_pool] GPU:0 QueryBegin instance=0xfd127512aa00 connection=1 window=42 query=81 allocated=66010995712 bytes peak=182435009372 bytes reserved=0 bytes
[2026-07-31 08:19:57.755] [info] [sirius_context.cpp:285] QueryBegin: transparent_execution
[2026-07-31 08:19:57.760] [info] [sirius_plan_get.cpp:498] [sirius_plan_get] LogicalGet has dynamic_filters attached (channel key=0xb45a724f4700).
[2026-07-31 08:19:57.760] [info] [sirius_plan_get.cpp:498] [sirius_plan_get] LogicalGet has dynamic_filters attached (channel key=0xb45a69abfda0).
[2026-07-31 08:19:57.760] [info] [sirius_plan_get.cpp:498] [sirius_plan_get] LogicalGet has dynamic_filters attached (channel key=0xb45a729f80b0).
[2026-07-31 08:19:57.760] [info] [sirius_plan_comparison_join.cpp:608] [sirius_plan_comparison_join] Wired hash join with 1 dynamic-filter probe target(s) (build est 25 rows).
[2026-07-31 08:19:57.760] [info] [sirius_plan_comparison_join.cpp:608] [sirius_plan_comparison_join] Wired hash join with 1 dynamic-filter probe target(s) (build est 10000000 rows).
[2026-07-31 08:19:57.760] [info] [sirius_plan_comparison_join.cpp:608] [sirius_plan_comparison_join] Wired hash join with 1 dynamic-filter probe target(s) (build est 5999330220 rows).
[2026-07-31 08:19:57.760] [info] [sirius_plan_get.cpp:498] [sirius_plan_get] LogicalGet has dynamic_filters attached (channel key=0xb45a71c78c20).
[2026-07-31 08:19:57.760] [info] [sirius_plan_comparison_join.cpp:608] [sirius_plan_comparison_join] Wired hash join with 1 dynamic-filter probe target(s) (build est 25 rows).
[2026-07-31 08:19:57.760] [info] [sirius_plan_comparison_join.cpp:608] [sirius_plan_comparison_join] Wired hash join with 1 dynamic-filter probe target(s) (build est 149999850 rows).
[2026-07-31 08:19:57.760] [info] [sirius_engine.cpp:265] Query Plan:
=== Pipeline Overview ===
Pipeline #0: GPU_SCAN (id=0) -> FILTER (id=1)
  Output: -> PARTITION [port: default, barrier: FULL]
Pipeline #1: PARTITION (id=2)
  Input: <- Pipeline #0 [on: PARTITION (id=2), port: default, barrier: FULL]
  Dependencies: Pipeline #0
  Output: -> CONCAT [port: default, barrier: PARTIAL]
Pipeline #2: CONCAT (id=3)
  Input: <- Pipeline #1 [on: CONCAT (id=3), port: default, barrier: PARTIAL]
  Dependencies: Pipeline #1
  Output: -> HASH_JOIN [port: build, barrier: PARTIAL]
Pipeline #3: GPU_SCAN (id=4) -> DYNAMIC_FILTER (id=5)
  Output: -> PARTITION [port: default, barrier: PARTIAL]
Pipeline #4: PARTITION (id=6)
  Input: <- Pipeline #3 [on: PARTITION (id=6), port: default, barrier: PARTIAL]
  Dependencies: Pipeline #3
  Output: -> CONCAT [port: default, barrier: PARTIAL]
Pipeline #5: CONCAT (id=7)
  Input: <- Pipeline #4 [on: CONCAT (id=7), port: default, barrier: PARTIAL]
  Dependencies: Pipeline #4
  Output: -> HASH_JOIN [port: default, barrier: PARTIAL]
Pipeline #6: HASH_JOIN (id=8)
  Input: <- Pipeline #2 [on: HASH_JOIN (id=8), port: build, barrier: PARTIAL]
  Input: <- Pipeline #5 [on: HASH_JOIN (id=8), port: default, barrier: PARTIAL]
  Dependencies: Pipeline #2, Pipeline #5
  Output: -> PARTITION [port: default, barrier: FULL]
Pipeline #7: PARTITION (id=9)
  Input: <- Pipeline #6 [on: PARTITION (id=9), port: default, barrier: FULL]
  Dependencies: Pipeline #6
  Output: -> CONCAT [port: default, barrier: PARTIAL]
Pipeline #8: CONCAT (id=10)
  Input: <- Pipeline #7 [on: CONCAT (id=10), port: default, barrier: PARTIAL]
  Dependencies: Pipeline #7
  Output: -> HASH_JOIN [port: build, barrier: PARTIAL]
Pipeline #9: GPU_SCAN (id=11) -> FILTER (id=12)
  Output: -> PARTITION [port: default, barrier: FULL]
Pipeline #10: PARTITION (id=13)
  Input: <- Pipeline #9 [on: PARTITION (id=13), port: default, barrier: FULL]
  Dependencies: Pipeline #9
  Output: -> CONCAT [port: default, barrier: PARTIAL]
Pipeline #11: CONCAT (id=14)
  Input: <- Pipeline #10 [on: CONCAT (id=14), port: default, barrier: PARTIAL]
  Dependencies: Pipeline #10
  Output: -> HASH_JOIN [port: build, barrier: PARTIAL]
Pipeline #12: GPU_SCAN (id=15) -> DYNAMIC_FILTER (id=16)
  Output: -> PARTITION [port: default, barrier: PARTIAL]
Pipeline #13: PARTITION (id=17)
  Input: <- Pipeline #12 [on: PARTITION (id=17), port: default, barrier: PARTIAL]
  Dependencies: Pipeline #12
  Output: -> CONCAT [port: default, barrier: PARTIAL]
Pipeline #14: CONCAT (id=18)
  Input: <- Pipeline #13 [on: CONCAT (id=18), port: default, barrier: PARTIAL]
  Dependencies: Pipeline #13
  Output: -> HASH_JOIN [port: default, barrier: PARTIAL]
Pipeline #15: HASH_JOIN (id=19)
  Input: <- Pipeline #11 [on: HASH_JOIN (id=19), port: build, barrier: PARTIAL]
  Input: <- Pipeline #14 [on: HASH_JOIN (id=19), port: default, barrier: PARTIAL]
  Dependencies: Pipeline #11, Pipeline #14
  Output: -> PARTITION [port: default, barrier: FULL]
Pipeline #16: PARTITION (id=20)
  Input: <- Pipeline #15 [on: PARTITION (id=20), port: default, barrier: FULL]
  Dependencies: Pipeline #15
  Output: -> CONCAT [port: default, barrier: PARTIAL]
Pipeline #17: CONCAT (id=21)
  Input: <- Pipeline #16 [on: CONCAT (id=21), port: default, barrier: PARTIAL]
  Dependencies: Pipeline #16
  Output: -> HASH_JOIN [port: build, barrier: PARTIAL]
Pipeline #18: GPU_SCAN (id=22) -> DYNAMIC_FILTER (id=23)
  Output: -> PARTITION [port: default, barrier: PARTIAL]
Pipeline #19: PARTITION (id=24)
  Input: <- Pipeline #18 [on: PARTITION (id=24), port: default, barrier: PARTIAL]
  Dependencies: Pipeline #18
  Output: -> CONCAT [port: default, barrier: PARTIAL]
Pipeline #20: CONCAT (id=25)
  Input: <- Pipeline #19 [on: CONCAT (id=25), port: default, barrier: PARTIAL]
  Dependencies: Pipeline #19
  Output: -> HASH_JOIN [port: default, barrier: PARTIAL]
Pipeline #21: HASH_JOIN (id=26)
  Input: <- Pipeline #17 [on: HASH_JOIN (id=26), port: build, barrier: PARTIAL]
  Input: <- Pipeline #20 [on: HASH_JOIN (id=26), port: default, barrier: PARTIAL]
  Dependencies: Pipeline #17, Pipeline #20
  Output: -> PARTITION [port: default, barrier: FULL]
Pipeline #22: PARTITION (id=27)
  Input: <- Pipeline #21 [on: PARTITION (id=27), port: default, barrier: FULL]
  Dependencies: Pipeline #21
  Output: -> CONCAT [port: default, barrier: PARTIAL]
Pipeline #23: CONCAT (id=28)
  Input: <- Pipeline #22 [on: CONCAT (id=28), port: default, barrier: PARTIAL]
  Dependencies: Pipeline #22
  Output: -> HASH_JOIN [port: build, barrier: PARTIAL]
Pipeline #24: GPU_SCAN (id=29) -> DYNAMIC_FILTER (id=30)
  Output: -> PARTITION [port: default, barrier: PARTIAL]
Pipeline #25: PARTITION (id=31)
  Input: <- Pipeline #24 [on: PARTITION (id=31), port: default, barrier: PARTIAL]
  Dependencies: Pipeline #24
  Output: -> CONCAT [port: default, barrier: PARTIAL]
Pipeline #26: CONCAT (id=32)
  Input: <- Pipeline #25 [on: CONCAT (id=32), port: default, barrier: PARTIAL]
  Dependencies: Pipeline #25
  Output: -> HASH_JOIN [port: default, barrier: PARTIAL]
Pipeline #27: HASH_JOIN (id=33)
  Input: <- Pipeline #23 [on: HASH_JOIN (id=33), port: build, barrier: PARTIAL]
  Input: <- Pipeline #26 [on: HASH_JOIN (id=33), port: default, barrier: PARTIAL]
  Dependencies: Pipeline #23, Pipeline #26
  Output: -> PARTITION [port: default, barrier: PARTIAL]
Pipeline #28: PARTITION (id=34)
  Input: <- Pipeline #27 [on: PARTITION (id=34), port: default, barrier: PARTIAL]
  Dependencies: Pipeline #27
  Output: -> CONCAT [port: default, barrier: PARTIAL]
Pipeline #29: CONCAT (id=35)
  Input: <- Pipeline #28 [on: CONCAT (id=35), port: default, barrier: PARTIAL]
  Dependencies: Pipeline #28
  Output: -> HASH_JOIN [port: default, barrier: PARTIAL]
Pipeline #30: HASH_JOIN (id=36) -> FILTER (id=37) -> PROJECTION (id=38) -> HASH_GROUP_BY (id=39)
  Input: <- Pipeline #8 [on: HASH_JOIN (id=36), port: build, barrier: PARTIAL]
  Input: <- Pipeline #29 [on: HASH_JOIN (id=36), port: default, barrier: PARTIAL]
  Dependencies: Pipeline #8, Pipeline #29
  Output: -> PARTITION [port: default, barrier: FULL]
Pipeline #31: PARTITION (id=40)
  Input: <- Pipeline #30 [on: PARTITION (id=40), port: default, barrier: FULL]
  Dependencies: Pipeline #30
  Output: -> MERGE_GROUP_BY [port: default, barrier: FULL]
Pipeline #32: MERGE_GROUP_BY (id=41) -> ORDER_BY (id=42)
  Input: <- Pipeline #31 [on: MERGE_GROUP_BY (id=41), port: default, barrier: FULL]
  Dependencies: Pipeline #31
  Output: -> SORT_SAMPLE [port: default, barrier: PIPELINE]
Pipeline #33: SORT_SAMPLE (id=43) -> SORT_PARTITION (id=44)
  Input: <- Pipeline #32 [on: SORT_SAMPLE (id=43), port: default, barrier: PIPELINE]
  Dependencies: Pipeline #32
  Output: -> MERGE_SORT [port: default, barrier: FULL]
Pipeline #34: MERGE_SORT (id=45)
  Input: <- Pipeline #33 [on: MERGE_SORT (id=45), port: default, barrier: FULL]
  Dependencies: Pipeline #33
  Output: -> RESULT_COLLECTOR [port: default, barrier: FULL]
Pipeline #35: RESULT_COLLECTOR (id=46)
  Input: <- Pipeline #34 [on: RESULT_COLLECTOR (id=46), port: default, barrier: FULL]
  Dependencies: Pipeline #34

=== Query Plan DAG ===
┌──────────────────────────┐                                                                                                                                            
│ Pipeline #35             │                                                                                                                                            
│ RESULT_COLLECTOR (id=46) │                                                                                                                                            
│ Input(#34): FULL         │                                                                                                                                            
└────────────┬─────────────┘                                                                                                                                            
             │                                                                                                                                                          
┌──────────────────────────┐                                                                                                                                            
│ Pipeline #34             │                                                                                                                                            
│ MERGE_SORT (id=45)       │                                                                                                                                            
│ Input(#33): FULL         │                                                                                                                                            
└────────────┬─────────────┘                                                                                                                                            
             │                                                                                                                                                          
┌──────────────────────────┐                                                                                                                                            
│ Pipeline #33             │                                                                                                                                            
│ SORT_PARTITION (id=44)   │                                                                                                                                            
│ SORT_SAMPLE (id=43)      │                                                                                                                                            
│ Input(#32): PIPELINE     │                                                                                                                                            
└────────────┬─────────────┘                                                                                                                                            
             │                                                                                                                                                          
┌──────────────────────────┐                                                                                                                                            
│ Pipeline #32             │                                                                                                                                            
│ ORDER_BY (id=42)         │                                                                                                                                            
│ MERGE_GROUP_BY (id=41)   │                                                                                                                                            
│ Input(#31): FULL         │                                                                                                                                            
└────────────┬─────────────┘                                                                                                                                            
             │                                                                                                                                                          
┌──────────────────────────┐                                                                                                                                            
│ Pipeline #31             │                                                                                                                                            
│ PARTITION (id=40)        │                                                                                                                                            
│ Input(#30): FULL         │                                                                                                                                            
└────────────┬─────────────┘                                                                                                                                            
             │                                                                                                                                                          
┌──────────────────────────┐                                                                                                                                            
│ Pipeline #30             │                                                                                                                                            
│ HASH_GROUP_BY (id=39)    │                                                                                                                                            
│ PROJECTION (id=38)       │                                                                                                                                            
│ FILTER (id=37)           │                                                                                                                                            
│ HASH_JOIN (id=36)        │                                                                                                                                            
│   type: INNER            │                                                                                                                                            
│ Input(#8): PARTIAL       │                                                                                                                                            
│ Input(#29): PARTIAL      │                                                                                                                                            
└────────────┬─────────────┘                                                                                                                                            
             ┌───────────────────────────────────────────────────────┐                                                                                                  
             │                                                       │                                                                                                  
┌──────────────────────────┐                            ┌──────────────────────────┐                                                                                    
│ Pipeline #8              │                            │ Pipeline #29             │                                                                                    
│ CONCAT (id=10)           │                            │ CONCAT (id=35)           │                                                                                    
│ Input(#7): PARTIAL       │                            │ Input(#28): PARTIAL      │                                                                                    
└────────────┬─────────────┘                            └────────────┬─────────────┘                                                                                    
             │                                                       │                                                                                                  
┌──────────────────────────┐                            ┌──────────────────────────┐                                                                                    
│ Pipeline #7              │                            │ Pipeline #28             │                                                                                    
│ PARTITION (id=9)         │                            │ PARTITION (id=34)        │                                                                                    
│ Input(#6): FULL          │                            │ Input(#27): PARTIAL      │                                                                                    
└────────────┬─────────────┘                            └────────────┬─────────────┘                                                                                    
             │                                                       │                                                                                                  
┌──────────────────────────┐                            ┌──────────────────────────┐                                                                                    
│ Pipeline #6              │                            │ Pipeline #27             │                                                                                    
│ HASH_JOIN (id=8)         │                            │ HASH_JOIN (id=33)        │                                                                                    
│   type: INNER            │                            │   type: INNER            │                                                                                    
│ Input(#2): PARTIAL       │                            │ Input(#23): PARTIAL      │                                                                                    
│ Input(#5): PARTIAL       │                            │ Input(#26): PARTIAL      │                                                                                    
└────────────┬─────────────┘                            └────────────┬─────────────┘                                                                                    
             ┌───────────────────────────┐                           ┌───────────────────────────────────────────────────────────────────────────────────┐              
             │                           │                           │                                                                                   │              
┌──────────────────────────┐┌──────────────────────────┐┌──────────────────────────┐                                                        ┌──────────────────────────┐
│ Pipeline #2              ││ Pipeline #5              ││ Pipeline #23             │                                                        │ Pipeline #26             │
│ CONCAT (id=3)            ││ CONCAT (id=7)            ││ CONCAT (id=28)           │                                                        │ CONCAT (id=32)           │
│ Input(#1): PARTIAL       ││ Input(#4): PARTIAL       ││ Input(#22): PARTIAL      │                                                        │ Input(#25): PARTIAL      │
└────────────┬─────────────┘└────────────┬─────────────┘└────────────┬─────────────┘                                                        └────────────┬─────────────┘
             │                           │                           │                                                                                   │              
┌──────────────────────────┐┌──────────────────────────┐┌──────────────────────────┐                                                        ┌──────────────────────────┐
│ Pipeline #1              ││ Pipeline #4              ││ Pipeline #22             │                                                        │ Pipeline #25             │
│ PARTITION (id=2)         ││ PARTITION (id=6)         ││ PARTITION (id=27)        │                                                        │ PARTITION (id=31)        │
│ Input(#0): FULL          ││ Input(#3): PARTIAL       ││ Input(#21): FULL         │                                                        │ Input(#24): PARTIAL      │
└────────────┬─────────────┘└────────────┬─────────────┘└────────────┬─────────────┘                                                        └────────────┬─────────────┘
             │                           │                           │                                                                                   │              
┌──────────────────────────┐┌──────────────────────────┐┌──────────────────────────┐                                                        ┌──────────────────────────┐
│ Pipeline #0              ││ Pipeline #3              ││ Pipeline #21             │                                                        │ Pipeline #24             │
│ FILTER (id=1)            ││ DYNAMIC_FILTER (id=5)    ││ HASH_JOIN (id=26)        │                                                        │ DYNAMIC_FILTER (id=30)   │
│ GPU_SCAN (id=0)          ││ GPU_SCAN (id=4)          ││   type: INNER            │                                                        │ GPU_SCAN (id=29)         │
│                          ││                          ││ Input(#17): PARTIAL      │                                                        │                          │
│                          ││                          ││ Input(#20): PARTIAL      │                                                        │                          │
└──────────────────────────┘└──────────────────────────┘└────────────┬─────────────┘                                                        └──────────────────────────┘
                                                                     ┌───────────────────────────────────────────────────────┐                                          
                                                                     │                                                       │                                          
                                                        ┌──────────────────────────┐                            ┌──────────────────────────┐                            
                                                        │ Pipeline #17             │                            │ Pipeline #20             │                            
                                                        │ CONCAT (id=21)           │                            │ CONCAT (id=25)           │                            
                                                        │ Input(#16): PARTIAL      │                            │ Input(#19): PARTIAL      │                            
                                                        └────────────┬─────────────┘                            └────────────┬─────────────┘                            
                                                                     │                                                       │                                          
                                                        ┌──────────────────────────┐                            ┌──────────────────────────┐                            
                                                        │ Pipeline #16             │                            │ Pipeline #19             │                            
                                                        │ PARTITION (id=20)        │                            │ PARTITION (id=24)        │                            
                                                        │ Input(#15): FULL         │                            │ Input(#18): PARTIAL      │                            
                                                        └────────────┬─────────────┘                            └────────────┬─────────────┘                            
                                                                     │                                                       │                                          
                                                        ┌──────────────────────────┐                            ┌──────────────────────────┐                            
                                                        │ Pipeline #15             │                            │ Pipeline #18             │                            
                                                        │ HASH_JOIN (id=19)        │                            │ DYNAMIC_FILTER (id=23)   │                            
                                                        │   type: INNER            │                            │ GPU_SCAN (id=22)         │                            
                                                        │ Input(#11): PARTIAL      │                            │                          │                            
                                                        │ Input(#14): PARTIAL      │                            │                          │                            
                                                        └────────────┬─────────────┘                            └──────────────────────────┘                            
                                                                     ┌───────────────────────────┐                                                                      
                                                                     │                           │                                                                      
                                                        ┌──────────────────────────┐┌──────────────────────────┐                                                        
                                                        │ Pipeline #11             ││ Pipeline #14             │                                                        
                                                        │ CONCAT (id=14)           ││ CONCAT (id=18)           │                                                        
                                                        │ Input(#10): PARTIAL      ││ Input(#13): PARTIAL      │                                                        
                                                        └────────────┬─────────────┘└────────────┬─────────────┘                                                        
                                                                     │                           │                                                                      
                                                        ┌──────────────────────────┐┌──────────────────────────┐                                                        
                                                        │ Pipeline #10             ││ Pipeline #13             │                                                        
                                                        │ PARTITION (id=13)        ││ PARTITION (id=17)        │                                                        
                                                        │ Input(#9): FULL          ││ Input(#12): PARTIAL      │                                                        
                                                        └────────────┬─────────────┘└────────────┬─────────────┘                                                        
                                                                     │                           │                                                                      
                                                        ┌──────────────────────────┐┌──────────────────────────┐                                                        
                                                        │ Pipeline #9              ││ Pipeline #12             │                                                        
                                                        │ FILTER (id=12)           ││ DYNAMIC_FILTER (id=16)   │                                                        
                                                        │ GPU_SCAN (id=11)         ││ GPU_SCAN (id=15)         │                                                        
                                                        └──────────────────────────┘└──────────────────────────┘                                                        

[2026-07-31 08:19:57.760] [info] [sirius_engine.cpp:148] query 42 telemetry_query=019fb74236c07a9291a9051913a36a44
[2026-07-31 08:19:57.760] [info] [sirius_scan_manager.cpp:1494] [sirius_scan_manager] assigned pinned entry 'nation' to operator '0'
[2026-07-31 08:19:57.761] [info] [sirius_scan_manager.cpp:1494] [sirius_scan_manager] assigned pinned entry 'customer' to operator '4'
[2026-07-31 08:19:57.761] [info] [sirius_scan_manager.cpp:1494] [sirius_scan_manager] assigned pinned entry 'nation' to operator '11'
[2026-07-31 08:19:57.761] [info] [sirius_scan_manager.cpp:1494] [sirius_scan_manager] assigned pinned entry 'supplier' to operator '15'
[2026-07-31 08:19:57.761] [info] [sirius_scan_manager.cpp:1494] [sirius_scan_manager] assigned pinned entry 'lineitem' to operator '22'
[2026-07-31 08:19:57.761] [info] [sirius_scan_manager.cpp:1494] [sirius_scan_manager] assigned pinned entry 'orders' to operator '29'
[2026-07-31 08:19:57.761] [info] [memory_prefetcher.cpp:52] [memory_prefetcher] started: 3 threads, 6 connectors, min_free_fraction=0.40
[2026-07-31 08:19:57.762] [info] [dynamic_filter_publisher.cpp:338] [sirius_physical_hash_join] Pushed 1 dynamic filter(s) across 1 active target(s) of 1 wired target(s) (2 build rows, 1 keys).
[2026-07-31 08:19:57.764] [warning] [sirius_physical_partition.cpp:304] slot_for_device: device_id 0 not found in active GPU list, falling back to slot 0
[2026-07-31 08:19:57.767] [info] [dynamic_filter_publisher.cpp:338] [sirius_physical_hash_join] Pushed 1 dynamic filter(s) across 1 active target(s) of 1 wired target(s) (12000338 build rows, 1 keys).
[2026-07-31 08:19:57.767] [info] [dynamic_filter_publisher.cpp:338] [sirius_physical_hash_join] Pushed 1 dynamic filter(s) across 1 active target(s) of 1 wired target(s) (2 build rows, 1 keys).
[2026-07-31 08:19:57.768] [warning] [sirius_physical_partition.cpp:304] slot_for_device: device_id 0 not found in active GPU list, falling back to slot 0
[2026-07-31 08:19:57.768] [info] [dynamic_filter_publisher.cpp:338] [sirius_physical_hash_join] Pushed 1 dynamic filter(s) across 1 active target(s) of 1 wired target(s) (800280 build rows, 1 keys).
[2026-07-31 08:19:58.167] [warning] [sirius_physical_partition.cpp:304] slot_for_device: device_id 0 not found in active GPU list, falling back to slot 0
[2026-07-31 08:19:58.168] [warning] [sirius_physical_partition.cpp:304] slot_for_device: device_id 0 not found in active GPU list, falling back to slot 0
[2026-07-31 08:19:58.168] [warning] [sirius_physical_partition.cpp:304] slot_for_device: device_id 0 not found in active GPU list, falling back to slot 0
[2026-07-31 08:19:58.168] [warning] [sirius_physical_partition.cpp:304] slot_for_device: device_id 0 not found in active GPU list, falling back to slot 0
[2026-07-31 08:19:58.168] [warning] [sirius_physical_partition.cpp:304] slot_for_device: device_id 0 not found in active GPU list, falling back to slot 0
[2026-07-31 08:19:58.168] [warning] [sirius_physical_partition.cpp:304] slot_for_device: device_id 0 not found in active GPU list, falling back to slot 0
[2026-07-31 08:19:58.168] [warning] [sirius_physical_partition.cpp:304] slot_for_device: device_id 0 not found in active GPU list, falling back to slot 0
[2026-07-31 08:19:58.168] [warning] [sirius_physical_partition.cpp:304] slot_for_device: device_id 0 not found in active GPU list, falling back to slot 0
[2026-07-31 08:19:58.168] [warning] [sirius_physical_partition.cpp:304] slot_for_device: device_id 0 not found in active GPU list, falling back to slot 0
[2026-07-31 08:19:58.168] [warning] [sirius_physical_partition.cpp:304] slot_for_device: device_id 0 not found in active GPU list, falling back to slot 0
[2026-07-31 08:19:58.168] [warning] [sirius_physical_partition.cpp:304] slot_for_device: device_id 0 not found in active GPU list, falling back to slot 0
[2026-07-31 08:19:58.168] [warning] [sirius_physical_partition.cpp:304] slot_for_device: device_id 0 not found in active GPU list, falling back to slot 0
[2026-07-31 08:19:58.168] [warning] [sirius_physical_partition.cpp:304] slot_for_device: device_id 0 not found in active GPU list, falling back to slot 0
[2026-07-31 08:19:58.168] [warning] [sirius_physical_partition.cpp:304] slot_for_device: device_id 0 not found in active GPU list, falling back to slot 0
[2026-07-31 08:19:58.168] [warning] [sirius_physical_partition.cpp:304] slot_for_device: device_id 0 not found in active GPU list, falling back to slot 0
[2026-07-31 08:19:58.168] [warning] [sirius_physical_partition.cpp:304] slot_for_device: device_id 0 not found in active GPU list, falling back to slot 0
[2026-07-31 08:19:58.168] [warning] [sirius_physical_partition.cpp:304] slot_for_device: device_id 0 not found in active GPU list, falling back to slot 0
[2026-07-31 08:19:58.168] [warning] [sirius_physical_partition.cpp:304] slot_for_device: device_id 0 not found in active GPU list, falling back to slot 0
[2026-07-31 08:19:58.168] [warning] [sirius_physical_partition.cpp:304] slot_for_device: device_id 0 not found in active GPU list, falling back to slot 0
[2026-07-31 08:19:58.168] [warning] [sirius_physical_partition.cpp:304] slot_for_device: device_id 0 not found in active GPU list, falling back to slot 0
[2026-07-31 08:19:58.168] [warning] [sirius_physical_partition.cpp:304] slot_for_device: device_id 0 not found in active GPU list, falling back to slot 0
[2026-07-31 08:19:58.168] [warning] [sirius_physical_partition.cpp:304] slot_for_device: device_id 0 not found in active GPU list, falling back to slot 0
[2026-07-31 08:19:58.168] [warning] [sirius_physical_partition.cpp:304] slot_for_device: device_id 0 not found in active GPU list, falling back to slot 0
[2026-07-31 08:19:58.168] [warning] [sirius_physical_partition.cpp:304] slot_for_device: device_id 0 not found in active GPU list, falling back to slot 0
[2026-07-31 08:19:58.168] [warning] [sirius_physical_partition.cpp:304] slot_for_device: device_id 0 not found in active GPU list, falling back to slot 0
[2026-07-31 08:19:58.168] [warning] [sirius_physical_partition.cpp:304] slot_for_device: device_id 0 not found in active GPU list, falling back to slot 0
[2026-07-31 08:19:58.168] [warning] [sirius_physical_partition.cpp:304] slot_for_device: device_id 0 not found in active GPU list, falling back to slot 0
[2026-07-31 08:19:58.168] [warning] [sirius_physical_partition.cpp:304] slot_for_device: device_id 0 not found in active GPU list, falling back to slot 0
[2026-07-31 08:19:58.168] [warning] [sirius_physical_partition.cpp:304] slot_for_device: device_id 0 not found in active GPU list, falling back to slot 0
[2026-07-31 08:19:58.168] [warning] [sirius_physical_partition.cpp:304] slot_for_device: device_id 0 not found in active GPU list, falling back to slot 0
[2026-07-31 08:19:58.168] [warning] [sirius_physical_partition.cpp:304] slot_for_device: device_id 0 not found in active GPU list, falling back to slot 0
[2026-07-31 08:19:58.168] [warning] [sirius_physical_partition.cpp:304] slot_for_device: device_id 0 not found in active GPU list, falling back to slot 0
[2026-07-31 08:19:58.168] [warning] [sirius_physical_partition.cpp:304] slot_for_device: device_id 0 not found in active GPU list, falling back to slot 0
[2026-07-31 08:19:58.168] [warning] [sirius_physical_partition.cpp:304] slot_for_device: device_id 0 not found in active GPU list, falling back to slot 0
[2026-07-31 08:19:58.168] [warning] [sirius_physical_partition.cpp:304] slot_for_device: device_id 0 not found in active GPU list, falling back to slot 0
[2026-07-31 08:19:58.168] [warning] [sirius_physical_partition.cpp:304] slot_for_device: device_id 0 not found in active GPU list, falling back to slot 0
[2026-07-31 08:19:58.168] [warning] [sirius_physical_partition.cpp:304] slot_for_device: device_id 0 not found in active GPU list, falling back to slot 0
[2026-07-31 08:19:58.168] [warning] [sirius_physical_partition.cpp:304] slot_for_device: device_id 0 not found in active GPU list, falling back to slot 0
[2026-07-31 08:19:58.169] [warning] [sirius_physical_partition.cpp:304] slot_for_device: device_id 0 not found in active GPU list, falling back to slot 0
[2026-07-31 08:19:58.169] [warning] [sirius_physical_partition.cpp:304] slot_for_device: device_id 0 not found in active GPU list, falling back to slot 0
[2026-07-31 08:19:58.325] [warning] [sirius_physical_partition.cpp:304] slot_for_device: device_id 0 not found in active GPU list, falling back to slot 0
[2026-07-31 08:19:58.325] [warning] [sirius_physical_partition.cpp:304] slot_for_device: device_id 0 not found in active GPU list, falling back to slot 0
[2026-07-31 08:19:58.363] [info] [gpu_pipeline_executor.cpp:129] GPU Pipeline Executor: task queue interrupted, stopping manager loop
[2026-07-31 08:19:58.364] [info] [sirius_context.cpp:300] QueryEnd
[2026-07-31 08:19:58.373] [info] [memory_prefetcher.cpp:65] [memory_prefetcher] stopping: prefetched 0 batches / 0 bytes (stops: headroom=0 reservation=0, skips: lock=0 draining=726)
[2026-07-31 08:19:58.373] [info] [sirius_context.cpp:152] [host_pool] HOST:0 QueryEnd instance=0xfd127512aa00 connection=1 window=42 query=81 allocated=17515413504 bytes peak=30802968576 bytes free_blocks=2875
[2026-07-31 08:19:58.373] [info] [sirius_context.cpp:167] [gpu_pool] GPU:0 QueryEnd instance=0xfd127512aa00 connection=1 window=42 query=81 allocated=66010995712 bytes peak=190663237056 bytes reserved=0 bytes
[2026-07-31 08:19:58.373] [info] [sirius_context.cpp:416] [window] end instance=0xfd127512aa00 connection=1 window=42 query=81 outcome=ok
[2026-07-31 08:19:58.373] [info] [physical_sirius_execution.cpp:329] Transparent GPU execution: query completed
[2026-07-31 08:19:58.375] [info] [sirius_context.cpp:225] QueryBegin: instance=0xfd127512aa00 connection=1 query=82 SQL: SET gpu_execution = true;
[2026-07-31 08:19:58.376] [info] [sirius_context.cpp:225] QueryBegin: instance=0xfd127512aa00 connection=1 query=83 SQL: select supp_nation, cust_nation, l_year, sum(volume) as revenue from ( select n1.n_name as supp_nation, n2.n_name as cust_nation, extract(year from l.l_shipdate) as l_year, l.l_extendedprice * (1 - l.l_discount) as volume from supplier s, lineitem l, orders o, customer c, nation n1, nation n2 where s.s_suppkey = l.l_suppkey and o.o_orderkey = l.l_orderkey and c.c_custkey = o.o_custkey and s.s_nationkey = n1.n_nationkey and c.c_nationkey = n2.n_nationkey and ( (n1.n_name = 'EGYPT' and n2.n_name = 'UNITED STATES') or (n1.n_name = 'UNITED STATES' and n2.n_name = 'EGYPT') ) and l.l_shipdate between date '1995-01-01' and date '1996-12-31' ) as shipping group by supp_nation, cust_nation, l_year order by supp_nation, cust_nation, l_year
[2026-07-31 08:19:58.390] [info] [sirius_plan_get.cpp:498] [sirius_plan_get] LogicalGet has dynamic_filters attached (channel key=0xb45a6ee063a0).
[2026-07-31 08:19:58.390] [info] [sirius_plan_get.cpp:498] [sirius_plan_get] LogicalGet has dynamic_filters attached (channel key=0xb45a6cce1f80).
[2026-07-31 08:19:58.390] [info] [sirius_plan_get.cpp:498] [sirius_plan_get] LogicalGet has dynamic_filters attached (channel key=0xb45a714defc0).
[2026-07-31 08:19:58.390] [info] [sirius_plan_comparison_join.cpp:608] [sirius_plan_comparison_join] Wired hash join with 1 dynamic-filter probe target(s) (build est 25 rows).
[2026-07-31 08:19:58.390] [info] [sirius_plan_comparison_join.cpp:608] [sirius_plan_comparison_join] Wired hash join with 1 dynamic-filter probe target(s) (build est 10000000 rows).
[2026-07-31 08:19:58.390] [info] [sirius_plan_comparison_join.cpp:608] [sirius_plan_comparison_join] Wired hash join with 1 dynamic-filter probe target(s) (build est 5999330220 rows).
[2026-07-31 08:19:58.390] [info] [sirius_plan_get.cpp:498] [sirius_plan_get] LogicalGet has dynamic_filters attached (channel key=0xb45a728027a0).
[2026-07-31 08:19:58.390] [info] [sirius_plan_comparison_join.cpp:608] [sirius_plan_comparison_join] Wired hash join with 1 dynamic-filter probe target(s) (build est 25 rows).
[2026-07-31 08:19:58.390] [info] [sirius_plan_comparison_join.cpp:608] [sirius_plan_comparison_join] Wired hash join with 1 dynamic-filter probe target(s) (build est 149999850 rows).
[2026-07-31 08:19:58.390] [info] [sirius_context.cpp:1244] Transparent execution: Sirius physical plan generated successfully
[2026-07-31 08:19:58.390] [info] [sirius_context.cpp:1272] Transparent execution: physical plan replaced with GPU operator
[2026-07-31 08:19:58.390] [info] [physical_sirius_execution.cpp:155] Transparent GPU execution: executing query
[2026-07-31 08:19:58.390] [info] [sirius_context.cpp:416] [window] begin instance=0xfd127512aa00 connection=1 window=43 query=83 outcome=-
[2026-07-31 08:19:58.390] [info] [sirius_context.cpp:152] [host_pool] HOST:0 QueryBegin instance=0xfd127512aa00 connection=1 window=43 query=83 allocated=17515413504 bytes peak=30802968576 bytes free_blocks=2875
[2026-07-31 08:19:58.390] [info] [sirius_context.cpp:167] [gpu_pool] GPU:0 QueryBegin instance=0xfd127512aa00 connection=1 window=43 query=83 allocated=66010995712 bytes peak=190663237056 bytes reserved=0 bytes
[2026-07-31 08:19:58.390] [info] [sirius_context.cpp:285] QueryBegin: transparent_execution
[2026-07-31 08:19:58.395] [info] [sirius_plan_get.cpp:498] [sirius_plan_get] LogicalGet has dynamic_filters attached (channel key=0xb45a6ee063a0).
[2026-07-31 08:19:58.395] [info] [sirius_plan_get.cpp:498] [sirius_plan_get] LogicalGet has dynamic_filters attached (channel key=0xb45a6cce1f80).
[2026-07-31 08:19:58.395] [info] [sirius_plan_get.cpp:498] [sirius_plan_get] LogicalGet has dynamic_filters attached (channel key=0xb45a714defc0).
[2026-07-31 08:19:58.395] [info] [sirius_plan_comparison_join.cpp:608] [sirius_plan_comparison_join] Wired hash join with 1 dynamic-filter probe target(s) (build est 25 rows).
[2026-07-31 08:19:58.395] [info] [sirius_plan_comparison_join.cpp:608] [sirius_plan_comparison_join] Wired hash join with 1 dynamic-filter probe target(s) (build est 10000000 rows).
[2026-07-31 08:19:58.395] [info] [sirius_plan_comparison_join.cpp:608] [sirius_plan_comparison_join] Wired hash join with 1 dynamic-filter probe target(s) (build est 5999330220 rows).
[2026-07-31 08:19:58.395] [info] [sirius_plan_get.cpp:498] [sirius_plan_get] LogicalGet has dynamic_filters attached (channel key=0xb45a728027a0).
[2026-07-31 08:19:58.395] [info] [sirius_plan_comparison_join.cpp:608] [sirius_plan_comparison_join] Wired hash join with 1 dynamic-filter probe target(s) (build est 25 rows).
[2026-07-31 08:19:58.395] [info] [sirius_plan_comparison_join.cpp:608] [sirius_plan_comparison_join] Wired hash join with 1 dynamic-filter probe target(s) (build est 149999850 rows).
[2026-07-31 08:19:58.395] [info] [sirius_engine.cpp:265] Query Plan:
=== Pipeline Overview ===
Pipeline #0: GPU_SCAN (id=0) -> FILTER (id=1)
  Output: -> PARTITION [port: default, barrier: FULL]
Pipeline #1: PARTITION (id=2)
  Input: <- Pipeline #0 [on: PARTITION (id=2), port: default, barrier: FULL]
  Dependencies: Pipeline #0
  Output: -> CONCAT [port: default, barrier: PARTIAL]
Pipeline #2: CONCAT (id=3)
  Input: <- Pipeline #1 [on: CONCAT (id=3), port: default, barrier: PARTIAL]
  Dependencies: Pipeline #1
  Output: -> HASH_JOIN [port: build, barrier: PARTIAL]
Pipeline #3: GPU_SCAN (id=4) -> DYNAMIC_FILTER (id=5)
  Output: -> PARTITION [port: default, barrier: PARTIAL]
Pipeline #4: PARTITION (id=6)
  Input: <- Pipeline #3 [on: PARTITION (id=6), port: default, barrier: PARTIAL]
  Dependencies: Pipeline #3
  Output: -> CONCAT [port: default, barrier: PARTIAL]
Pipeline #5: CONCAT (id=7)
  Input: <- Pipeline #4 [on: CONCAT (id=7), port: default, barrier: PARTIAL]
  Dependencies: Pipeline #4
  Output: -> HASH_JOIN [port: default, barrier: PARTIAL]
Pipeline #6: HASH_JOIN (id=8)
  Input: <- Pipeline #2 [on: HASH_JOIN (id=8), port: build, barrier: PARTIAL]
  Input: <- Pipeline #5 [on: HASH_JOIN (id=8), port: default, barrier: PARTIAL]
  Dependencies: Pipeline #2, Pipeline #5
  Output: -> PARTITION [port: default, barrier: FULL]
Pipeline #7: PARTITION (id=9)
  Input: <- Pipeline #6 [on: PARTITION (id=9), port: default, barrier: FULL]
  Dependencies: Pipeline #6
  Output: -> CONCAT [port: default, barrier: PARTIAL]
Pipeline #8: CONCAT (id=10)
  Input: <- Pipeline #7 [on: CONCAT (id=10), port: default, barrier: PARTIAL]
  Dependencies: Pipeline #7
  Output: -> HASH_JOIN [port: build, barrier: PARTIAL]
Pipeline #9: GPU_SCAN (id=11) -> FILTER (id=12)
  Output: -> PARTITION [port: default, barrier: FULL]
Pipeline #10: PARTITION (id=13)
  Input: <- Pipeline #9 [on: PARTITION (id=13), port: default, barrier: FULL]
  Dependencies: Pipeline #9
  Output: -> CONCAT [port: default, barrier: PARTIAL]
Pipeline #11: CONCAT (id=14)
  Input: <- Pipeline #10 [on: CONCAT (id=14), port: default, barrier: PARTIAL]
  Dependencies: Pipeline #10
  Output: -> HASH_JOIN [port: build, barrier: PARTIAL]
Pipeline #12: GPU_SCAN (id=15) -> DYNAMIC_FILTER (id=16)
  Output: -> PARTITION [port: default, barrier: PARTIAL]
Pipeline #13: PARTITION (id=17)
  Input: <- Pipeline #12 [on: PARTITION (id=17), port: default, barrier: PARTIAL]
  Dependencies: Pipeline #12
  Output: -> CONCAT [port: default, barrier: PARTIAL]
Pipeline #14: CONCAT (id=18)
  Input: <- Pipeline #13 [on: CONCAT (id=18), port: default, barrier: PARTIAL]
  Dependencies: Pipeline #13
  Output: -> HASH_JOIN [port: default, barrier: PARTIAL]
Pipeline #15: HASH_JOIN (id=19)
  Input: <- Pipeline #11 [on: HASH_JOIN (id=19), port: build, barrier: PARTIAL]
  Input: <- Pipeline #14 [on: HASH_JOIN (id=19), port: default, barrier: PARTIAL]
  Dependencies: Pipeline #11, Pipeline #14
  Output: -> PARTITION [port: default, barrier: FULL]
Pipeline #16: PARTITION (id=20)
  Input: <- Pipeline #15 [on: PARTITION (id=20), port: default, barrier: FULL]
  Dependencies: Pipeline #15
  Output: -> CONCAT [port: default, barrier: PARTIAL]
Pipeline #17: CONCAT (id=21)
  Input: <- Pipeline #16 [on: CONCAT (id=21), port: default, barrier: PARTIAL]
  Dependencies: Pipeline #16
  Output: -> HASH_JOIN [port: build, barrier: PARTIAL]
Pipeline #18: GPU_SCAN (id=22) -> DYNAMIC_FILTER (id=23)
  Output: -> PARTITION [port: default, barrier: PARTIAL]
Pipeline #19: PARTITION (id=24)
  Input: <- Pipeline #18 [on: PARTITION (id=24), port: default, barrier: PARTIAL]
  Dependencies: Pipeline #18
  Output: -> CONCAT [port: default, barrier: PARTIAL]
Pipeline #20: CONCAT (id=25)
  Input: <- Pipeline #19 [on: CONCAT (id=25), port: default, barrier: PARTIAL]
  Dependencies: Pipeline #19
  Output: -> HASH_JOIN [port: default, barrier: PARTIAL]
Pipeline #21: HASH_JOIN (id=26)
  Input: <- Pipeline #17 [on: HASH_JOIN (id=26), port: build, barrier: PARTIAL]
  Input: <- Pipeline #20 [on: HASH_JOIN (id=26), port: default, barrier: PARTIAL]
  Dependencies: Pipeline #17, Pipeline #20
  Output: -> PARTITION [port: default, barrier: FULL]
Pipeline #22: PARTITION (id=27)
  Input: <- Pipeline #21 [on: PARTITION (id=27), port: default, barrier: FULL]
  Dependencies: Pipeline #21
  Output: -> CONCAT [port: default, barrier: PARTIAL]
Pipeline #23: CONCAT (id=28)
  Input: <- Pipeline #22 [on: CONCAT (id=28), port: default, barrier: PARTIAL]
  Dependencies: Pipeline #22
  Output: -> HASH_JOIN [port: build, barrier: PARTIAL]
Pipeline #24: GPU_SCAN (id=29) -> DYNAMIC_FILTER (id=30)
  Output: -> PARTITION [port: default, barrier: PARTIAL]
Pipeline #25: PARTITION (id=31)
  Input: <- Pipeline #24 [on: PARTITION (id=31), port: default, barrier: PARTIAL]
  Dependencies: Pipeline #24
  Output: -> CONCAT [port: default, barrier: PARTIAL]
Pipeline #26: CONCAT (id=32)
  Input: <- Pipeline #25 [on: CONCAT (id=32), port: default, barrier: PARTIAL]
  Dependencies: Pipeline #25
  Output: -> HASH_JOIN [port: default, barrier: PARTIAL]
Pipeline #27: HASH_JOIN (id=33)
  Input: <- Pipeline #23 [on: HASH_JOIN (id=33), port: build, barrier: PARTIAL]
  Input: <- Pipeline #26 [on: HASH_JOIN (id=33), port: default, barrier: PARTIAL]
  Dependencies: Pipeline #23, Pipeline #26
  Output: -> PARTITION [port: default, barrier: PARTIAL]
Pipeline #28: PARTITION (id=34)
  Input: <- Pipeline #27 [on: PARTITION (id=34), port: default, barrier: PARTIAL]
  Dependencies: Pipeline #27
  Output: -> CONCAT [port: default, barrier: PARTIAL]
Pipeline #29: CONCAT (id=35)
  Input: <- Pipeline #28 [on: CONCAT (id=35), port: default, barrier: PARTIAL]
  Dependencies: Pipeline #28
  Output: -> HASH_JOIN [port: default, barrier: PARTIAL]
Pipeline #30: HASH_JOIN (id=36) -> FILTER (id=37) -> PROJECTION (id=38) -> HASH_GROUP_BY (id=39)
  Input: <- Pipeline #8 [on: HASH_JOIN (id=36), port: build, barrier: PARTIAL]
  Input: <- Pipeline #29 [on: HASH_JOIN (id=36), port: default, barrier: PARTIAL]
  Dependencies: Pipeline #8, Pipeline #29
  Output: -> PARTITION [port: default, barrier: FULL]
Pipeline #31: PARTITION (id=40)
  Input: <- Pipeline #30 [on: PARTITION (id=40), port: default, barrier: FULL]
  Dependencies: Pipeline #30
  Output: -> MERGE_GROUP_BY [port: default, barrier: FULL]
Pipeline #32: MERGE_GROUP_BY (id=41) -> ORDER_BY (id=42)
  Input: <- Pipeline #31 [on: MERGE_GROUP_BY (id=41), port: default, barrier: FULL]
  Dependencies: Pipeline #31
  Output: -> SORT_SAMPLE [port: default, barrier: PIPELINE]
Pipeline #33: SORT_SAMPLE (id=43) -> SORT_PARTITION (id=44)
  Input: <- Pipeline #32 [on: SORT_SAMPLE (id=43), port: default, barrier: PIPELINE]
  Dependencies: Pipeline #32
  Output: -> MERGE_SORT [port: default, barrier: FULL]
Pipeline #34: MERGE_SORT (id=45)
  Input: <- Pipeline #33 [on: MERGE_SORT (id=45), port: default, barrier: FULL]
  Dependencies: Pipeline #33
  Output: -> RESULT_COLLECTOR [port: default, barrier: FULL]
Pipeline #35: RESULT_COLLECTOR (id=46)
  Input: <- Pipeline #34 [on: RESULT_COLLECTOR (id=46), port: default, barrier: FULL]
  Dependencies: Pipeline #34

=== Query Plan DAG ===
┌──────────────────────────┐                                                                                                                                            
│ Pipeline #35             │                                                                                                                                            
│ RESULT_COLLECTOR (id=46) │                                                                                                                                            
│ Input(#34): FULL         │                                                                                                                                            
└────────────┬─────────────┘                                                                                                                                            
             │                                                                                                                                                          
┌──────────────────────────┐                                                                                                                                            
│ Pipeline #34             │                                                                                                                                            
│ MERGE_SORT (id=45)       │                                                                                                                                            
│ Input(#33): FULL         │                                                                                                                                            
└────────────┬─────────────┘                                                                                                                                            
             │                                                                                                                                                          
┌──────────────────────────┐                                                                                                                                            
│ Pipeline #33             │                                                                                                                                            
│ SORT_PARTITION (id=44)   │                                                                                                                                            
│ SORT_SAMPLE (id=43)      │                                                                                                                                            
│ Input(#32): PIPELINE     │                                                                                                                                            
└────────────┬─────────────┘                                                                                                                                            
             │                                                                                                                                                          
┌──────────────────────────┐                                                                                                                                            
│ Pipeline #32             │                                                                                                                                            
│ ORDER_BY (id=42)         │                                                                                                                                            
│ MERGE_GROUP_BY (id=41)   │                                                                                                                                            
│ Input(#31): FULL         │                                                                                                                                            
└────────────┬─────────────┘                                                                                                                                            
             │                                                                                                                                                          
┌──────────────────────────┐                                                                                                                                            
│ Pipeline #31             │                                                                                                                                            
│ PARTITION (id=40)        │                                                                                                                                            
│ Input(#30): FULL         │                                                                                                                                            
└────────────┬─────────────┘                                                                                                                                            
             │                                                                                                                                                          
┌──────────────────────────┐                                                                                                                                            
│ Pipeline #30             │                                                                                                                                            
│ HASH_GROUP_BY (id=39)    │                                                                                                                                            
│ PROJECTION (id=38)       │                                                                                                                                            
│ FILTER (id=37)           │                                                                                                                                            
│ HASH_JOIN (id=36)        │                                                                                                                                            
│   type: INNER            │                                                                                                                                            
│ Input(#8): PARTIAL       │                                                                                                                                            
│ Input(#29): PARTIAL      │                                                                                                                                            
└────────────┬─────────────┘                                                                                                                                            
             ┌───────────────────────────────────────────────────────┐                                                                                                  
             │                                                       │                                                                                                  
┌──────────────────────────┐                            ┌──────────────────────────┐                                                                                    
│ Pipeline #8              │                            │ Pipeline #29             │                                                                                    
│ CONCAT (id=10)           │                            │ CONCAT (id=35)           │                                                                                    
│ Input(#7): PARTIAL       │                            │ Input(#28): PARTIAL      │                                                                                    
└────────────┬─────────────┘                            └────────────┬─────────────┘                                                                                    
             │                                                       │                                                                                                  
┌──────────────────────────┐                            ┌──────────────────────────┐                                                                                    
│ Pipeline #7              │                            │ Pipeline #28             │                                                                                    
│ PARTITION (id=9)         │                            │ PARTITION (id=34)        │                                                                                    
│ Input(#6): FULL          │                            │ Input(#27): PARTIAL      │                                                                                    
└────────────┬─────────────┘                            └────────────┬─────────────┘                                                                                    
             │                                                       │                                                                                                  
┌──────────────────────────┐                            ┌──────────────────────────┐                                                                                    
│ Pipeline #6              │                            │ Pipeline #27             │                                                                                    
│ HASH_JOIN (id=8)         │                            │ HASH_JOIN (id=33)        │                                                                                    
│   type: INNER            │                            │   type: INNER            │                                                                                    
│ Input(#2): PARTIAL       │                            │ Input(#23): PARTIAL      │                                                                                    
│ Input(#5): PARTIAL       │                            │ Input(#26): PARTIAL      │                                                                                    
└────────────┬─────────────┘                            └────────────┬─────────────┘                                                                                    
             ┌───────────────────────────┐                           ┌───────────────────────────────────────────────────────────────────────────────────┐              
             │                           │                           │                                                                                   │              
┌──────────────────────────┐┌──────────────────────────┐┌──────────────────────────┐                                                        ┌──────────────────────────┐
│ Pipeline #2              ││ Pipeline #5              ││ Pipeline #23             │                                                        │ Pipeline #26             │
│ CONCAT (id=3)            ││ CONCAT (id=7)            ││ CONCAT (id=28)           │                                                        │ CONCAT (id=32)           │
│ Input(#1): PARTIAL       ││ Input(#4): PARTIAL       ││ Input(#22): PARTIAL      │                                                        │ Input(#25): PARTIAL      │
└────────────┬─────────────┘└────────────┬─────────────┘└────────────┬─────────────┘                                                        └────────────┬─────────────┘
             │                           │                           │                                                                                   │              
┌──────────────────────────┐┌──────────────────────────┐┌──────────────────────────┐                                                        ┌──────────────────────────┐
│ Pipeline #1              ││ Pipeline #4              ││ Pipeline #22             │                                                        │ Pipeline #25             │
│ PARTITION (id=2)         ││ PARTITION (id=6)         ││ PARTITION (id=27)        │                                                        │ PARTITION (id=31)        │
│ Input(#0): FULL          ││ Input(#3): PARTIAL       ││ Input(#21): FULL         │                                                        │ Input(#24): PARTIAL      │
└────────────┬─────────────┘└────────────┬─────────────┘└────────────┬─────────────┘                                                        └────────────┬─────────────┘
             │                           │                           │                                                                                   │              
┌──────────────────────────┐┌──────────────────────────┐┌──────────────────────────┐                                                        ┌──────────────────────────┐
│ Pipeline #0              ││ Pipeline #3              ││ Pipeline #21             │                                                        │ Pipeline #24             │
│ FILTER (id=1)            ││ DYNAMIC_FILTER (id=5)    ││ HASH_JOIN (id=26)        │                                                        │ DYNAMIC_FILTER (id=30)   │
│ GPU_SCAN (id=0)          ││ GPU_SCAN (id=4)          ││   type: INNER            │                                                        │ GPU_SCAN (id=29)         │
│                          ││                          ││ Input(#17): PARTIAL      │                                                        │                          │
│                          ││                          ││ Input(#20): PARTIAL      │                                                        │                          │
└──────────────────────────┘└──────────────────────────┘└────────────┬─────────────┘                                                        └──────────────────────────┘
                                                                     ┌───────────────────────────────────────────────────────┐                                          
                                                                     │                                                       │                                          
                                                        ┌──────────────────────────┐                            ┌──────────────────────────┐                            
                                                        │ Pipeline #17             │                            │ Pipeline #20             │                            
                                                        │ CONCAT (id=21)           │                            │ CONCAT (id=25)           │                            
                                                        │ Input(#16): PARTIAL      │                            │ Input(#19): PARTIAL      │                            
                                                        └────────────┬─────────────┘                            └────────────┬─────────────┘                            
                                                                     │                                                       │                                          
                                                        ┌──────────────────────────┐                            ┌──────────────────────────┐                            
                                                        │ Pipeline #16             │                            │ Pipeline #19             │                            
                                                        │ PARTITION (id=20)        │                            │ PARTITION (id=24)        │                            
                                                        │ Input(#15): FULL         │                            │ Input(#18): PARTIAL      │                            
                                                        └────────────┬─────────────┘                            └────────────┬─────────────┘                            
                                                                     │                                                       │                                          
                                                        ┌──────────────────────────┐                            ┌──────────────────────────┐                            
                                                        │ Pipeline #15             │                            │ Pipeline #18             │                            
                                                        │ HASH_JOIN (id=19)        │                            │ DYNAMIC_FILTER (id=23)   │                            
                                                        │   type: INNER            │                            │ GPU_SCAN (id=22)         │                            
                                                        │ Input(#11): PARTIAL      │                            │                          │                            
                                                        │ Input(#14): PARTIAL      │                            │                          │                            
                                                        └────────────┬─────────────┘                            └──────────────────────────┘                            
                                                                     ┌───────────────────────────┐                                                                      
                                                                     │                           │                                                                      
                                                        ┌──────────────────────────┐┌──────────────────────────┐                                                        
                                                        │ Pipeline #11             ││ Pipeline #14             │                                                        
                                                        │ CONCAT (id=14)           ││ CONCAT (id=18)           │                                                        
                                                        │ Input(#10): PARTIAL      ││ Input(#13): PARTIAL      │                                                        
                                                        └────────────┬─────────────┘└────────────┬─────────────┘                                                        
                                                                     │                           │                                                                      
                                                        ┌──────────────────────────┐┌──────────────────────────┐                                                        
                                                        │ Pipeline #10             ││ Pipeline #13             │                                                        
                                                        │ PARTITION (id=13)        ││ PARTITION (id=17)        │                                                        
                                                        │ Input(#9): FULL          ││ Input(#12): PARTIAL      │                                                        
                                                        └────────────┬─────────────┘└────────────┬─────────────┘                                                        
                                                                     │                           │                                                                      
                                                        ┌──────────────────────────┐┌──────────────────────────┐                                                        
                                                        │ Pipeline #9              ││ Pipeline #12             │                                                        
                                                        │ FILTER (id=12)           ││ DYNAMIC_FILTER (id=16)   │                                                        
                                                        │ GPU_SCAN (id=11)         ││ GPU_SCAN (id=15)         │                                                        
                                                        └──────────────────────────┘└──────────────────────────┘                                                        

[2026-07-31 08:19:58.395] [info] [sirius_engine.cpp:148] query 43 telemetry_query=019fb742393b7531a774e45b65de62c5
[2026-07-31 08:19:58.396] [info] [sirius_scan_manager.cpp:1494] [sirius_scan_manager] assigned pinned entry 'nation' to operator '0'
[2026-07-31 08:19:58.396] [info] [sirius_scan_manager.cpp:1494] [sirius_scan_manager] assigned pinned entry 'customer' to operator '4'
[2026-07-31 08:19:58.396] [info] [sirius_scan_manager.cpp:1494] [sirius_scan_manager] assigned pinned entry 'nation' to operator '11'
[2026-07-31 08:19:58.396] [info] [sirius_scan_manager.cpp:1494] [sirius_scan_manager] assigned pinned entry 'supplier' to operator '15'
[2026-07-31 08:19:58.396] [info] [sirius_scan_manager.cpp:1494] [sirius_scan_manager] assigned pinned entry 'lineitem' to operator '22'
[2026-07-31 08:19:58.396] [info] [sirius_scan_manager.cpp:1494] [sirius_scan_manager] assigned pinned entry 'orders' to operator '29'
[2026-07-31 08:19:58.396] [info] [memory_prefetcher.cpp:52] [memory_prefetcher] started: 3 threads, 6 connectors, min_free_fraction=0.40
[2026-07-31 08:19:58.397] [info] [dynamic_filter_publisher.cpp:338] [sirius_physical_hash_join] Pushed 1 dynamic filter(s) across 1 active target(s) of 1 wired target(s) (2 build rows, 1 keys).
[2026-07-31 08:19:58.399] [warning] [sirius_physical_partition.cpp:304] slot_for_device: device_id 0 not found in active GPU list, falling back to slot 0
[2026-07-31 08:19:58.401] [info] [dynamic_filter_publisher.cpp:338] [sirius_physical_hash_join] Pushed 1 dynamic filter(s) across 1 active target(s) of 1 wired target(s) (12000338 build rows, 1 keys).
[2026-07-31 08:19:58.402] [info] [dynamic_filter_publisher.cpp:338] [sirius_physical_hash_join] Pushed 1 dynamic filter(s) across 1 active target(s) of 1 wired target(s) (2 build rows, 1 keys).
[2026-07-31 08:19:58.402] [warning] [sirius_physical_partition.cpp:304] slot_for_device: device_id 0 not found in active GPU list, falling back to slot 0
[2026-07-31 08:19:58.403] [info] [dynamic_filter_publisher.cpp:338] [sirius_physical_hash_join] Pushed 1 dynamic filter(s) across 1 active target(s) of 1 wired target(s) (800280 build rows, 1 keys).
[2026-07-31 08:19:58.803] [warning] [sirius_physical_partition.cpp:304] slot_for_device: device_id 0 not found in active GPU list, falling back to slot 0
[2026-07-31 08:19:58.803] [warning] [sirius_physical_partition.cpp:304] slot_for_device: device_id 0 not found in active GPU list, falling back to slot 0
[2026-07-31 08:19:58.803] [warning] [sirius_physical_partition.cpp:304] slot_for_device: device_id 0 not found in active GPU list, falling back to slot 0
[2026-07-31 08:19:58.803] [warning] [sirius_physical_partition.cpp:304] slot_for_device: device_id 0 not found in active GPU list, falling back to slot 0
[2026-07-31 08:19:58.803] [warning] [sirius_physical_partition.cpp:304] slot_for_device: device_id 0 not found in active GPU list, falling back to slot 0
[2026-07-31 08:19:58.803] [warning] [sirius_physical_partition.cpp:304] slot_for_device: device_id 0 not found in active GPU list, falling back to slot 0
[2026-07-31 08:19:58.803] [warning] [sirius_physical_partition.cpp:304] slot_for_device: device_id 0 not found in active GPU list, falling back to slot 0
[2026-07-31 08:19:58.803] [warning] [sirius_physical_partition.cpp:304] slot_for_device: device_id 0 not found in active GPU list, falling back to slot 0
[2026-07-31 08:19:58.803] [warning] [sirius_physical_partition.cpp:304] slot_for_device: device_id 0 not found in active GPU list, falling back to slot 0
[2026-07-31 08:19:58.803] [warning] [sirius_physical_partition.cpp:304] slot_for_device: device_id 0 not found in active GPU list, falling back to slot 0
[2026-07-31 08:19:58.803] [warning] [sirius_physical_partition.cpp:304] slot_for_device: device_id 0 not found in active GPU list, falling back to slot 0
[2026-07-31 08:19:58.803] [warning] [sirius_physical_partition.cpp:304] slot_for_device: device_id 0 not found in active GPU list, falling back to slot 0
[2026-07-31 08:19:58.803] [warning] [sirius_physical_partition.cpp:304] slot_for_device: device_id 0 not found in active GPU list, falling back to slot 0
[2026-07-31 08:19:58.803] [warning] [sirius_physical_partition.cpp:304] slot_for_device: device_id 0 not found in active GPU list, falling back to slot 0
[2026-07-31 08:19:58.803] [warning] [sirius_physical_partition.cpp:304] slot_for_device: device_id 0 not found in active GPU list, falling back to slot 0
[2026-07-31 08:19:58.803] [warning] [sirius_physical_partition.cpp:304] slot_for_device: device_id 0 not found in active GPU list, falling back to slot 0
[2026-07-31 08:19:58.803] [warning] [sirius_physical_partition.cpp:304] slot_for_device: device_id 0 not found in active GPU list, falling back to slot 0
[2026-07-31 08:19:58.803] [warning] [sirius_physical_partition.cpp:304] slot_for_device: device_id 0 not found in active GPU list, falling back to slot 0
[2026-07-31 08:19:58.803] [warning] [sirius_physical_partition.cpp:304] slot_for_device: device_id 0 not found in active GPU list, falling back to slot 0
[2026-07-31 08:19:58.803] [warning] [sirius_physical_partition.cpp:304] slot_for_device: device_id 0 not found in active GPU list, falling back to slot 0
[2026-07-31 08:19:58.803] [warning] [sirius_physical_partition.cpp:304] slot_for_device: device_id 0 not found in active GPU list, falling back to slot 0
[2026-07-31 08:19:58.803] [warning] [sirius_physical_partition.cpp:304] slot_for_device: device_id 0 not found in active GPU list, falling back to slot 0
[2026-07-31 08:19:58.803] [warning] [sirius_physical_partition.cpp:304] slot_for_device: device_id 0 not found in active GPU list, falling back to slot 0
[2026-07-31 08:19:58.803] [warning] [sirius_physical_partition.cpp:304] slot_for_device: device_id 0 not found in active GPU list, falling back to slot 0
[2026-07-31 08:19:58.803] [warning] [sirius_physical_partition.cpp:304] slot_for_device: device_id 0 not found in active GPU list, falling back to slot 0
[2026-07-31 08:19:58.803] [warning] [sirius_physical_partition.cpp:304] slot_for_device: device_id 0 not found in active GPU list, falling back to slot 0
[2026-07-31 08:19:58.803] [warning] [sirius_physical_partition.cpp:304] slot_for_device: device_id 0 not found in active GPU list, falling back to slot 0
[2026-07-31 08:19:58.803] [warning] [sirius_physical_partition.cpp:304] slot_for_device: device_id 0 not found in active GPU list, falling back to slot 0
[2026-07-31 08:19:58.803] [warning] [sirius_physical_partition.cpp:304] slot_for_device: device_id 0 not found in active GPU list, falling back to slot 0
[2026-07-31 08:19:58.803] [warning] [sirius_physical_partition.cpp:304] slot_for_device: device_id 0 not found in active GPU list, falling back to slot 0
[2026-07-31 08:19:58.803] [warning] [sirius_physical_partition.cpp:304] slot_for_device: device_id 0 not found in active GPU list, falling back to slot 0
[2026-07-31 08:19:58.803] [warning] [sirius_physical_partition.cpp:304] slot_for_device: device_id 0 not found in active GPU list, falling back to slot 0
[2026-07-31 08:19:58.803] [warning] [sirius_physical_partition.cpp:304] slot_for_device: device_id 0 not found in active GPU list, falling back to slot 0
[2026-07-31 08:19:58.803] [warning] [sirius_physical_partition.cpp:304] slot_for_device: device_id 0 not found in active GPU list, falling back to slot 0
[2026-07-31 08:19:58.803] [warning] [sirius_physical_partition.cpp:304] slot_for_device: device_id 0 not found in active GPU list, falling back to slot 0
[2026-07-31 08:19:58.803] [warning] [sirius_physical_partition.cpp:304] slot_for_device: device_id 0 not found in active GPU list, falling back to slot 0
[2026-07-31 08:19:58.803] [warning] [sirius_physical_partition.cpp:304] slot_for_device: device_id 0 not found in active GPU list, falling back to slot 0
[2026-07-31 08:19:58.803] [warning] [sirius_physical_partition.cpp:304] slot_for_device: device_id 0 not found in active GPU list, falling back to slot 0
[2026-07-31 08:19:58.803] [warning] [sirius_physical_partition.cpp:304] slot_for_device: device_id 0 not found in active GPU list, falling back to slot 0
[2026-07-31 08:19:58.803] [warning] [sirius_physical_partition.cpp:304] slot_for_device: device_id 0 not found in active GPU list, falling back to slot 0
[2026-07-31 08:19:58.943] [warning] [sirius_physical_partition.cpp:304] slot_for_device: device_id 0 not found in active GPU list, falling back to slot 0
[2026-07-31 08:19:58.943] [warning] [sirius_physical_partition.cpp:304] slot_for_device: device_id 0 not found in active GPU list, falling back to slot 0
[2026-07-31 08:19:58.976] [info] [gpu_pipeline_executor.cpp:129] GPU Pipeline Executor: task queue interrupted, stopping manager loop
[2026-07-31 08:19:58.976] [info] [sirius_context.cpp:300] QueryEnd
[2026-07-31 08:19:58.987] [info] [memory_prefetcher.cpp:65] [memory_prefetcher] stopping: prefetched 0 batches / 0 bytes (stops: headroom=0 reservation=0, skips: lock=0 draining=727)
[2026-07-31 08:19:58.987] [info] [sirius_context.cpp:152] [host_pool] HOST:0 QueryEnd instance=0xfd127512aa00 connection=1 window=43 query=83 allocated=17515413504 bytes peak=30802968576 bytes free_blocks=2875
[2026-07-31 08:19:58.987] [info] [sirius_context.cpp:167] [gpu_pool] GPU:0 QueryEnd instance=0xfd127512aa00 connection=1 window=43 query=83 allocated=66010995712 bytes peak=190895833024 bytes reserved=0 bytes
[2026-07-31 08:19:58.987] [info] [sirius_context.cpp:416] [window] end instance=0xfd127512aa00 connection=1 window=43 query=83 outcome=ok
[2026-07-31 08:19:58.987] [info] [physical_sirius_execution.cpp:329] Transparent GPU execution: query completed
[2026-07-31 08:19:59.003] [info] [sirius_context.cpp:225] QueryBegin: instance=0xfd127512aa00 connection=1 query=84 SQL: SET gpu_execution = true;
[2026-07-31 08:19:59.003] [info] [sirius_context.cpp:225] QueryBegin: instance=0xfd127512aa00 connection=1 query=85 SQL: select supp_nation, cust_nation, l_year, sum(volume) as revenue from ( select n1.n_name as supp_nation, n2.n_name as cust_nation, extract(year from l.l_shipdate) as l_year, l.l_extendedprice * (1 - l.l_discount) as volume from supplier s, lineitem l, orders o, customer c, nation n1, nation n2 where s.s_suppkey = l.l_suppkey and o.o_orderkey = l.l_orderkey and c.c_custkey = o.o_custkey and s.s_nationkey = n1.n_nationkey and c.c_nationkey = n2.n_nationkey and ( (n1.n_name = 'EGYPT' and n2.n_name = 'UNITED STATES') or (n1.n_name = 'UNITED STATES' and n2.n_name = 'EGYPT') ) and l.l_shipdate between date '1995-01-01' and date '1996-12-31' ) as shipping group by supp_nation, cust_nation, l_year order by supp_nation, cust_nation, l_year
[2026-07-31 08:19:59.017] [info] [sirius_plan_get.cpp:498] [sirius_plan_get] LogicalGet has dynamic_filters attached (channel key=0xb45a7218bc30).
[2026-07-31 08:19:59.017] [info] [sirius_plan_get.cpp:498] [sirius_plan_get] LogicalGet has dynamic_filters attached (channel key=0xb45a729af320).
[2026-07-31 08:19:59.017] [info] [sirius_plan_get.cpp:498] [sirius_plan_get] LogicalGet has dynamic_filters attached (channel key=0xb45a69aabab0).
[2026-07-31 08:19:59.017] [info] [sirius_plan_comparison_join.cpp:608] [sirius_plan_comparison_join] Wired hash join with 1 dynamic-filter probe target(s) (build est 25 rows).
[2026-07-31 08:19:59.017] [info] [sirius_plan_comparison_join.cpp:608] [sirius_plan_comparison_join] Wired hash join with 1 dynamic-filter probe target(s) (build est 10000000 rows).
[2026-07-31 08:19:59.017] [info] [sirius_plan_comparison_join.cpp:608] [sirius_plan_comparison_join] Wired hash join with 1 dynamic-filter probe target(s) (build est 5999330220 rows).
[2026-07-31 08:19:59.017] [info] [sirius_plan_get.cpp:498] [sirius_plan_get] LogicalGet has dynamic_filters attached (channel key=0xb45a71b32800).
[2026-07-31 08:19:59.017] [info] [sirius_plan_comparison_join.cpp:608] [sirius_plan_comparison_join] Wired hash join with 1 dynamic-filter probe target(s) (build est 25 rows).
[2026-07-31 08:19:59.017] [info] [sirius_plan_comparison_join.cpp:608] [sirius_plan_comparison_join] Wired hash join with 1 dynamic-filter probe target(s) (build est 149999850 rows).
[2026-07-31 08:19:59.017] [info] [sirius_context.cpp:1244] Transparent execution: Sirius physical plan generated successfully
[2026-07-31 08:19:59.017] [info] [sirius_context.cpp:1272] Transparent execution: physical plan replaced with GPU operator
[2026-07-31 08:19:59.018] [info] [physical_sirius_execution.cpp:155] Transparent GPU execution: executing query
[2026-07-31 08:19:59.018] [info] [sirius_context.cpp:416] [window] begin instance=0xfd127512aa00 connection=1 window=44 query=85 outcome=-
[2026-07-31 08:19:59.018] [info] [sirius_context.cpp:152] [host_pool] HOST:0 QueryBegin instance=0xfd127512aa00 connection=1 window=44 query=85 allocated=17515413504 bytes peak=30802968576 bytes free_blocks=2875
[2026-07-31 08:19:59.018] [info] [sirius_context.cpp:167] [gpu_pool] GPU:0 QueryBegin instance=0xfd127512aa00 connection=1 window=44 query=85 allocated=66010995712 bytes peak=190895833024 bytes reserved=0 bytes
[2026-07-31 08:19:59.018] [info] [sirius_context.cpp:285] QueryBegin: transparent_execution
[2026-07-31 08:19:59.021] [info] [sirius_plan_get.cpp:498] [sirius_plan_get] LogicalGet has dynamic_filters attached (channel key=0xb45a7218bc30).
[2026-07-31 08:19:59.021] [info] [sirius_plan_get.cpp:498] [sirius_plan_get] LogicalGet has dynamic_filters attached (channel key=0xb45a729af320).
[2026-07-31 08:19:59.021] [info] [sirius_plan_get.cpp:498] [sirius_plan_get] LogicalGet has dynamic_filters attached (channel key=0xb45a69aabab0).
[2026-07-31 08:19:59.021] [info] [sirius_plan_comparison_join.cpp:608] [sirius_plan_comparison_join] Wired hash join with 1 dynamic-filter probe target(s) (build est 25 rows).
[2026-07-31 08:19:59.022] [info] [sirius_plan_comparison_join.cpp:608] [sirius_plan_comparison_join] Wired hash join with 1 dynamic-filter probe target(s) (build est 10000000 rows).
[2026-07-31 08:19:59.022] [info] [sirius_plan_comparison_join.cpp:608] [sirius_plan_comparison_join] Wired hash join with 1 dynamic-filter probe target(s) (build est 5999330220 rows).
[2026-07-31 08:19:59.022] [info] [sirius_plan_get.cpp:498] [sirius_plan_get] LogicalGet has dynamic_filters attached (channel key=0xb45a71b32800).
[2026-07-31 08:19:59.022] [info] [sirius_plan_comparison_join.cpp:608] [sirius_plan_comparison_join] Wired hash join with 1 dynamic-filter probe target(s) (build est 25 rows).
[2026-07-31 08:19:59.022] [info] [sirius_plan_comparison_join.cpp:608] [sirius_plan_comparison_join] Wired hash join with 1 dynamic-filter probe target(s) (build est 149999850 rows).
[2026-07-31 08:19:59.022] [info] [sirius_engine.cpp:265] Query Plan:
=== Pipeline Overview ===
Pipeline #0: GPU_SCAN (id=0) -> FILTER (id=1)
  Output: -> PARTITION [port: default, barrier: FULL]
Pipeline #1: PARTITION (id=2)
  Input: <- Pipeline #0 [on: PARTITION (id=2), port: default, barrier: FULL]
  Dependencies: Pipeline #0
  Output: -> CONCAT [port: default, barrier: PARTIAL]
Pipeline #2: CONCAT (id=3)
  Input: <- Pipeline #1 [on: CONCAT (id=3), port: default, barrier: PARTIAL]
  Dependencies: Pipeline #1
  Output: -> HASH_JOIN [port: build, barrier: PARTIAL]
Pipeline #3: GPU_SCAN (id=4) -> DYNAMIC_FILTER (id=5)
  Output: -> PARTITION [port: default, barrier: PARTIAL]
Pipeline #4: PARTITION (id=6)
  Input: <- Pipeline #3 [on: PARTITION (id=6), port: default, barrier: PARTIAL]
  Dependencies: Pipeline #3
  Output: -> CONCAT [port: default, barrier: PARTIAL]
Pipeline #5: CONCAT (id=7)
  Input: <- Pipeline #4 [on: CONCAT (id=7), port: default, barrier: PARTIAL]
  Dependencies: Pipeline #4
  Output: -> HASH_JOIN [port: default, barrier: PARTIAL]
Pipeline #6: HASH_JOIN (id=8)
  Input: <- Pipeline #2 [on: HASH_JOIN (id=8), port: build, barrier: PARTIAL]
  Input: <- Pipeline #5 [on: HASH_JOIN (id=8), port: default, barrier: PARTIAL]
  Dependencies: Pipeline #2, Pipeline #5
  Output: -> PARTITION [port: default, barrier: FULL]
Pipeline #7: PARTITION (id=9)
  Input: <- Pipeline #6 [on: PARTITION (id=9), port: default, barrier: FULL]
  Dependencies: Pipeline #6
  Output: -> CONCAT [port: default, barrier: PARTIAL]
Pipeline #8: CONCAT (id=10)
  Input: <- Pipeline #7 [on: CONCAT (id=10), port: default, barrier: PARTIAL]
  Dependencies: Pipeline #7
  Output: -> HASH_JOIN [port: build, barrier: PARTIAL]
Pipeline #9: GPU_SCAN (id=11) -> FILTER (id=12)
  Output: -> PARTITION [port: default, barrier: FULL]
Pipeline #10: PARTITION (id=13)
  Input: <- Pipeline #9 [on: PARTITION (id=13), port: default, barrier: FULL]
  Dependencies: Pipeline #9
  Output: -> CONCAT [port: default, barrier: PARTIAL]
Pipeline #11: CONCAT (id=14)
  Input: <- Pipeline #10 [on: CONCAT (id=14), port: default, barrier: PARTIAL]
  Dependencies: Pipeline #10
  Output: -> HASH_JOIN [port: build, barrier: PARTIAL]
Pipeline #12: GPU_SCAN (id=15) -> DYNAMIC_FILTER (id=16)
  Output: -> PARTITION [port: default, barrier: PARTIAL]
Pipeline #13: PARTITION (id=17)
  Input: <- Pipeline #12 [on: PARTITION (id=17), port: default, barrier: PARTIAL]
  Dependencies: Pipeline #12
  Output: -> CONCAT [port: default, barrier: PARTIAL]
Pipeline #14: CONCAT (id=18)
  Input: <- Pipeline #13 [on: CONCAT (id=18), port: default, barrier: PARTIAL]
  Dependencies: Pipeline #13
  Output: -> HASH_JOIN [port: default, barrier: PARTIAL]
Pipeline #15: HASH_JOIN (id=19)
  Input: <- Pipeline #11 [on: HASH_JOIN (id=19), port: build, barrier: PARTIAL]
  Input: <- Pipeline #14 [on: HASH_JOIN (id=19), port: default, barrier: PARTIAL]
  Dependencies: Pipeline #11, Pipeline #14
  Output: -> PARTITION [port: default, barrier: FULL]
Pipeline #16: PARTITION (id=20)
  Input: <- Pipeline #15 [on: PARTITION (id=20), port: default, barrier: FULL]
  Dependencies: Pipeline #15
  Output: -> CONCAT [port: default, barrier: PARTIAL]
Pipeline #17: CONCAT (id=21)
  Input: <- Pipeline #16 [on: CONCAT (id=21), port: default, barrier: PARTIAL]
  Dependencies: Pipeline #16
  Output: -> HASH_JOIN [port: build, barrier: PARTIAL]
Pipeline #18: GPU_SCAN (id=22) -> DYNAMIC_FILTER (id=23)
  Output: -> PARTITION [port: default, barrier: PARTIAL]
Pipeline #19: PARTITION (id=24)
  Input: <- Pipeline #18 [on: PARTITION (id=24), port: default, barrier: PARTIAL]
  Dependencies: Pipeline #18
  Output: -> CONCAT [port: default, barrier: PARTIAL]
Pipeline #20: CONCAT (id=25)
  Input: <- Pipeline #19 [on: CONCAT (id=25), port: default, barrier: PARTIAL]
  Dependencies: Pipeline #19
  Output: -> HASH_JOIN [port: default, barrier: PARTIAL]
Pipeline #21: HASH_JOIN (id=26)
  Input: <- Pipeline #17 [on: HASH_JOIN (id=26), port: build, barrier: PARTIAL]
  Input: <- Pipeline #20 [on: HASH_JOIN (id=26), port: default, barrier: PARTIAL]
  Dependencies: Pipeline #17, Pipeline #20
  Output: -> PARTITION [port: default, barrier: FULL]
Pipeline #22: PARTITION (id=27)
  Input: <- Pipeline #21 [on: PARTITION (id=27), port: default, barrier: FULL]
  Dependencies: Pipeline #21
  Output: -> CONCAT [port: default, barrier: PARTIAL]
Pipeline #23: CONCAT (id=28)
  Input: <- Pipeline #22 [on: CONCAT (id=28), port: default, barrier: PARTIAL]
  Dependencies: Pipeline #22
  Output: -> HASH_JOIN [port: build, barrier: PARTIAL]
Pipeline #24: GPU_SCAN (id=29) -> DYNAMIC_FILTER (id=30)
  Output: -> PARTITION [port: default, barrier: PARTIAL]
Pipeline #25: PARTITION (id=31)
  Input: <- Pipeline #24 [on: PARTITION (id=31), port: default, barrier: PARTIAL]
  Dependencies: Pipeline #24
  Output: -> CONCAT [port: default, barrier: PARTIAL]
Pipeline #26: CONCAT (id=32)
  Input: <- Pipeline #25 [on: CONCAT (id=32), port: default, barrier: PARTIAL]
  Dependencies: Pipeline #25
  Output: -> HASH_JOIN [port: default, barrier: PARTIAL]
Pipeline #27: HASH_JOIN (id=33)
  Input: <- Pipeline #23 [on: HASH_JOIN (id=33), port: build, barrier: PARTIAL]
  Input: <- Pipeline #26 [on: HASH_JOIN (id=33), port: default, barrier: PARTIAL]
  Dependencies: Pipeline #23, Pipeline #26
  Output: -> PARTITION [port: default, barrier: PARTIAL]
Pipeline #28: PARTITION (id=34)
  Input: <- Pipeline #27 [on: PARTITION (id=34), port: default, barrier: PARTIAL]
  Dependencies: Pipeline #27
  Output: -> CONCAT [port: default, barrier: PARTIAL]
Pipeline #29: CONCAT (id=35)
  Input: <- Pipeline #28 [on: CONCAT (id=35), port: default, barrier: PARTIAL]
  Dependencies: Pipeline #28
  Output: -> HASH_JOIN [port: default, barrier: PARTIAL]
Pipeline #30: HASH_JOIN (id=36) -> FILTER (id=37) -> PROJECTION (id=38) -> HASH_GROUP_BY (id=39)
  Input: <- Pipeline #8 [on: HASH_JOIN (id=36), port: build, barrier: PARTIAL]
  Input: <- Pipeline #29 [on: HASH_JOIN (id=36), port: default, barrier: PARTIAL]
  Dependencies: Pipeline #8, Pipeline #29
  Output: -> PARTITION [port: default, barrier: FULL]
Pipeline #31: PARTITION (id=40)
  Input: <- Pipeline #30 [on: PARTITION (id=40), port: default, barrier: FULL]
  Dependencies: Pipeline #30
  Output: -> MERGE_GROUP_BY [port: default, barrier: FULL]
Pipeline #32: MERGE_GROUP_BY (id=41) -> ORDER_BY (id=42)
  Input: <- Pipeline #31 [on: MERGE_GROUP_BY (id=41), port: default, barrier: FULL]
  Dependencies: Pipeline #31
  Output: -> SORT_SAMPLE [port: default, barrier: PIPELINE]
Pipeline #33: SORT_SAMPLE (id=43) -> SORT_PARTITION (id=44)
  Input: <- Pipeline #32 [on: SORT_SAMPLE (id=43), port: default, barrier: PIPELINE]
  Dependencies: Pipeline #32
  Output: -> MERGE_SORT [port: default, barrier: FULL]
Pipeline #34: MERGE_SORT (id=45)
  Input: <- Pipeline #33 [on: MERGE_SORT (id=45), port: default, barrier: FULL]
  Dependencies: Pipeline #33
  Output: -> RESULT_COLLECTOR [port: default, barrier: FULL]
Pipeline #35: RESULT_COLLECTOR (id=46)
  Input: <- Pipeline #34 [on: RESULT_COLLECTOR (id=46), port: default, barrier: FULL]
  Dependencies: Pipeline #34

=== Query Plan DAG ===
┌──────────────────────────┐                                                                                                                                            
│ Pipeline #35             │                                                                                                                                            
│ RESULT_COLLECTOR (id=46) │                                                                                                                                            
│ Input(#34): FULL         │                                                                                                                                            
└────────────┬─────────────┘                                                                                                                                            
             │                                                                                                                                                          
┌──────────────────────────┐                                                                                                                                            
│ Pipeline #34             │                                                                                                                                            
│ MERGE_SORT (id=45)       │                                                                                                                                            
│ Input(#33): FULL         │                                                                                                                                            
└────────────┬─────────────┘                                                                                                                                            
             │                                                                                                                                                          
┌──────────────────────────┐                                                                                                                                            
│ Pipeline #33             │                                                                                                                                            
│ SORT_PARTITION (id=44)   │                                                                                                                                            
│ SORT_SAMPLE (id=43)      │                                                                                                                                            
│ Input(#32): PIPELINE     │                                                                                                                                            
└────────────┬─────────────┘                                                                                                                                            
             │                                                                                                                                                          
┌──────────────────────────┐                                                                                                                                            
│ Pipeline #32             │                                                                                                                                            
│ ORDER_BY (id=42)         │                                                                                                                                            
│ MERGE_GROUP_BY (id=41)   │                                                                                                                                            
│ Input(#31): FULL         │                                                                                                                                            
└────────────┬─────────────┘                                                                                                                                            
             │                                                                                                                                                          
┌──────────────────────────┐                                                                                                                                            
│ Pipeline #31             │                                                                                                                                            
│ PARTITION (id=40)        │                                                                                                                                            
│ Input(#30): FULL         │                                                                                                                                            
└────────────┬─────────────┘                                                                                                                                            
             │                                                                                                                                                          
┌──────────────────────────┐                                                                                                                                            
│ Pipeline #30             │                                                                                                                                            
│ HASH_GROUP_BY (id=39)    │                                                                                                                                            
│ PROJECTION (id=38)       │                                                                                                                                            
│ FILTER (id=37)           │                                                                                                                                            
│ HASH_JOIN (id=36)        │                                                                                                                                            
│   type: INNER            │                                                                                                                                            
│ Input(#8): PARTIAL       │                                                                                                                                            
│ Input(#29): PARTIAL      │                                                                                                                                            
└────────────┬─────────────┘                                                                                                                                            
             ┌───────────────────────────────────────────────────────┐                                                                                                  
             │                                                       │                                                                                                  
┌──────────────────────────┐                            ┌──────────────────────────┐                                                                                    
│ Pipeline #8              │                            │ Pipeline #29             │                                                                                    
│ CONCAT (id=10)           │                            │ CONCAT (id=35)           │                                                                                    
│ Input(#7): PARTIAL       │                            │ Input(#28): PARTIAL      │                                                                                    
└────────────┬─────────────┘                            └────────────┬─────────────┘                                                                                    
             │                                                       │                                                                                                  
┌──────────────────────────┐                            ┌──────────────────────────┐                                                                                    
│ Pipeline #7              │                            │ Pipeline #28             │                                                                                    
│ PARTITION (id=9)         │                            │ PARTITION (id=34)        │                                                                                    
│ Input(#6): FULL          │                            │ Input(#27): PARTIAL      │                                                                                    
└────────────┬─────────────┘                            └────────────┬─────────────┘                                                                                    
             │                                                       │                                                                                                  
┌──────────────────────────┐                            ┌──────────────────────────┐                                                                                    
│ Pipeline #6              │                            │ Pipeline #27             │                                                                                    
│ HASH_JOIN (id=8)         │                            │ HASH_JOIN (id=33)        │                                                                                    
│   type: INNER            │                            │   type: INNER            │                                                                                    
│ Input(#2): PARTIAL       │                            │ Input(#23): PARTIAL      │                                                                                    
│ Input(#5): PARTIAL       │                            │ Input(#26): PARTIAL      │                                                                                    
└────────────┬─────────────┘                            └────────────┬─────────────┘                                                                                    
             ┌───────────────────────────┐                           ┌───────────────────────────────────────────────────────────────────────────────────┐              
             │                           │                           │                                                                                   │              
┌──────────────────────────┐┌──────────────────────────┐┌──────────────────────────┐                                                        ┌──────────────────────────┐
│ Pipeline #2              ││ Pipeline #5              ││ Pipeline #23             │                                                        │ Pipeline #26             │
│ CONCAT (id=3)            ││ CONCAT (id=7)            ││ CONCAT (id=28)           │                                                        │ CONCAT (id=32)           │
│ Input(#1): PARTIAL       ││ Input(#4): PARTIAL       ││ Input(#22): PARTIAL      │                                                        │ Input(#25): PARTIAL      │
└────────────┬─────────────┘└────────────┬─────────────┘└────────────┬─────────────┘                                                        └────────────┬─────────────┘
             │                           │                           │                                                                                   │              
┌──────────────────────────┐┌──────────────────────────┐┌──────────────────────────┐                                                        ┌──────────────────────────┐
│ Pipeline #1              ││ Pipeline #4              ││ Pipeline #22             │                                                        │ Pipeline #25             │
│ PARTITION (id=2)         ││ PARTITION (id=6)         ││ PARTITION (id=27)        │                                                        │ PARTITION (id=31)        │
│ Input(#0): FULL          ││ Input(#3): PARTIAL       ││ Input(#21): FULL         │                                                        │ Input(#24): PARTIAL      │
└────────────┬─────────────┘└────────────┬─────────────┘└────────────┬─────────────┘                                                        └────────────┬─────────────┘
             │                           │                           │                                                                                   │              
┌──────────────────────────┐┌──────────────────────────┐┌──────────────────────────┐                                                        ┌──────────────────────────┐
│ Pipeline #0              ││ Pipeline #3              ││ Pipeline #21             │                                                        │ Pipeline #24             │
│ FILTER (id=1)            ││ DYNAMIC_FILTER (id=5)    ││ HASH_JOIN (id=26)        │                                                        │ DYNAMIC_FILTER (id=30)   │
│ GPU_SCAN (id=0)          ││ GPU_SCAN (id=4)          ││   type: INNER            │                                                        │ GPU_SCAN (id=29)         │
│                          ││                          ││ Input(#17): PARTIAL      │                                                        │                          │
│                          ││                          ││ Input(#20): PARTIAL      │                                                        │                          │
└──────────────────────────┘└──────────────────────────┘└────────────┬─────────────┘                                                        └──────────────────────────┘
                                                                     ┌───────────────────────────────────────────────────────┐                                          
                                                                     │                                                       │                                          
                                                        ┌──────────────────────────┐                            ┌──────────────────────────┐                            
                                                        │ Pipeline #17             │                            │ Pipeline #20             │                            
                                                        │ CONCAT (id=21)           │                            │ CONCAT (id=25)           │                            
                                                        │ Input(#16): PARTIAL      │                            │ Input(#19): PARTIAL      │                            
                                                        └────────────┬─────────────┘                            └────────────┬─────────────┘                            
                                                                     │                                                       │                                          
                                                        ┌──────────────────────────┐                            ┌──────────────────────────┐                            
                                                        │ Pipeline #16             │                            │ Pipeline #19             │                            
                                                        │ PARTITION (id=20)        │                            │ PARTITION (id=24)        │                            
                                                        │ Input(#15): FULL         │                            │ Input(#18): PARTIAL      │                            
                                                        └────────────┬─────────────┘                            └────────────┬─────────────┘                            
                                                                     │                                                       │                                          
                                                        ┌──────────────────────────┐                            ┌──────────────────────────┐                            
                                                        │ Pipeline #15             │                            │ Pipeline #18             │                            
                                                        │ HASH_JOIN (id=19)        │                            │ DYNAMIC_FILTER (id=23)   │                            
                                                        │   type: INNER            │                            │ GPU_SCAN (id=22)         │                            
                                                        │ Input(#11): PARTIAL      │                            │                          │                            
                                                        │ Input(#14): PARTIAL      │                            │                          │                            
                                                        └────────────┬─────────────┘                            └──────────────────────────┘                            
                                                                     ┌───────────────────────────┐                                                                      
                                                                     │                           │                                                                      
                                                        ┌──────────────────────────┐┌──────────────────────────┐                                                        
                                                        │ Pipeline #11             ││ Pipeline #14             │                                                        
                                                        │ CONCAT (id=14)           ││ CONCAT (id=18)           │                                                        
                                                        │ Input(#10): PARTIAL      ││ Input(#13): PARTIAL      │                                                        
                                                        └────────────┬─────────────┘└────────────┬─────────────┘                                                        
                                                                     │                           │                                                                      
                                                        ┌──────────────────────────┐┌──────────────────────────┐                                                        
                                                        │ Pipeline #10             ││ Pipeline #13             │                                                        
                                                        │ PARTITION (id=13)        ││ PARTITION (id=17)        │                                                        
                                                        │ Input(#9): FULL          ││ Input(#12): PARTIAL      │                                                        
                                                        └────────────┬─────────────┘└────────────┬─────────────┘                                                        
                                                                     │                           │                                                                      
                                                        ┌──────────────────────────┐┌──────────────────────────┐                                                        
                                                        │ Pipeline #9              ││ Pipeline #12             │                                                        
                                                        │ FILTER (id=12)           ││ DYNAMIC_FILTER (id=16)   │                                                        
                                                        │ GPU_SCAN (id=11)         ││ GPU_SCAN (id=15)         │                                                        
                                                        └──────────────────────────┘└──────────────────────────┘                                                        

[2026-07-31 08:19:59.022] [info] [sirius_engine.cpp:148] query 44 telemetry_query=019fb7423bae70d09177f6537ec918c8
[2026-07-31 08:19:59.022] [info] [sirius_scan_manager.cpp:1494] [sirius_scan_manager] assigned pinned entry 'nation' to operator '0'
[2026-07-31 08:19:59.022] [info] [sirius_scan_manager.cpp:1494] [sirius_scan_manager] assigned pinned entry 'customer' to operator '4'
[2026-07-31 08:19:59.022] [info] [sirius_scan_manager.cpp:1494] [sirius_scan_manager] assigned pinned entry 'nation' to operator '11'
[2026-07-31 08:19:59.022] [info] [sirius_scan_manager.cpp:1494] [sirius_scan_manager] assigned pinned entry 'supplier' to operator '15'
[2026-07-31 08:19:59.023] [info] [sirius_scan_manager.cpp:1494] [sirius_scan_manager] assigned pinned entry 'lineitem' to operator '22'
[2026-07-31 08:19:59.023] [info] [sirius_scan_manager.cpp:1494] [sirius_scan_manager] assigned pinned entry 'orders' to operator '29'
[2026-07-31 08:19:59.023] [info] [memory_prefetcher.cpp:52] [memory_prefetcher] started: 3 threads, 6 connectors, min_free_fraction=0.40
[2026-07-31 08:19:59.024] [info] [dynamic_filter_publisher.cpp:338] [sirius_physical_hash_join] Pushed 1 dynamic filter(s) across 1 active target(s) of 1 wired target(s) (2 build rows, 1 keys).
[2026-07-31 08:19:59.025] [warning] [sirius_physical_partition.cpp:304] slot_for_device: device_id 0 not found in active GPU list, falling back to slot 0
[2026-07-31 08:19:59.028] [info] [dynamic_filter_publisher.cpp:338] [sirius_physical_hash_join] Pushed 1 dynamic filter(s) across 1 active target(s) of 1 wired target(s) (12000338 build rows, 1 keys).
[2026-07-31 08:19:59.029] [info] [dynamic_filter_publisher.cpp:338] [sirius_physical_hash_join] Pushed 1 dynamic filter(s) across 1 active target(s) of 1 wired target(s) (2 build rows, 1 keys).
[2026-07-31 08:19:59.029] [warning] [sirius_physical_partition.cpp:304] slot_for_device: device_id 0 not found in active GPU list, falling back to slot 0
[2026-07-31 08:19:59.030] [info] [dynamic_filter_publisher.cpp:338] [sirius_physical_hash_join] Pushed 1 dynamic filter(s) across 1 active target(s) of 1 wired target(s) (800280 build rows, 1 keys).
[2026-07-31 08:19:59.429] [warning] [sirius_physical_partition.cpp:304] slot_for_device: device_id 0 not found in active GPU list, falling back to slot 0
[2026-07-31 08:19:59.429] [warning] [sirius_physical_partition.cpp:304] slot_for_device: device_id 0 not found in active GPU list, falling back to slot 0
[2026-07-31 08:19:59.429] [warning] [sirius_physical_partition.cpp:304] slot_for_device: device_id 0 not found in active GPU list, falling back to slot 0
[2026-07-31 08:19:59.429] [warning] [sirius_physical_partition.cpp:304] slot_for_device: device_id 0 not found in active GPU list, falling back to slot 0
[2026-07-31 08:19:59.429] [warning] [sirius_physical_partition.cpp:304] slot_for_device: device_id 0 not found in active GPU list, falling back to slot 0
[2026-07-31 08:19:59.429] [warning] [sirius_physical_partition.cpp:304] slot_for_device: device_id 0 not found in active GPU list, falling back to slot 0
[2026-07-31 08:19:59.429] [warning] [sirius_physical_partition.cpp:304] slot_for_device: device_id 0 not found in active GPU list, falling back to slot 0
[2026-07-31 08:19:59.429] [warning] [sirius_physical_partition.cpp:304] slot_for_device: device_id 0 not found in active GPU list, falling back to slot 0
[2026-07-31 08:19:59.429] [warning] [sirius_physical_partition.cpp:304] slot_for_device: device_id 0 not found in active GPU list, falling back to slot 0
[2026-07-31 08:19:59.429] [warning] [sirius_physical_partition.cpp:304] slot_for_device: device_id 0 not found in active GPU list, falling back to slot 0
[2026-07-31 08:19:59.430] [warning] [sirius_physical_partition.cpp:304] slot_for_device: device_id 0 not found in active GPU list, falling back to slot 0
[2026-07-31 08:19:59.430] [warning] [sirius_physical_partition.cpp:304] slot_for_device: device_id 0 not found in active GPU list, falling back to slot 0
[2026-07-31 08:19:59.430] [warning] [sirius_physical_partition.cpp:304] slot_for_device: device_id 0 not found in active GPU list, falling back to slot 0
[2026-07-31 08:19:59.430] [warning] [sirius_physical_partition.cpp:304] slot_for_device: device_id 0 not found in active GPU list, falling back to slot 0
[2026-07-31 08:19:59.430] [warning] [sirius_physical_partition.cpp:304] slot_for_device: device_id 0 not found in active GPU list, falling back to slot 0
[2026-07-31 08:19:59.430] [warning] [sirius_physical_partition.cpp:304] slot_for_device: device_id 0 not found in active GPU list, falling back to slot 0
[2026-07-31 08:19:59.430] [warning] [sirius_physical_partition.cpp:304] slot_for_device: device_id 0 not found in active GPU list, falling back to slot 0
[2026-07-31 08:19:59.430] [warning] [sirius_physical_partition.cpp:304] slot_for_device: device_id 0 not found in active GPU list, falling back to slot 0
[2026-07-31 08:19:59.430] [warning] [sirius_physical_partition.cpp:304] slot_for_device: device_id 0 not found in active GPU list, falling back to slot 0
[2026-07-31 08:19:59.430] [warning] [sirius_physical_partition.cpp:304] slot_for_device: device_id 0 not found in active GPU list, falling back to slot 0
[2026-07-31 08:19:59.430] [warning] [sirius_physical_partition.cpp:304] slot_for_device: device_id 0 not found in active GPU list, falling back to slot 0
[2026-07-31 08:19:59.430] [warning] [sirius_physical_partition.cpp:304] slot_for_device: device_id 0 not found in active GPU list, falling back to slot 0
[2026-07-31 08:19:59.430] [warning] [sirius_physical_partition.cpp:304] slot_for_device: device_id 0 not found in active GPU list, falling back to slot 0
[2026-07-31 08:19:59.430] [warning] [sirius_physical_partition.cpp:304] slot_for_device: device_id 0 not found in active GPU list, falling back to slot 0
[2026-07-31 08:19:59.430] [warning] [sirius_physical_partition.cpp:304] slot_for_device: device_id 0 not found in active GPU list, falling back to slot 0
[2026-07-31 08:19:59.430] [warning] [sirius_physical_partition.cpp:304] slot_for_device: device_id 0 not found in active GPU list, falling back to slot 0
[2026-07-31 08:19:59.430] [warning] [sirius_physical_partition.cpp:304] slot_for_device: device_id 0 not found in active GPU list, falling back to slot 0
[2026-07-31 08:19:59.430] [warning] [sirius_physical_partition.cpp:304] slot_for_device: device_id 0 not found in active GPU list, falling back to slot 0
[2026-07-31 08:19:59.430] [warning] [sirius_physical_partition.cpp:304] slot_for_device: device_id 0 not found in active GPU list, falling back to slot 0
[2026-07-31 08:19:59.430] [warning] [sirius_physical_partition.cpp:304] slot_for_device: device_id 0 not found in active GPU list, falling back to slot 0
[2026-07-31 08:19:59.430] [warning] [sirius_physical_partition.cpp:304] slot_for_device: device_id 0 not found in active GPU list, falling back to slot 0
[2026-07-31 08:19:59.430] [warning] [sirius_physical_partition.cpp:304] slot_for_device: device_id 0 not found in active GPU list, falling back to slot 0
[2026-07-31 08:19:59.430] [warning] [sirius_physical_partition.cpp:304] slot_for_device: device_id 0 not found in active GPU list, falling back to slot 0
[2026-07-31 08:19:59.430] [warning] [sirius_physical_partition.cpp:304] slot_for_device: device_id 0 not found in active GPU list, falling back to slot 0
[2026-07-31 08:19:59.430] [warning] [sirius_physical_partition.cpp:304] slot_for_device: device_id 0 not found in active GPU list, falling back to slot 0
[2026-07-31 08:19:59.430] [warning] [sirius_physical_partition.cpp:304] slot_for_device: device_id 0 not found in active GPU list, falling back to slot 0
[2026-07-31 08:19:59.430] [warning] [sirius_physical_partition.cpp:304] slot_for_device: device_id 0 not found in active GPU list, falling back to slot 0
[2026-07-31 08:19:59.430] [warning] [sirius_physical_partition.cpp:304] slot_for_device: device_id 0 not found in active GPU list, falling back to slot 0
[2026-07-31 08:19:59.430] [warning] [sirius_physical_partition.cpp:304] slot_for_device: device_id 0 not found in active GPU list, falling back to slot 0
[2026-07-31 08:19:59.430] [warning] [sirius_physical_partition.cpp:304] slot_for_device: device_id 0 not found in active GPU list, falling back to slot 0
[2026-07-31 08:19:59.570] [warning] [sirius_physical_partition.cpp:304] slot_for_device: device_id 0 not found in active GPU list, falling back to slot 0
[2026-07-31 08:19:59.570] [warning] [sirius_physical_partition.cpp:304] slot_for_device: device_id 0 not found in active GPU list, falling back to slot 0
[2026-07-31 08:19:59.603] [info] [gpu_pipeline_executor.cpp:129] GPU Pipeline Executor: task queue interrupted, stopping manager loop
[2026-07-31 08:19:59.603] [info] [sirius_context.cpp:300] QueryEnd
[2026-07-31 08:19:59.611] [info] [memory_prefetcher.cpp:65] [memory_prefetcher] stopping: prefetched 0 batches / 0 bytes (stops: headroom=0 reservation=0, skips: lock=0 draining=729)
[2026-07-31 08:19:59.611] [info] [sirius_context.cpp:152] [host_pool] HOST:0 QueryEnd instance=0xfd127512aa00 connection=1 window=44 query=85 allocated=17515413504 bytes peak=30802968576 bytes free_blocks=2875
[2026-07-31 08:19:59.611] [info] [sirius_context.cpp:167] [gpu_pool] GPU:0 QueryEnd instance=0xfd127512aa00 connection=1 window=44 query=85 allocated=66010995712 bytes peak=193501846720 bytes reserved=0 bytes
[2026-07-31 08:19:59.611] [info] [sirius_context.cpp:416] [window] end instance=0xfd127512aa00 connection=1 window=44 query=85 outcome=ok
[2026-07-31 08:19:59.611] [info] [physical_sirius_execution.cpp:329] Transparent GPU execution: query completed
[2026-07-31 08:19:59.629] [info] [sirius_context.cpp:225] QueryBegin: instance=0xfd127512aa00 connection=1 query=86 SQL: CALL unpin_table('supplier')
[2026-07-31 08:19:59.629] [info] [sirius_context.cpp:225] QueryBegin: instance=0xfd127512aa00 connection=1 query=87 SQL: CALL unpin_table('lineitem')
[2026-07-31 08:19:59.630] [info] [sirius_context.cpp:225] QueryBegin: instance=0xfd127512aa00 connection=1 query=88 SQL: CALL unpin_table('orders')
[2026-07-31 08:19:59.631] [info] [sirius_context.cpp:225] QueryBegin: instance=0xfd127512aa00 connection=1 query=89 SQL: CALL unpin_table('customer')
[2026-07-31 08:19:59.631] [info] [sirius_context.cpp:225] QueryBegin: instance=0xfd127512aa00 connection=1 query=90 SQL: CALL unpin_table('nation')
[2026-07-31 08:19:59.632] [info] [sirius_context.cpp:225] QueryBegin: instance=0xfd127512aa00 connection=1 query=91 SQL: CALL pin_table('/home/nvidia/tpch_parquet_sf1000/lineitem/*.parquet', tier='gpu', name='lineitem', cols=['l_partkey','l_suppkey','l_orderkey','l_extendedprice','l_discount'])
[2026-07-31 08:19:59.632] [info] [sirius_context.cpp:416] [window] begin instance=0xfd127512aa00 connection=1 window=45 query=91 outcome=-
[2026-07-31 08:19:59.632] [info] [sirius_context.cpp:152] [host_pool] HOST:0 QueryBegin instance=0xfd127512aa00 connection=1 window=45 query=91 allocated=17515413504 bytes peak=30802968576 bytes free_blocks=2875
[2026-07-31 08:19:59.632] [info] [sirius_context.cpp:167] [gpu_pool] GPU:0 QueryBegin instance=0xfd127512aa00 connection=1 window=45 query=91 allocated=0 bytes peak=193501846720 bytes reserved=0 bytes
[2026-07-31 08:19:59.632] [info] [sirius_context.cpp:285] QueryBegin: pin_table
[2026-07-31 08:19:59.633] [info] [sirius_extension.cpp:1338] [pin_table] 'lineitem' tier=gpu: compressing with plan for 5 column(s)
[2026-07-31 08:20:04.046] [info] [sirius_context.cpp:300] QueryEnd
[2026-07-31 08:20:04.057] [info] [sirius_context.cpp:152] [host_pool] HOST:0 QueryEnd instance=0xfd127512aa00 connection=1 window=45 query=91 allocated=17515413504 bytes peak=30802968576 bytes free_blocks=2875
[2026-07-31 08:20:04.057] [info] [sirius_context.cpp:167] [gpu_pool] GPU:0 QueryEnd instance=0xfd127512aa00 connection=1 window=45 query=91 allocated=71284742656 bytes peak=193501846720 bytes reserved=0 bytes
[2026-07-31 08:20:04.057] [info] [sirius_context.cpp:416] [window] end instance=0xfd127512aa00 connection=1 window=45 query=91 outcome=ok
[2026-07-31 08:20:04.058] [info] [sirius_context.cpp:225] QueryBegin: instance=0xfd127512aa00 connection=1 query=92 SQL: CALL pin_table('/home/nvidia/tpch_parquet_sf1000/part/*.parquet', tier='gpu', name='part', cols=['p_partkey','p_type'])
[2026-07-31 08:20:04.059] [info] [sirius_context.cpp:416] [window] begin instance=0xfd127512aa00 connection=1 window=46 query=92 outcome=-
[2026-07-31 08:20:04.059] [info] [sirius_context.cpp:152] [host_pool] HOST:0 QueryBegin instance=0xfd127512aa00 connection=1 window=46 query=92 allocated=17515413504 bytes peak=30802968576 bytes free_blocks=2875
[2026-07-31 08:20:04.059] [info] [sirius_context.cpp:167] [gpu_pool] GPU:0 QueryBegin instance=0xfd127512aa00 connection=1 window=46 query=92 allocated=71284742656 bytes peak=193501846720 bytes reserved=0 bytes
[2026-07-31 08:20:04.059] [info] [sirius_context.cpp:285] QueryBegin: pin_table
[2026-07-31 08:20:04.059] [warning] [sirius_extension.cpp:1348] [pin_table] 'part': pin_table_compression is enabled but no plan file was found in '/home/nvidia/felipe/sirius/.claude/worktrees/combo-prefetch-comp/bench_out/plans_gpu_facts'; pinning uncompressed
[2026-07-31 08:20:04.097] [info] [sirius_context.cpp:300] QueryEnd
[2026-07-31 08:20:04.108] [info] [sirius_context.cpp:152] [host_pool] HOST:0 QueryEnd instance=0xfd127512aa00 connection=1 window=46 query=92 allocated=17515413504 bytes peak=30802968576 bytes free_blocks=2875
[2026-07-31 08:20:04.108] [info] [sirius_context.cpp:167] [gpu_pool] GPU:0 QueryEnd instance=0xfd127512aa00 connection=1 window=46 query=92 allocated=77744918784 bytes peak=193501846720 bytes reserved=0 bytes
[2026-07-31 08:20:04.108] [info] [sirius_context.cpp:416] [window] end instance=0xfd127512aa00 connection=1 window=46 query=92 outcome=ok
[2026-07-31 08:20:04.108] [info] [sirius_context.cpp:225] QueryBegin: instance=0xfd127512aa00 connection=1 query=93 SQL: CALL pin_table('/home/nvidia/tpch_parquet_sf1000/supplier/*.parquet', tier='gpu', name='supplier', cols=['s_suppkey','s_nationkey'])
[2026-07-31 08:20:04.108] [info] [sirius_context.cpp:416] [window] begin instance=0xfd127512aa00 connection=1 window=47 query=93 outcome=-
[2026-07-31 08:20:04.108] [info] [sirius_context.cpp:152] [host_pool] HOST:0 QueryBegin instance=0xfd127512aa00 connection=1 window=47 query=93 allocated=17515413504 bytes peak=30802968576 bytes free_blocks=2875
[2026-07-31 08:20:04.108] [info] [sirius_context.cpp:167] [gpu_pool] GPU:0 QueryBegin instance=0xfd127512aa00 connection=1 window=47 query=93 allocated=77744918784 bytes peak=193501846720 bytes reserved=0 bytes
[2026-07-31 08:20:04.108] [info] [sirius_context.cpp:285] QueryBegin: pin_table
[2026-07-31 08:20:04.108] [warning] [sirius_extension.cpp:1348] [pin_table] 'supplier': pin_table_compression is enabled but no plan file was found in '/home/nvidia/felipe/sirius/.claude/worktrees/combo-prefetch-comp/bench_out/plans_gpu_facts'; pinning uncompressed
[2026-07-31 08:20:04.112] [info] [sirius_context.cpp:300] QueryEnd
[2026-07-31 08:20:04.118] [info] [sirius_context.cpp:152] [host_pool] HOST:0 QueryEnd instance=0xfd127512aa00 connection=1 window=47 query=93 allocated=17515413504 bytes peak=30802968576 bytes free_blocks=2875
[2026-07-31 08:20:04.118] [info] [sirius_context.cpp:167] [gpu_pool] GPU:0 QueryEnd instance=0xfd127512aa00 connection=1 window=47 query=93 allocated=77827418880 bytes peak=193501846720 bytes reserved=0 bytes
[2026-07-31 08:20:04.118] [info] [sirius_context.cpp:416] [window] end instance=0xfd127512aa00 connection=1 window=47 query=93 outcome=ok
[2026-07-31 08:20:04.118] [info] [sirius_context.cpp:225] QueryBegin: instance=0xfd127512aa00 connection=1 query=94 SQL: CALL pin_table('/home/nvidia/tpch_parquet_sf1000/orders/*.parquet', tier='gpu', name='orders', cols=['o_orderkey','o_custkey','o_orderdate'])
[2026-07-31 08:20:04.118] [info] [sirius_context.cpp:416] [window] begin instance=0xfd127512aa00 connection=1 window=48 query=94 outcome=-
[2026-07-31 08:20:04.118] [info] [sirius_context.cpp:152] [host_pool] HOST:0 QueryBegin instance=0xfd127512aa00 connection=1 window=48 query=94 allocated=17515413504 bytes peak=30802968576 bytes free_blocks=2875
[2026-07-31 08:20:04.118] [info] [sirius_context.cpp:167] [gpu_pool] GPU:0 QueryBegin instance=0xfd127512aa00 connection=1 window=48 query=94 allocated=77827418880 bytes peak=193501846720 bytes reserved=0 bytes
[2026-07-31 08:20:04.118] [info] [sirius_context.cpp:285] QueryBegin: pin_table
[2026-07-31 08:20:04.119] [info] [sirius_extension.cpp:1338] [pin_table] 'orders' tier=gpu: compressing with plan for 3 column(s)
[2026-07-31 08:20:04.721] [info] [sirius_context.cpp:300] QueryEnd
[2026-07-31 08:20:04.732] [info] [sirius_context.cpp:152] [host_pool] HOST:0 QueryEnd instance=0xfd127512aa00 connection=1 window=48 query=94 allocated=17515413504 bytes peak=30802968576 bytes free_blocks=2875
[2026-07-31 08:20:04.732] [info] [sirius_context.cpp:167] [gpu_pool] GPU:0 QueryEnd instance=0xfd127512aa00 connection=1 window=48 query=94 allocated=85466597632 bytes peak=193501846720 bytes reserved=0 bytes
[2026-07-31 08:20:04.732] [info] [sirius_context.cpp:416] [window] end instance=0xfd127512aa00 connection=1 window=48 query=94 outcome=ok
[2026-07-31 08:20:04.732] [info] [sirius_context.cpp:225] QueryBegin: instance=0xfd127512aa00 connection=1 query=95 SQL: CALL pin_table('/home/nvidia/tpch_parquet_sf1000/customer/*.parquet', tier='gpu', name='customer', cols=['c_custkey','c_nationkey'])
[2026-07-31 08:20:04.732] [info] [sirius_context.cpp:416] [window] begin instance=0xfd127512aa00 connection=1 window=49 query=95 outcome=-
[2026-07-31 08:20:04.732] [info] [sirius_context.cpp:152] [host_pool] HOST:0 QueryBegin instance=0xfd127512aa00 connection=1 window=49 query=95 allocated=17515413504 bytes peak=30802968576 bytes free_blocks=2875
[2026-07-31 08:20:04.732] [info] [sirius_context.cpp:167] [gpu_pool] GPU:0 QueryBegin instance=0xfd127512aa00 connection=1 window=49 query=95 allocated=85466597632 bytes peak=193501846720 bytes reserved=0 bytes
[2026-07-31 08:20:04.732] [info] [sirius_context.cpp:285] QueryBegin: pin_table
[2026-07-31 08:20:04.733] [warning] [sirius_extension.cpp:1348] [pin_table] 'customer': pin_table_compression is enabled but no plan file was found in '/home/nvidia/felipe/sirius/.claude/worktrees/combo-prefetch-comp/bench_out/plans_gpu_facts'; pinning uncompressed
[2026-07-31 08:20:04.752] [info] [sirius_context.cpp:300] QueryEnd
[2026-07-31 08:20:04.762] [info] [sirius_context.cpp:152] [host_pool] HOST:0 QueryEnd instance=0xfd127512aa00 connection=1 window=49 query=95 allocated=17515413504 bytes peak=30802968576 bytes free_blocks=2875
[2026-07-31 08:20:04.762] [info] [sirius_context.cpp:167] [gpu_pool] GPU:0 QueryEnd instance=0xfd127512aa00 connection=1 window=49 query=95 allocated=86704098048 bytes peak=193501846720 bytes reserved=0 bytes
[2026-07-31 08:20:04.762] [info] [sirius_context.cpp:416] [window] end instance=0xfd127512aa00 connection=1 window=49 query=95 outcome=ok
[2026-07-31 08:20:04.762] [info] [sirius_context.cpp:225] QueryBegin: instance=0xfd127512aa00 connection=1 query=96 SQL: CALL pin_table('/home/nvidia/tpch_parquet_sf1000/nation/*.parquet', tier='gpu', name='nation', cols=['n_nationkey','n_regionkey','n_name'])
[2026-07-31 08:20:04.763] [info] [sirius_context.cpp:416] [window] begin instance=0xfd127512aa00 connection=1 window=50 query=96 outcome=-
[2026-07-31 08:20:04.763] [info] [sirius_context.cpp:152] [host_pool] HOST:0 QueryBegin instance=0xfd127512aa00 connection=1 window=50 query=96 allocated=17515413504 bytes peak=30802968576 bytes free_blocks=2875
[2026-07-31 08:20:04.763] [info] [sirius_context.cpp:167] [gpu_pool] GPU:0 QueryBegin instance=0xfd127512aa00 connection=1 window=50 query=96 allocated=86704098048 bytes peak=193501846720 bytes reserved=0 bytes
[2026-07-31 08:20:04.763] [info] [sirius_context.cpp:285] QueryBegin: pin_table
[2026-07-31 08:20:04.763] [warning] [sirius_extension.cpp:1348] [pin_table] 'nation': pin_table_compression is enabled but no plan file was found in '/home/nvidia/felipe/sirius/.claude/worktrees/combo-prefetch-comp/bench_out/plans_gpu_facts'; pinning uncompressed
[2026-07-31 08:20:04.765] [info] [sirius_context.cpp:300] QueryEnd
[2026-07-31 08:20:04.772] [info] [sirius_context.cpp:152] [host_pool] HOST:0 QueryEnd instance=0xfd127512aa00 connection=1 window=50 query=96 allocated=17515413504 bytes peak=30802968576 bytes free_blocks=2875
[2026-07-31 08:20:04.772] [info] [sirius_context.cpp:167] [gpu_pool] GPU:0 QueryEnd instance=0xfd127512aa00 connection=1 window=50 query=96 allocated=86704099840 bytes peak=193501846720 bytes reserved=0 bytes
[2026-07-31 08:20:04.772] [info] [sirius_context.cpp:416] [window] end instance=0xfd127512aa00 connection=1 window=50 query=96 outcome=ok
[2026-07-31 08:20:04.772] [info] [sirius_context.cpp:225] QueryBegin: instance=0xfd127512aa00 connection=1 query=97 SQL: CALL pin_table('/home/nvidia/tpch_parquet_sf1000/region/*.parquet', tier='gpu', name='region', cols=['r_regionkey','r_name'])
[2026-07-31 08:20:04.773] [info] [sirius_context.cpp:416] [window] begin instance=0xfd127512aa00 connection=1 window=51 query=97 outcome=-
[2026-07-31 08:20:04.773] [info] [sirius_context.cpp:152] [host_pool] HOST:0 QueryBegin instance=0xfd127512aa00 connection=1 window=51 query=97 allocated=17515413504 bytes peak=30802968576 bytes free_blocks=2875
[2026-07-31 08:20:04.773] [info] [sirius_context.cpp:167] [gpu_pool] GPU:0 QueryBegin instance=0xfd127512aa00 connection=1 window=51 query=97 allocated=86704099840 bytes peak=193501846720 bytes reserved=0 bytes
[2026-07-31 08:20:04.773] [info] [sirius_context.cpp:285] QueryBegin: pin_table
[2026-07-31 08:20:04.773] [warning] [sirius_extension.cpp:1348] [pin_table] 'region': pin_table_compression is enabled but no plan file was found in '/home/nvidia/felipe/sirius/.claude/worktrees/combo-prefetch-comp/bench_out/plans_gpu_facts'; pinning uncompressed
[2026-07-31 08:20:04.775] [info] [sirius_context.cpp:300] QueryEnd
[2026-07-31 08:20:04.782] [info] [sirius_context.cpp:152] [host_pool] HOST:0 QueryEnd instance=0xfd127512aa00 connection=1 window=51 query=97 allocated=17515413504 bytes peak=30802968576 bytes free_blocks=2875
[2026-07-31 08:20:04.782] [info] [sirius_context.cpp:167] [gpu_pool] GPU:0 QueryEnd instance=0xfd127512aa00 connection=1 window=51 query=97 allocated=86704101120 bytes peak=193501846720 bytes reserved=0 bytes
[2026-07-31 08:20:04.782] [info] [sirius_context.cpp:416] [window] end instance=0xfd127512aa00 connection=1 window=51 query=97 outcome=ok
[2026-07-31 08:20:04.783] [info] [sirius_context.cpp:225] QueryBegin: instance=0xfd127512aa00 connection=1 query=98 SQL: SET gpu_execution = true;
