[2026-07-31 08:17:11.922] [info] [sirius_context.cpp:225] QueryBegin: instance=0xc36148a50620 connection=1 query=15 SQL: select s.s_acctbal, s.s_name, n.n_name, p.p_partkey, p.p_mfgr, s.s_address, s.s_phone, s.s_comment from part p, supplier s, partsupp ps, nation n, region r where p.p_partkey = ps.ps_partkey and s.s_suppkey = ps.ps_suppkey and p.p_size = 41 and p.p_type like '%NICKEL' and s.s_nationkey = n.n_nationkey and n.n_regionkey = r.r_regionkey and r.r_name = 'EUROPE' and ps.ps_supplycost = ( select min(ps.ps_supplycost) from partsupp ps, supplier s, nation n, region r where p.p_partkey = ps.ps_partkey and s.s_suppkey = ps.ps_suppkey and s.s_nationkey = n.n_nationkey and n.n_regionkey = r.r_regionkey and r.r_name = 'EUROPE' ) order by s.s_acctbal desc, n.n_name, s.s_name, p.p_partkey limit 100
[2026-07-31 08:17:11.954] [info] [sirius_plan_get.cpp:498] [sirius_plan_get] LogicalGet has dynamic_filters attached (channel key=0xc36154630db0).
[2026-07-31 08:17:11.954] [info] [sirius_plan_comparison_join.cpp:608] [sirius_plan_comparison_join] Wired hash join with 1 dynamic-filter probe target(s) (build est 199999968 rows).
[2026-07-31 08:17:11.954] [info] [sirius_plan_get.cpp:498] [sirius_plan_get] LogicalGet has dynamic_filters attached (channel key=0xc3615470f8d0).
[2026-07-31 08:17:11.955] [info] [sirius_plan_get.cpp:498] [sirius_plan_get] LogicalGet has dynamic_filters attached (channel key=0xc3614f4d0b40).
[2026-07-31 08:17:11.955] [info] [sirius_plan_comparison_join.cpp:608] [sirius_plan_comparison_join] Wired hash join with 1 dynamic-filter probe target(s) (build est 5 rows).
[2026-07-31 08:17:11.955] [info] [sirius_plan_comparison_join.cpp:608] [sirius_plan_comparison_join] Wired hash join with 1 dynamic-filter probe target(s) (build est 25 rows).
[2026-07-31 08:17:11.955] [info] [sirius_plan_comparison_join.cpp:608] [sirius_plan_comparison_join] Wired hash join with 1 dynamic-filter probe target(s) (build est 10000000 rows).
[2026-07-31 08:17:11.955] [info] [sirius_plan_get.cpp:498] [sirius_plan_get] LogicalGet has dynamic_filters attached (channel key=0xc36154631c10).
[2026-07-31 08:17:11.955] [info] [sirius_plan_comparison_join.cpp:547] [sirius_plan_comparison_join] Not wiring dynamic filter(s): build side is unfiltered (build est 0 rows).
[2026-07-31 08:17:11.955] [info] [sirius_plan_get.cpp:498] [sirius_plan_get] LogicalGet has dynamic_filters attached (channel key=0xc36154713550).
[2026-07-31 08:17:11.955] [info] [sirius_plan_get.cpp:498] [sirius_plan_get] LogicalGet has dynamic_filters attached (channel key=0xc36154715230).
[2026-07-31 08:17:11.955] [info] [sirius_plan_comparison_join.cpp:608] [sirius_plan_comparison_join] Wired hash join with 1 dynamic-filter probe target(s) (build est 5 rows).
[2026-07-31 08:17:11.955] [info] [sirius_plan_comparison_join.cpp:608] [sirius_plan_comparison_join] Wired hash join with 1 dynamic-filter probe target(s) (build est 25 rows).
[2026-07-31 08:17:11.955] [info] [sirius_plan_comparison_join.cpp:608] [sirius_plan_comparison_join] Wired hash join with 1 dynamic-filter probe target(s) (build est 10000000 rows).
[2026-07-31 08:17:11.955] [info] [sirius_context.cpp:1244] Transparent execution: Sirius physical plan generated successfully
[2026-07-31 08:17:11.955] [info] [sirius_context.cpp:1272] Transparent execution: physical plan replaced with GPU operator
[2026-07-31 08:17:11.955] [info] [physical_sirius_execution.cpp:155] Transparent GPU execution: executing query
[2026-07-31 08:17:11.955] [info] [sirius_context.cpp:416] [window] begin instance=0xc36148a50620 connection=1 window=10 query=15 outcome=-
[2026-07-31 08:17:11.955] [info] [sirius_context.cpp:152] [host_pool] HOST:0 QueryBegin instance=0xc36148a50620 connection=1 window=10 query=15 allocated=42681237504 bytes peak=301385908224 bytes free_blocks=3860
[2026-07-31 08:17:11.955] [info] [sirius_context.cpp:167] [gpu_pool] GPU:0 QueryBegin instance=0xc36148a50620 connection=1 window=10 query=15 allocated=0 bytes peak=158976940357 bytes reserved=0 bytes
[2026-07-31 08:17:11.955] [info] [sirius_context.cpp:285] QueryBegin: transparent_execution
[2026-07-31 08:17:11.958] [info] [sirius_plan_get.cpp:498] [sirius_plan_get] LogicalGet has dynamic_filters attached (channel key=0xc36154630db0).
[2026-07-31 08:17:11.958] [info] [sirius_plan_comparison_join.cpp:608] [sirius_plan_comparison_join] Wired hash join with 1 dynamic-filter probe target(s) (build est 199999968 rows).
[2026-07-31 08:17:11.958] [info] [sirius_plan_get.cpp:498] [sirius_plan_get] LogicalGet has dynamic_filters attached (channel key=0xc3615470f8d0).
[2026-07-31 08:17:11.958] [info] [sirius_plan_get.cpp:498] [sirius_plan_get] LogicalGet has dynamic_filters attached (channel key=0xc3614f4d0b40).
[2026-07-31 08:17:11.958] [info] [sirius_plan_comparison_join.cpp:608] [sirius_plan_comparison_join] Wired hash join with 1 dynamic-filter probe target(s) (build est 5 rows).
[2026-07-31 08:17:11.958] [info] [sirius_plan_comparison_join.cpp:608] [sirius_plan_comparison_join] Wired hash join with 1 dynamic-filter probe target(s) (build est 25 rows).
[2026-07-31 08:17:11.958] [info] [sirius_plan_comparison_join.cpp:608] [sirius_plan_comparison_join] Wired hash join with 1 dynamic-filter probe target(s) (build est 10000000 rows).
[2026-07-31 08:17:11.958] [info] [sirius_plan_get.cpp:498] [sirius_plan_get] LogicalGet has dynamic_filters attached (channel key=0xc36154631c10).
[2026-07-31 08:17:11.958] [info] [sirius_plan_comparison_join.cpp:547] [sirius_plan_comparison_join] Not wiring dynamic filter(s): build side is unfiltered (build est 0 rows).
[2026-07-31 08:17:11.958] [info] [sirius_plan_get.cpp:498] [sirius_plan_get] LogicalGet has dynamic_filters attached (channel key=0xc36154713550).
[2026-07-31 08:17:11.958] [info] [sirius_plan_get.cpp:498] [sirius_plan_get] LogicalGet has dynamic_filters attached (channel key=0xc36154715230).
[2026-07-31 08:17:11.958] [info] [sirius_plan_comparison_join.cpp:608] [sirius_plan_comparison_join] Wired hash join with 1 dynamic-filter probe target(s) (build est 5 rows).
[2026-07-31 08:17:11.958] [info] [sirius_plan_comparison_join.cpp:608] [sirius_plan_comparison_join] Wired hash join with 1 dynamic-filter probe target(s) (build est 25 rows).
[2026-07-31 08:17:11.958] [info] [sirius_plan_comparison_join.cpp:608] [sirius_plan_comparison_join] Wired hash join with 1 dynamic-filter probe target(s) (build est 10000000 rows).
[2026-07-31 08:17:11.959] [info] [sirius_engine.cpp:265] Query Plan:
=== Pipeline Overview ===
Pipeline #0: GPU_SCAN (id=0)
  Output: -> PARTITION [port: default, barrier: FULL]
Pipeline #1: PARTITION (id=1)
  Input: <- Pipeline #0 [on: PARTITION (id=1), port: default, barrier: FULL]
  Dependencies: Pipeline #0
  Output: -> CONCAT [port: default, barrier: PARTIAL]
Pipeline #2: CONCAT (id=2)
  Input: <- Pipeline #1 [on: CONCAT (id=2), port: default, barrier: PARTIAL]
  Dependencies: Pipeline #1
  Output: -> HASH_JOIN [port: build, barrier: PARTIAL]
Pipeline #3: GPU_SCAN (id=3) -> DYNAMIC_FILTER (id=4)
  Output: -> PARTITION [port: default, barrier: PARTIAL]
Pipeline #4: PARTITION (id=5)
  Input: <- Pipeline #3 [on: PARTITION (id=5), port: default, barrier: PARTIAL]
  Dependencies: Pipeline #3
  Output: -> CONCAT [port: default, barrier: PARTIAL]
Pipeline #5: CONCAT (id=6)
  Input: <- Pipeline #4 [on: CONCAT (id=6), port: default, barrier: PARTIAL]
  Dependencies: Pipeline #4
  Output: -> HASH_JOIN [port: default, barrier: PARTIAL]
Pipeline #6: HASH_JOIN (id=7)
  Input: <- Pipeline #2 [on: HASH_JOIN (id=7), port: build, barrier: PARTIAL]
  Input: <- Pipeline #5 [on: HASH_JOIN (id=7), port: default, barrier: PARTIAL]
  Dependencies: Pipeline #2, Pipeline #5
  Output: -> PARTITION [port: default, barrier: FULL]
Pipeline #7: PARTITION (id=8)
  Input: <- Pipeline #6 [on: PARTITION (id=8), port: default, barrier: FULL]
  Dependencies: Pipeline #6
  Output: -> CONCAT [port: default, barrier: PARTIAL]
Pipeline #8: CONCAT (id=9)
  Input: <- Pipeline #7 [on: CONCAT (id=9), port: default, barrier: PARTIAL]
  Dependencies: Pipeline #7
  Output: -> HASH_JOIN [port: build, barrier: PARTIAL]
Pipeline #9: GPU_SCAN (id=10) -> DYNAMIC_FILTER (id=11)
  Output: -> PARTITION [port: default, barrier: PARTIAL]
Pipeline #10: PARTITION (id=12)
  Input: <- Pipeline #9 [on: PARTITION (id=12), port: default, barrier: PARTIAL]
  Dependencies: Pipeline #9
  Output: -> CONCAT [port: default, barrier: PARTIAL]
Pipeline #11: CONCAT (id=13)
  Input: <- Pipeline #10 [on: CONCAT (id=13), port: default, barrier: PARTIAL]
  Dependencies: Pipeline #10
  Output: -> HASH_JOIN [port: default, barrier: PARTIAL]
Pipeline #12: HASH_JOIN (id=14)
  Input: <- Pipeline #8 [on: HASH_JOIN (id=14), port: build, barrier: PARTIAL]
  Input: <- Pipeline #11 [on: HASH_JOIN (id=14), port: default, barrier: PARTIAL]
  Dependencies: Pipeline #8, Pipeline #11
  Output: -> PARTITION [port: default, barrier: FULL]
Pipeline #13: PARTITION (id=15)
  Input: <- Pipeline #12 [on: PARTITION (id=15), port: default, barrier: FULL]
  Dependencies: Pipeline #12
  Output: -> CONCAT [port: default, barrier: PARTIAL]
Pipeline #14: CONCAT (id=16)
  Input: <- Pipeline #13 [on: CONCAT (id=16), port: default, barrier: PARTIAL]
  Dependencies: Pipeline #13
  Output: -> HASH_JOIN [port: build, barrier: PARTIAL]
Pipeline #15: GPU_SCAN (id=17)
  Output: -> PARTITION [port: default, barrier: FULL]
Pipeline #16: PARTITION (id=18)
  Input: <- Pipeline #15 [on: PARTITION (id=18), port: default, barrier: FULL]
  Dependencies: Pipeline #15
  Output: -> CONCAT [port: default, barrier: PARTIAL]
Pipeline #17: CONCAT (id=19)
  Input: <- Pipeline #16 [on: CONCAT (id=19), port: default, barrier: PARTIAL]
  Dependencies: Pipeline #16
  Output: -> HASH_JOIN [port: build, barrier: PARTIAL]
Pipeline #18: GPU_SCAN (id=20) -> DYNAMIC_FILTER (id=21)
  Output: -> PARTITION [port: default, barrier: PARTIAL]
Pipeline #19: PARTITION (id=22)
  Input: <- Pipeline #18 [on: PARTITION (id=22), port: default, barrier: PARTIAL]
  Dependencies: Pipeline #18
  Output: -> CONCAT [port: default, barrier: PARTIAL]
Pipeline #20: CONCAT (id=23)
  Input: <- Pipeline #19 [on: CONCAT (id=23), port: default, barrier: PARTIAL]
  Dependencies: Pipeline #19
  Output: -> HASH_JOIN [port: default, barrier: PARTIAL]
Pipeline #21: HASH_JOIN (id=24)
  Input: <- Pipeline #17 [on: HASH_JOIN (id=24), port: build, barrier: PARTIAL]
  Input: <- Pipeline #20 [on: HASH_JOIN (id=24), port: default, barrier: PARTIAL]
  Dependencies: Pipeline #17, Pipeline #20
  Output: -> PARTITION [port: default, barrier: FULL]
Pipeline #22: PARTITION (id=25)
  Input: <- Pipeline #21 [on: PARTITION (id=25), port: default, barrier: FULL]
  Dependencies: Pipeline #21
  Output: -> CONCAT [port: default, barrier: PARTIAL]
Pipeline #23: CONCAT (id=26)
  Input: <- Pipeline #22 [on: CONCAT (id=26), port: default, barrier: PARTIAL]
  Dependencies: Pipeline #22
  Output: -> HASH_JOIN [port: build, barrier: PARTIAL]
Pipeline #24: GPU_SCAN (id=27) -> DYNAMIC_FILTER (id=28)
  Output: -> PARTITION [port: default, barrier: PARTIAL]
Pipeline #25: PARTITION (id=29)
  Input: <- Pipeline #24 [on: PARTITION (id=29), port: default, barrier: PARTIAL]
  Dependencies: Pipeline #24
  Output: -> CONCAT [port: default, barrier: PARTIAL]
Pipeline #26: CONCAT (id=30)
  Input: <- Pipeline #25 [on: CONCAT (id=30), port: default, barrier: PARTIAL]
  Dependencies: Pipeline #25
  Output: -> HASH_JOIN [port: default, barrier: PARTIAL]
Pipeline #27: HASH_JOIN (id=31)
  Input: <- Pipeline #23 [on: HASH_JOIN (id=31), port: build, barrier: PARTIAL]
  Input: <- Pipeline #26 [on: HASH_JOIN (id=31), port: default, barrier: PARTIAL]
  Dependencies: Pipeline #23, Pipeline #26
  Output: -> PARTITION [port: default, barrier: FULL]
Pipeline #28: PARTITION (id=32)
  Input: <- Pipeline #27 [on: PARTITION (id=32), port: default, barrier: FULL]
  Dependencies: Pipeline #27
  Output: -> CONCAT [port: default, barrier: PARTIAL]
Pipeline #29: CONCAT (id=33)
  Input: <- Pipeline #28 [on: CONCAT (id=33), port: default, barrier: PARTIAL]
  Dependencies: Pipeline #28
  Output: -> HASH_JOIN [port: build, barrier: PARTIAL]
Pipeline #30: GPU_SCAN (id=34)
  Output: -> PARTITION [port: default, barrier: FULL]
Pipeline #31: PARTITION (id=35)
  Input: <- Pipeline #30 [on: PARTITION (id=35), port: default, barrier: FULL]
  Dependencies: Pipeline #30
  Output: -> CONCAT [port: default, barrier: PARTIAL]
Pipeline #32: CONCAT (id=36)
  Input: <- Pipeline #31 [on: CONCAT (id=36), port: default, barrier: PARTIAL]
  Dependencies: Pipeline #31
  Output: -> HASH_JOIN [port: build, barrier: PARTIAL]
Pipeline #33: GPU_SCAN (id=37) -> DYNAMIC_FILTER (id=38)
  Output: -> PARTITION [port: default, barrier: PARTIAL]
Pipeline #34: PARTITION (id=39)
  Input: <- Pipeline #33 [on: PARTITION (id=39), port: default, barrier: PARTIAL]
  Dependencies: Pipeline #33
  Output: -> CONCAT [port: default, barrier: PARTIAL]
Pipeline #35: CONCAT (id=40)
  Input: <- Pipeline #34 [on: CONCAT (id=40), port: default, barrier: PARTIAL]
  Dependencies: Pipeline #34
  Output: -> HASH_JOIN [port: default, barrier: PARTIAL]
Pipeline #36: HASH_JOIN (id=41)
  Input: <- Pipeline #32 [on: HASH_JOIN (id=41), port: build, barrier: PARTIAL]
  Input: <- Pipeline #35 [on: HASH_JOIN (id=41), port: default, barrier: PARTIAL]
  Dependencies: Pipeline #32, Pipeline #35
  Output: -> PARTITION [port: default, barrier: PARTIAL]
Pipeline #37: PARTITION (id=42)
  Input: <- Pipeline #36 [on: PARTITION (id=42), port: default, barrier: PARTIAL]
  Dependencies: Pipeline #36
  Output: -> CONCAT [port: default, barrier: PARTIAL]
Pipeline #38: CONCAT (id=43)
  Input: <- Pipeline #37 [on: CONCAT (id=43), port: default, barrier: PARTIAL]
  Dependencies: Pipeline #37
  Output: -> HASH_JOIN [port: default, barrier: PARTIAL]
Pipeline #39: HASH_JOIN (id=44) -> LEFT_DELIM_JOIN (id=45)
  Input: <- Pipeline #29 [on: HASH_JOIN (id=44), port: build, barrier: PARTIAL]
  Input: <- Pipeline #38 [on: HASH_JOIN (id=44), port: default, barrier: PARTIAL]
  Dependencies: Pipeline #29, Pipeline #38
  Output: -> COLUMN_DATA_SCAN [port: default, barrier: FULL]
  Output: -> HASH_GROUP_BY [port: default, barrier: FULL]
Pipeline #40: HASH_GROUP_BY (id=46)
  Input: <- Pipeline #39 [on: HASH_GROUP_BY (id=46), port: default, barrier: FULL]
  Dependencies: Pipeline #39
  Output: -> PARTITION [port: default, barrier: FULL]
Pipeline #41: PARTITION (id=47)
  Input: <- Pipeline #40 [on: PARTITION (id=47), port: default, barrier: FULL]
  Dependencies: Pipeline #40
  Output: -> MERGE_GROUP_BY [port: default, barrier: FULL]
Pipeline #42: MERGE_GROUP_BY (id=48)
  Input: <- Pipeline #41 [on: MERGE_GROUP_BY (id=48), port: default, barrier: FULL]
  Dependencies: Pipeline #41
  Output: -> PARTITION [port: default, barrier: FULL]
Pipeline #43: PARTITION (id=49)
  Input: <- Pipeline #42 [on: PARTITION (id=49), port: default, barrier: FULL]
  Dependencies: Pipeline #42
  Output: -> CONCAT [port: default, barrier: PARTIAL]
Pipeline #44: CONCAT (id=50)
  Input: <- Pipeline #43 [on: CONCAT (id=50), port: default, barrier: PARTIAL]
  Dependencies: Pipeline #43
  Output: -> HASH_JOIN [port: build, barrier: PARTIAL]
Pipeline #45: GPU_SCAN (id=51) -> DYNAMIC_FILTER (id=52)
  Output: -> PARTITION [port: default, barrier: PARTIAL]
Pipeline #46: PARTITION (id=53)
  Input: <- Pipeline #45 [on: PARTITION (id=53), port: default, barrier: PARTIAL]
  Dependencies: Pipeline #45
  Output: -> CONCAT [port: default, barrier: PARTIAL]
Pipeline #47: CONCAT (id=54)
  Input: <- Pipeline #46 [on: CONCAT (id=54), port: default, barrier: PARTIAL]
  Dependencies: Pipeline #46
  Output: -> HASH_JOIN [port: default, barrier: PARTIAL]
Pipeline #48: HASH_JOIN (id=55)
  Input: <- Pipeline #44 [on: HASH_JOIN (id=55), port: build, barrier: PARTIAL]
  Input: <- Pipeline #47 [on: HASH_JOIN (id=55), port: default, barrier: PARTIAL]
  Dependencies: Pipeline #44, Pipeline #47
  Output: -> PARTITION [port: default, barrier: PARTIAL]
Pipeline #49: PARTITION (id=56)
  Input: <- Pipeline #48 [on: PARTITION (id=56), port: default, barrier: PARTIAL]
  Dependencies: Pipeline #48
  Output: -> CONCAT [port: default, barrier: PARTIAL]
Pipeline #50: CONCAT (id=57)
  Input: <- Pipeline #49 [on: CONCAT (id=57), port: default, barrier: PARTIAL]
  Dependencies: Pipeline #49
  Output: -> HASH_JOIN [port: default, barrier: PARTIAL]
Pipeline #51: HASH_JOIN (id=58) -> PROJECTION (id=59) -> HASH_GROUP_BY (id=60)
  Input: <- Pipeline #50 [on: HASH_JOIN (id=58), port: default, barrier: PARTIAL]
  Input: <- Pipeline #14 [on: HASH_JOIN (id=58), port: build, barrier: PARTIAL]
  Dependencies: Pipeline #14, Pipeline #50
  Output: -> PARTITION [port: default, barrier: FULL]
Pipeline #52: PARTITION (id=61)
  Input: <- Pipeline #51 [on: PARTITION (id=61), port: default, barrier: FULL]
  Dependencies: Pipeline #51
  Output: -> MERGE_GROUP_BY [port: default, barrier: FULL]
Pipeline #53: MERGE_GROUP_BY (id=62) -> PROJECTION (id=63)
  Input: <- Pipeline #52 [on: MERGE_GROUP_BY (id=62), port: default, barrier: FULL]
  Dependencies: Pipeline #52
  Output: -> PARTITION [port: default, barrier: FULL]
Pipeline #54: PARTITION (id=64)
  Input: <- Pipeline #53 [on: PARTITION (id=64), port: default, barrier: FULL]
  Dependencies: Pipeline #53
  Output: -> CONCAT [port: default, barrier: PARTIAL]
Pipeline #55: CONCAT (id=65)
  Input: <- Pipeline #54 [on: CONCAT (id=65), port: default, barrier: PARTIAL]
  Dependencies: Pipeline #54
  Output: -> HASH_JOIN [port: build, barrier: PARTIAL]
Pipeline #56: COLUMN_DATA_SCAN (id=66)
  Input: <- Pipeline #39 [on: COLUMN_DATA_SCAN (id=66), port: default, barrier: FULL]
  Dependencies: Pipeline #39
  Output: -> PARTITION [port: default, barrier: PARTIAL]
Pipeline #57: PARTITION (id=67)
  Input: <- Pipeline #56 [on: PARTITION (id=67), port: default, barrier: PARTIAL]
  Dependencies: Pipeline #56
  Output: -> CONCAT [port: default, barrier: PARTIAL]
Pipeline #58: CONCAT (id=68)
  Input: <- Pipeline #57 [on: CONCAT (id=68), port: default, barrier: PARTIAL]
  Dependencies: Pipeline #57
  Output: -> HASH_JOIN [port: default, barrier: PARTIAL]
Pipeline #59: HASH_JOIN (id=69) -> FILTER (id=70) -> PROJECTION (id=71) -> TOP_N (id=72)
  Input: <- Pipeline #55 [on: HASH_JOIN (id=69), port: build, barrier: PARTIAL]
  Input: <- Pipeline #58 [on: HASH_JOIN (id=69), port: default, barrier: PARTIAL]
  Dependencies: Pipeline #55, Pipeline #58
  Output: -> MERGE_TOP_N [port: default, barrier: FULL]
Pipeline #60: MERGE_TOP_N (id=73) -> RESULT_COLLECTOR (id=74)
  Input: <- Pipeline #59 [on: MERGE_TOP_N (id=73), port: default, barrier: FULL]
  Dependencies: Pipeline #59

=== Query Plan DAG ===
┌──────────────────────────┐                                                                                                                                                                                                                                                            
│ Pipeline #60             │                                                                                                                                                                                                                                                            
│ RESULT_COLLECTOR (id=74) │                                                                                                                                                                                                                                                            
│ MERGE_TOP_N (id=73)      │                                                                                                                                                                                                                                                            
│ Input(#59): FULL         │                                                                                                                                                                                                                                                            
└────────────┬─────────────┘                                                                                                                                                                                                                                                            
             │                                                                                                                                                                                                                                                                          
┌──────────────────────────┐                                                                                                                                                                                                                                                            
│ Pipeline #59             │                                                                                                                                                                                                                                                            
│ TOP_N (id=72)            │                                                                                                                                                                                                                                                            
│ PROJECTION (id=71)       │                                                                                                                                                                                                                                                            
│ FILTER (id=70)           │                                                                                                                                                                                                                                                            
│ HASH_JOIN (id=69)        │                                                                                                                                                                                                                                                            
│   type: LEFT             │                                                                                                                                                                                                                                                            
│ Input(#55): PARTIAL      │                                                                                                                                                                                                                                                            
│ Input(#58): PARTIAL      │                                                                                                                                                                                                                                                            
└────────────┬─────────────┘                                                                                                                                                                                                                                                            
             ┌───────────────────────────────────────────────────────────────────────────────────────────────────────────────────────────────────────────────────────────────────────────────────────────────────────────────────────────────────────────────────────────┐              
             │                                                                                                                                                                                                                                                           │              
┌──────────────────────────┐                                                                                                                                                                                                                                ┌──────────────────────────┐
│ Pipeline #55             │                                                                                                                                                                                                                                │ Pipeline #58             │
│ CONCAT (id=65)           │                                                                                                                                                                                                                                │ CONCAT (id=68)           │
│ Input(#54): PARTIAL      │                                                                                                                                                                                                                                │ Input(#57): PARTIAL      │
└────────────┬─────────────┘                                                                                                                                                                                                                                └────────────┬─────────────┘
             │                                                                                                                                                                                                                                                           │              
┌──────────────────────────┐                                                                                                                                                                                                                                ┌──────────────────────────┐
│ Pipeline #54             │                                                                                                                                                                                                                                │ Pipeline #57             │
│ PARTITION (id=64)        │                                                                                                                                                                                                                                │ PARTITION (id=67)        │
│ Input(#53): FULL         │                                                                                                                                                                                                                                │ Input(#56): PARTIAL      │
└────────────┬─────────────┘                                                                                                                                                                                                                                └────────────┬─────────────┘
             │                                                                                                                                                                                                                                                           │              
┌──────────────────────────┐                                                                                                                                                                                                                                ┌──────────────────────────┐
│ Pipeline #53             │                                                                                                                                                                                                                                │ Pipeline #56             │
│ PROJECTION (id=63)       │                                                                                                                                                                                                                                │ COLUMN_DATA_SCAN (id=66) │
│ MERGE_GROUP_BY (id=62)   │                                                                                                                                                                                                                                │ Input(#39): FULL         │
│ Input(#52): FULL         │                                                                                                                                                                                                                                │                          │
└────────────┬─────────────┘                                                                                                                                                                                                                                └────────────┬─────────────┘
             │                                                                                                                                                                                                                                                           │              
┌──────────────────────────┐                                                                                                                                                                                                                                ┌──────────────────────────┐
│ Pipeline #52             │                                                                                                                                                                                                                                │ (-> Pipeline #39)        │
│ PARTITION (id=61)        │                                                                                                                                                                                                                                │                          │
│ Input(#51): FULL         │                                                                                                                                                                                                                                │                          │
└────────────┬─────────────┘                                                                                                                                                                                                                                └────────────┬─────────────┘
             │                                                                                                                                                                                                                                                                          
┌──────────────────────────┐                                                                                                                                                                                                                                                            
│ Pipeline #51             │                                                                                                                                                                                                                                                            
│ HASH_GROUP_BY (id=60)    │                                                                                                                                                                                                                                                            
│ PROJECTION (id=59)       │                                                                                                                                                                                                                                                            
│ HASH_JOIN (id=58)        │                                                                                                                                                                                                                                                            
│   type: INNER            │                                                                                                                                                                                                                                                            
│ Input(#50): PARTIAL      │                                                                                                                                                                                                                                                            
│ Input(#14): PARTIAL      │                                                                                                                                                                                                                                                            
└────────────┬─────────────┘                                                                                                                                                                                                                                                            
             ┌───────────────────────────────────────────────────────────────────────────────────┐                                                                                                                                                                                      
             │                                                                                   │                                                                                                                                                                                      
┌──────────────────────────┐                                                        ┌──────────────────────────┐                                                                                                                                                                        
│ Pipeline #14             │                                                        │ Pipeline #50             │                                                                                                                                                                        
│ CONCAT (id=16)           │                                                        │ CONCAT (id=57)           │                                                                                                                                                                        
│ Input(#13): PARTIAL      │                                                        │ Input(#49): PARTIAL      │                                                                                                                                                                        
└────────────┬─────────────┘                                                        └────────────┬─────────────┘                                                                                                                                                                        
             │                                                                                   │                                                                                                                                                                                      
┌──────────────────────────┐                                                        ┌──────────────────────────┐                                                                                                                                                                        
│ Pipeline #13             │                                                        │ Pipeline #49             │                                                                                                                                                                        
│ PARTITION (id=15)        │                                                        │ PARTITION (id=56)        │                                                                                                                                                                        
│ Input(#12): FULL         │                                                        │ Input(#48): PARTIAL      │                                                                                                                                                                        
└────────────┬─────────────┘                                                        └────────────┬─────────────┘                                                                                                                                                                        
             │                                                                                   │                                                                                                                                                                                      
┌──────────────────────────┐                                                        ┌──────────────────────────┐                                                                                                                                                                        
│ Pipeline #12             │                                                        │ Pipeline #48             │                                                                                                                                                                        
│ HASH_JOIN (id=14)        │                                                        │ HASH_JOIN (id=55)        │                                                                                                                                                                        
│   type: INNER            │                                                        │   type: INNER            │                                                                                                                                                                        
│ Input(#8): PARTIAL       │                                                        │ Input(#44): PARTIAL      │                                                                                                                                                                        
│ Input(#11): PARTIAL      │                                                        │ Input(#47): PARTIAL      │                                                                                                                                                                        
└────────────┬─────────────┘                                                        └────────────┬─────────────┘                                                                                                                                                                        
             ┌───────────────────────────────────────────────────────┐                           ┌───────────────────────────────────────────────────────────────────────────────────────────────────────────────────────────────────────────┐                                          
             │                                                       │                           │                                                                                                                                           │                                          
┌──────────────────────────┐                            ┌──────────────────────────┐┌──────────────────────────┐                                                                                                                ┌──────────────────────────┐                            
│ Pipeline #8              │                            │ Pipeline #11             ││ Pipeline #44             │                                                                                                                │ Pipeline #47             │                            
│ CONCAT (id=9)            │                            │ CONCAT (id=13)           ││ CONCAT (id=50)           │                                                                                                                │ CONCAT (id=54)           │                            
│ Input(#7): PARTIAL       │                            │ Input(#10): PARTIAL      ││ Input(#43): PARTIAL      │                                                                                                                │ Input(#46): PARTIAL      │                            
└────────────┬─────────────┘                            └────────────┬─────────────┘└────────────┬─────────────┘                                                                                                                └────────────┬─────────────┘                            
             │                                                       │                           │                                                                                                                                           │                                          
┌──────────────────────────┐                            ┌──────────────────────────┐┌──────────────────────────┐                                                                                                                ┌──────────────────────────┐                            
│ Pipeline #7              │                            │ Pipeline #10             ││ Pipeline #43             │                                                                                                                │ Pipeline #46             │                            
│ PARTITION (id=8)         │                            │ PARTITION (id=12)        ││ PARTITION (id=49)        │                                                                                                                │ PARTITION (id=53)        │                            
│ Input(#6): FULL          │                            │ Input(#9): PARTIAL       ││ Input(#42): FULL         │                                                                                                                │ Input(#45): PARTIAL      │                            
└────────────┬─────────────┘                            └────────────┬─────────────┘└────────────┬─────────────┘                                                                                                                └────────────┬─────────────┘                            
             │                                                       │                           │                                                                                                                                           │                                          
┌──────────────────────────┐                            ┌──────────────────────────┐┌──────────────────────────┐                                                                                                                ┌──────────────────────────┐                            
│ Pipeline #6              │                            │ Pipeline #9              ││ Pipeline #42             │                                                                                                                │ Pipeline #45             │                            
│ HASH_JOIN (id=7)         │                            │ DYNAMIC_FILTER (id=11)   ││ MERGE_GROUP_BY (id=48)   │                                                                                                                │ DYNAMIC_FILTER (id=52)   │                            
│   type: INNER            │                            │ GPU_SCAN (id=10)         ││ Input(#41): FULL         │                                                                                                                │ GPU_SCAN (id=51)         │                            
│ Input(#2): PARTIAL       │                            │                          ││                          │                                                                                                                │                          │                            
│ Input(#5): PARTIAL       │                            │                          ││                          │                                                                                                                │                          │                            
└────────────┬─────────────┘                            └──────────────────────────┘└────────────┬─────────────┘                                                                                                                └──────────────────────────┘                            
             ┌───────────────────────────┐                                                       │                                                                                                                                                                                      
             │                           │                                                       │                                                                                                                                                                                      
┌──────────────────────────┐┌──────────────────────────┐                            ┌──────────────────────────┐                                                                                                                                                                        
│ Pipeline #2              ││ Pipeline #5              │                            │ Pipeline #41             │                                                                                                                                                                        
│ CONCAT (id=2)            ││ CONCAT (id=6)            │                            │ PARTITION (id=47)        │                                                                                                                                                                        
│ Input(#1): PARTIAL       ││ Input(#4): PARTIAL       │                            │ Input(#40): FULL         │                                                                                                                                                                        
└────────────┬─────────────┘└────────────┬─────────────┘                            └────────────┬─────────────┘                                                                                                                                                                        
             │                           │                                                       │                                                                                                                                                                                      
┌──────────────────────────┐┌──────────────────────────┐                            ┌──────────────────────────┐                                                                                                                                                                        
│ Pipeline #1              ││ Pipeline #4              │                            │ Pipeline #40             │                                                                                                                                                                        
│ PARTITION (id=1)         ││ PARTITION (id=5)         │                            │ HASH_GROUP_BY (id=46)    │                                                                                                                                                                        
│ Input(#0): FULL          ││ Input(#3): PARTIAL       │                            │ Input(#39): FULL         │                                                                                                                                                                        
└────────────┬─────────────┘└────────────┬─────────────┘                            └────────────┬─────────────┘                                                                                                                                                                        
             │                           │                                                       │                                                                                                                                                                                      
┌──────────────────────────┐┌──────────────────────────┐                            ┌──────────────────────────┐                                                                                                                                                                        
│ Pipeline #0              ││ Pipeline #3              │                            │ Pipeline #39             │                                                                                                                                                                        
│ GPU_SCAN (id=0)          ││ DYNAMIC_FILTER (id=4)    │                            │ LEFT_DELIM_JOIN (id=45)  │                                                                                                                                                                        
│                          ││ GPU_SCAN (id=3)          │                            │ HASH_JOIN (id=44)        │                                                                                                                                                                        
│                          ││                          │                            │   type: INNER            │                                                                                                                                                                        
│                          ││                          │                            │ Input(#29): PARTIAL      │                                                                                                                                                                        
│                          ││                          │                            │ Input(#38): PARTIAL      │                                                                                                                                                                        
└──────────────────────────┘└──────────────────────────┘                            └────────────┬─────────────┘                                                                                                                                                                        
                                                                                                 ┌───────────────────────────────────────────────────────────────────────────────────┐                                                                                                  
                                                                                                 │                                                                                   │                                                                                                  
                                                                                    ┌──────────────────────────┐                                                        ┌──────────────────────────┐                                                                                    
                                                                                    │ Pipeline #29             │                                                        │ Pipeline #38             │                                                                                    
                                                                                    │ CONCAT (id=33)           │                                                        │ CONCAT (id=43)           │                                                                                    
                                                                                    │ Input(#28): PARTIAL      │                                                        │ Input(#37): PARTIAL      │                                                                                    
                                                                                    └────────────┬─────────────┘                                                        └────────────┬─────────────┘                                                                                    
                                                                                                 │                                                                                   │                                                                                                  
                                                                                    ┌──────────────────────────┐                                                        ┌──────────────────────────┐                                                                                    
                                                                                    │ Pipeline #28             │                                                        │ Pipeline #37             │                                                                                    
                                                                                    │ PARTITION (id=32)        │                                                        │ PARTITION (id=42)        │                                                                                    
                                                                                    │ Input(#27): FULL         │                                                        │ Input(#36): PARTIAL      │                                                                                    
                                                                                    └────────────┬─────────────┘                                                        └────────────┬─────────────┘                                                                                    
                                                                                                 │                                                                                   │                                                                                                  
                                                                                    ┌──────────────────────────┐                                                        ┌──────────────────────────┐                                                                                    
                                                                                    │ Pipeline #27             │                                                        │ Pipeline #36             │                                                                                    
                                                                                    │ HASH_JOIN (id=31)        │                                                        │ HASH_JOIN (id=41)        │                                                                                    
                                                                                    │   type: INNER            │                                                        │   type: INNER            │                                                                                    
                                                                                    │ Input(#23): PARTIAL      │                                                        │ Input(#32): PARTIAL      │                                                                                    
                                                                                    │ Input(#26): PARTIAL      │                                                        │ Input(#35): PARTIAL      │                                                                                    
                                                                                    └────────────┬─────────────┘                                                        └────────────┬─────────────┘                                                                                    
                                                                                                 ┌───────────────────────────────────────────────────────┐                           ┌───────────────────────────┐                                                                      
                                                                                                 │                                                       │                           │                           │                                                                      
                                                                                    ┌──────────────────────────┐                            ┌──────────────────────────┐┌──────────────────────────┐┌──────────────────────────┐                                                        
                                                                                    │ Pipeline #23             │                            │ Pipeline #26             ││ Pipeline #32             ││ Pipeline #35             │                                                        
                                                                                    │ CONCAT (id=26)           │                            │ CONCAT (id=30)           ││ CONCAT (id=36)           ││ CONCAT (id=40)           │                                                        
                                                                                    │ Input(#22): PARTIAL      │                            │ Input(#25): PARTIAL      ││ Input(#31): PARTIAL      ││ Input(#34): PARTIAL      │                                                        
                                                                                    └────────────┬─────────────┘                            └────────────┬─────────────┘└────────────┬─────────────┘└────────────┬─────────────┘                                                        
                                                                                                 │                                                       │                           │                           │                                                                      
                                                                                    ┌──────────────────────────┐                            ┌──────────────────────────┐┌──────────────────────────┐┌──────────────────────────┐                                                        
                                                                                    │ Pipeline #22             │                            │ Pipeline #25             ││ Pipeline #31             ││ Pipeline #34             │                                                        
                                                                                    │ PARTITION (id=25)        │                            │ PARTITION (id=29)        ││ PARTITION (id=35)        ││ PARTITION (id=39)        │                                                        
                                                                                    │ Input(#21): FULL         │                            │ Input(#24): PARTIAL      ││ Input(#30): FULL         ││ Input(#33): PARTIAL      │                                                        
                                                                                    └────────────┬─────────────┘                            └────────────┬─────────────┘└────────────┬─────────────┘└────────────┬─────────────┘                                                        
                                                                                                 │                                                       │                           │                           │                                                                      
                                                                                    ┌──────────────────────────┐                            ┌──────────────────────────┐┌──────────────────────────┐┌──────────────────────────┐                                                        
                                                                                    │ Pipeline #21             │                            │ Pipeline #24             ││ Pipeline #30             ││ Pipeline #33             │                                                        
                                                                                    │ HASH_JOIN (id=24)        │                            │ DYNAMIC_FILTER (id=28)   ││ GPU_SCAN (id=34)         ││ DYNAMIC_FILTER (id=38)   │                                                        
                                                                                    │   type: INNER            │                            │ GPU_SCAN (id=27)         ││                          ││ GPU_SCAN (id=37)         │                                                        
                                                                                    │ Input(#17): PARTIAL      │                            │                          ││                          ││                          │                                                        
                                                                                    │ Input(#20): PARTIAL      │                            │                          ││                          ││                          │                                                        
                                                                                    └────────────┬─────────────┘                            └──────────────────────────┘└──────────────────────────┘└──────────────────────────┘                                                        
                                                                                                 ┌───────────────────────────┐                                                                                                                                                          
                                                                                                 │                           │                                                                                                                                                          
                                                                                    ┌──────────────────────────┐┌──────────────────────────┐                                                                                                                                            
                                                                                    │ Pipeline #17             ││ Pipeline #20             │                                                                                                                                            
                                                                                    │ CONCAT (id=19)           ││ CONCAT (id=23)           │                                                                                                                                            
                                                                                    │ Input(#16): PARTIAL      ││ Input(#19): PARTIAL      │                                                                                                                                            
                                                                                    └────────────┬─────────────┘└────────────┬─────────────┘                                                                                                                                            
                                                                                                 │                           │                                                                                                                                                          
                                                                                    ┌──────────────────────────┐┌──────────────────────────┐                                                                                                                                            
                                                                                    │ Pipeline #16             ││ Pipeline #19             │                                                                                                                                            
                                                                                    │ PARTITION (id=18)        ││ PARTITION (id=22)        │                                                                                                                                            
                                                                                    │ Input(#15): FULL         ││ Input(#18): PARTIAL      │                                                                                                                                            
                                                                                    └────────────┬─────────────┘└────────────┬─────────────┘                                                                                                                                            
                                                                                                 │                           │                                                                                                                                                          
                                                                                    ┌──────────────────────────┐┌──────────────────────────┐                                                                                                                                            
                                                                                    │ Pipeline #15             ││ Pipeline #18             │                                                                                                                                            
                                                                                    │ GPU_SCAN (id=17)         ││ DYNAMIC_FILTER (id=21)   │                                                                                                                                            
                                                                                    │                          ││ GPU_SCAN (id=20)         │                                                                                                                                            
                                                                                    └──────────────────────────┘└──────────────────────────┘                                                                                                                                            

[2026-07-31 08:17:11.959] [info] [sirius_engine.cpp:148] query 10 telemetry_query=019fb73faf177663b196ad136cfc4e38
[2026-07-31 08:17:11.960] [info] [sirius_scan_manager.cpp:1494] [sirius_scan_manager] assigned pinned entry 'region' to operator '0'
[2026-07-31 08:17:11.960] [info] [sirius_scan_manager.cpp:1494] [sirius_scan_manager] assigned pinned entry 'nation' to operator '3'
[2026-07-31 08:17:11.960] [info] [sirius_scan_manager.cpp:1494] [sirius_scan_manager] assigned pinned entry 'supplier' to operator '10'
[2026-07-31 08:17:11.960] [info] [sirius_scan_manager.cpp:1494] [sirius_scan_manager] assigned pinned entry 'region' to operator '17'
[2026-07-31 08:17:11.960] [info] [sirius_scan_manager.cpp:1494] [sirius_scan_manager] assigned pinned entry 'nation' to operator '20'
[2026-07-31 08:17:11.960] [info] [sirius_scan_manager.cpp:1494] [sirius_scan_manager] assigned pinned entry 'supplier' to operator '27'
[2026-07-31 08:17:11.960] [info] [sirius_scan_manager.cpp:1494] [sirius_scan_manager] assigned pinned entry 'part' to operator '34'
[2026-07-31 08:17:11.960] [info] [sirius_scan_manager.cpp:1494] [sirius_scan_manager] assigned pinned entry 'partsupp' to operator '37'
[2026-07-31 08:17:11.960] [info] [sirius_scan_manager.cpp:1494] [sirius_scan_manager] assigned pinned entry 'partsupp' to operator '51'
[2026-07-31 08:17:11.960] [info] [memory_prefetcher.cpp:52] [memory_prefetcher] started: 3 threads, 9 connectors, min_free_fraction=0.40
[2026-07-31 08:17:12.028] [info] [dynamic_filter_publisher.cpp:338] [sirius_physical_hash_join] Pushed 1 dynamic filter(s) across 1 active target(s) of 1 wired target(s) (1 build rows, 1 keys).
[2026-07-31 08:17:12.250] [warning] [sirius_physical_partition.cpp:304] slot_for_device: device_id 0 not found in active GPU list, falling back to slot 0
[2026-07-31 08:17:12.266] [info] [dynamic_filter_publisher.cpp:338] [sirius_physical_hash_join] Pushed 1 dynamic filter(s) across 1 active target(s) of 1 wired target(s) (5 build rows, 1 keys).
[2026-07-31 08:17:12.267] [warning] [sirius_physical_partition.cpp:304] slot_for_device: device_id 0 not found in active GPU list, falling back to slot 0
[2026-07-31 08:17:12.268] [info] [dynamic_filter_publisher.cpp:338] [sirius_physical_hash_join] Pushed 1 dynamic filter(s) across 1 active target(s) of 1 wired target(s) (1999643 build rows, 1 keys).
[2026-07-31 08:17:12.268] [info] [dynamic_filter_publisher.cpp:338] [sirius_physical_hash_join] Pushed 1 dynamic filter(s) across 1 active target(s) of 1 wired target(s) (1 build rows, 1 keys).
[2026-07-31 08:17:12.269] [warning] [sirius_physical_partition.cpp:304] slot_for_device: device_id 0 not found in active GPU list, falling back to slot 0
[2026-07-31 08:17:12.270] [info] [dynamic_filter_publisher.cpp:338] [sirius_physical_hash_join] Pushed 1 dynamic filter(s) across 1 active target(s) of 1 wired target(s) (5 build rows, 1 keys).
[2026-07-31 08:17:12.272] [warning] [sirius_physical_partition.cpp:304] slot_for_device: device_id 0 not found in active GPU list, falling back to slot 0
[2026-07-31 08:17:12.275] [info] [dynamic_filter_publisher.cpp:338] [sirius_physical_hash_join] Pushed 1 dynamic filter(s) across 1 active target(s) of 1 wired target(s) (1999643 build rows, 1 keys).
[2026-07-31 08:17:12.289] [info] [dynamic_filter_publisher.cpp:338] [sirius_physical_hash_join] Pushed 1 dynamic filter(s) across 1 active target(s) of 1 wired target(s) (799927 build rows, 1 keys).
[2026-07-31 08:17:12.302] [warning] [sirius_physical_partition.cpp:304] slot_for_device: device_id 0 not found in active GPU list, falling back to slot 0
[2026-07-31 08:17:12.302] [warning] [sirius_physical_partition.cpp:304] slot_for_device: device_id 0 not found in active GPU list, falling back to slot 0
[2026-07-31 08:17:12.302] [warning] [sirius_physical_partition.cpp:304] slot_for_device: device_id 0 not found in active GPU list, falling back to slot 0
[2026-07-31 08:17:12.305] [warning] [gpu_pipeline_task.cpp:63] gpu_pipeline_task: operator 'LEFT_DELIM_JOIN' (id=45) output batch 0 column count mismatch: got 9, expected 10
[2026-07-31 08:17:12.323] [warning] [sirius_physical_partition.cpp:304] slot_for_device: device_id 0 not found in active GPU list, falling back to slot 0
[2026-07-31 08:17:12.323] [warning] [sirius_physical_partition.cpp:304] slot_for_device: device_id 0 not found in active GPU list, falling back to slot 0
[2026-07-31 08:17:12.324] [warning] [sirius_physical_partition.cpp:304] slot_for_device: device_id 0 not found in active GPU list, falling back to slot 0
[2026-07-31 08:17:12.344] [warning] [sirius_physical_partition.cpp:304] slot_for_device: device_id 0 not found in active GPU list, falling back to slot 0
[2026-07-31 08:17:12.365] [warning] [sirius_physical_partition.cpp:304] slot_for_device: device_id 0 not found in active GPU list, falling back to slot 0
[2026-07-31 08:17:12.403] [info] [gpu_pipeline_executor.cpp:129] GPU Pipeline Executor: task queue interrupted, stopping manager loop
[2026-07-31 08:17:12.403] [info] [sirius_context.cpp:300] QueryEnd
[2026-07-31 08:17:12.413] [info] [memory_prefetcher.cpp:65] [memory_prefetcher] stopping: prefetched 15 batches / 38036110223 bytes (stops: headroom=0 reservation=0, skips: lock=0 draining=429)
[2026-07-31 08:17:12.413] [info] [sirius_context.cpp:152] [host_pool] HOST:0 QueryEnd instance=0xc36148a50620 connection=1 window=10 query=15 allocated=42681237504 bytes peak=301385908224 bytes free_blocks=3860
[2026-07-31 08:17:12.413] [info] [sirius_context.cpp:167] [gpu_pool] GPU:0 QueryEnd instance=0xc36148a50620 connection=1 window=10 query=15 allocated=0 bytes peak=158976940357 bytes reserved=0 bytes
[2026-07-31 08:17:12.413] [info] [sirius_context.cpp:416] [window] end instance=0xc36148a50620 connection=1 window=10 query=15 outcome=ok
[2026-07-31 08:17:12.413] [info] [physical_sirius_execution.cpp:329] Transparent GPU execution: query completed
[2026-07-31 08:17:12.416] [info] [sirius_context.cpp:225] QueryBegin: instance=0xc36148a50620 connection=1 query=16 SQL: SET gpu_execution = true;
[2026-07-31 08:17:12.416] [info] [sirius_context.cpp:225] QueryBegin: instance=0xc36148a50620 connection=1 query=17 SQL: select s.s_acctbal, s.s_name, n.n_name, p.p_partkey, p.p_mfgr, s.s_address, s.s_phone, s.s_comment from part p, supplier s, partsupp ps, nation n, region r where p.p_partkey = ps.ps_partkey and s.s_suppkey = ps.ps_suppkey and p.p_size = 41 and p.p_type like '%NICKEL' and s.s_nationkey = n.n_nationkey and n.n_regionkey = r.r_regionkey and r.r_name = 'EUROPE' and ps.ps_supplycost = ( select min(ps.ps_supplycost) from partsupp ps, supplier s, nation n, region r where p.p_partkey = ps.ps_partkey and s.s_suppkey = ps.ps_suppkey and s.s_nationkey = n.n_nationkey and n.n_regionkey = r.r_regionkey and r.r_name = 'EUROPE' ) order by s.s_acctbal desc, n.n_name, s.s_name, p.p_partkey limit 100
[2026-07-31 08:17:12.428] [info] [sirius_plan_get.cpp:498] [sirius_plan_get] LogicalGet has dynamic_filters attached (channel key=0xc36154a6cea0).
[2026-07-31 08:17:12.429] [info] [sirius_plan_comparison_join.cpp:608] [sirius_plan_comparison_join] Wired hash join with 1 dynamic-filter probe target(s) (build est 199999968 rows).
[2026-07-31 08:17:12.429] [info] [sirius_plan_get.cpp:498] [sirius_plan_get] LogicalGet has dynamic_filters attached (channel key=0xc361546625e0).
[2026-07-31 08:17:12.429] [info] [sirius_plan_get.cpp:498] [sirius_plan_get] LogicalGet has dynamic_filters attached (channel key=0xc36154660d30).
[2026-07-31 08:17:12.429] [info] [sirius_plan_comparison_join.cpp:608] [sirius_plan_comparison_join] Wired hash join with 1 dynamic-filter probe target(s) (build est 5 rows).
[2026-07-31 08:17:12.429] [info] [sirius_plan_comparison_join.cpp:608] [sirius_plan_comparison_join] Wired hash join with 1 dynamic-filter probe target(s) (build est 25 rows).
[2026-07-31 08:17:12.429] [info] [sirius_plan_comparison_join.cpp:608] [sirius_plan_comparison_join] Wired hash join with 1 dynamic-filter probe target(s) (build est 10000000 rows).
[2026-07-31 08:17:12.429] [info] [sirius_plan_get.cpp:498] [sirius_plan_get] LogicalGet has dynamic_filters attached (channel key=0xc36154a52640).
[2026-07-31 08:17:12.429] [info] [sirius_plan_comparison_join.cpp:547] [sirius_plan_comparison_join] Not wiring dynamic filter(s): build side is unfiltered (build est 0 rows).
[2026-07-31 08:17:12.429] [info] [sirius_plan_get.cpp:498] [sirius_plan_get] LogicalGet has dynamic_filters attached (channel key=0xc3614fc22770).
[2026-07-31 08:17:12.429] [info] [sirius_plan_get.cpp:498] [sirius_plan_get] LogicalGet has dynamic_filters attached (channel key=0xc3615448f2a0).
[2026-07-31 08:17:12.429] [info] [sirius_plan_comparison_join.cpp:608] [sirius_plan_comparison_join] Wired hash join with 1 dynamic-filter probe target(s) (build est 5 rows).
[2026-07-31 08:17:12.429] [info] [sirius_plan_comparison_join.cpp:608] [sirius_plan_comparison_join] Wired hash join with 1 dynamic-filter probe target(s) (build est 25 rows).
[2026-07-31 08:17:12.429] [info] [sirius_plan_comparison_join.cpp:608] [sirius_plan_comparison_join] Wired hash join with 1 dynamic-filter probe target(s) (build est 10000000 rows).
[2026-07-31 08:17:12.429] [info] [sirius_context.cpp:1244] Transparent execution: Sirius physical plan generated successfully
[2026-07-31 08:17:12.429] [info] [sirius_context.cpp:1272] Transparent execution: physical plan replaced with GPU operator
[2026-07-31 08:17:12.429] [info] [physical_sirius_execution.cpp:155] Transparent GPU execution: executing query
[2026-07-31 08:17:12.429] [info] [sirius_context.cpp:416] [window] begin instance=0xc36148a50620 connection=1 window=11 query=17 outcome=-
[2026-07-31 08:17:12.429] [info] [sirius_context.cpp:152] [host_pool] HOST:0 QueryBegin instance=0xc36148a50620 connection=1 window=11 query=17 allocated=42681237504 bytes peak=301385908224 bytes free_blocks=3860
[2026-07-31 08:17:12.429] [info] [sirius_context.cpp:167] [gpu_pool] GPU:0 QueryBegin instance=0xc36148a50620 connection=1 window=11 query=17 allocated=0 bytes peak=158976940357 bytes reserved=0 bytes
[2026-07-31 08:17:12.429] [info] [sirius_context.cpp:285] QueryBegin: transparent_execution
[2026-07-31 08:17:12.432] [info] [sirius_plan_get.cpp:498] [sirius_plan_get] LogicalGet has dynamic_filters attached (channel key=0xc36154a6cea0).
[2026-07-31 08:17:12.433] [info] [sirius_plan_comparison_join.cpp:608] [sirius_plan_comparison_join] Wired hash join with 1 dynamic-filter probe target(s) (build est 199999968 rows).
[2026-07-31 08:17:12.433] [info] [sirius_plan_get.cpp:498] [sirius_plan_get] LogicalGet has dynamic_filters attached (channel key=0xc361546625e0).
[2026-07-31 08:17:12.433] [info] [sirius_plan_get.cpp:498] [sirius_plan_get] LogicalGet has dynamic_filters attached (channel key=0xc36154660d30).
[2026-07-31 08:17:12.433] [info] [sirius_plan_comparison_join.cpp:608] [sirius_plan_comparison_join] Wired hash join with 1 dynamic-filter probe target(s) (build est 5 rows).
[2026-07-31 08:17:12.433] [info] [sirius_plan_comparison_join.cpp:608] [sirius_plan_comparison_join] Wired hash join with 1 dynamic-filter probe target(s) (build est 25 rows).
[2026-07-31 08:17:12.433] [info] [sirius_plan_comparison_join.cpp:608] [sirius_plan_comparison_join] Wired hash join with 1 dynamic-filter probe target(s) (build est 10000000 rows).
[2026-07-31 08:17:12.433] [info] [sirius_plan_get.cpp:498] [sirius_plan_get] LogicalGet has dynamic_filters attached (channel key=0xc36154a52640).
[2026-07-31 08:17:12.433] [info] [sirius_plan_comparison_join.cpp:547] [sirius_plan_comparison_join] Not wiring dynamic filter(s): build side is unfiltered (build est 0 rows).
[2026-07-31 08:17:12.433] [info] [sirius_plan_get.cpp:498] [sirius_plan_get] LogicalGet has dynamic_filters attached (channel key=0xc3614fc22770).
[2026-07-31 08:17:12.433] [info] [sirius_plan_get.cpp:498] [sirius_plan_get] LogicalGet has dynamic_filters attached (channel key=0xc3615448f2a0).
[2026-07-31 08:17:12.433] [info] [sirius_plan_comparison_join.cpp:608] [sirius_plan_comparison_join] Wired hash join with 1 dynamic-filter probe target(s) (build est 5 rows).
[2026-07-31 08:17:12.433] [info] [sirius_plan_comparison_join.cpp:608] [sirius_plan_comparison_join] Wired hash join with 1 dynamic-filter probe target(s) (build est 25 rows).
[2026-07-31 08:17:12.433] [info] [sirius_plan_comparison_join.cpp:608] [sirius_plan_comparison_join] Wired hash join with 1 dynamic-filter probe target(s) (build est 10000000 rows).
[2026-07-31 08:17:12.434] [info] [sirius_engine.cpp:265] Query Plan:
=== Pipeline Overview ===
Pipeline #0: GPU_SCAN (id=0)
  Output: -> PARTITION [port: default, barrier: FULL]
Pipeline #1: PARTITION (id=1)
  Input: <- Pipeline #0 [on: PARTITION (id=1), port: default, barrier: FULL]
  Dependencies: Pipeline #0
  Output: -> CONCAT [port: default, barrier: PARTIAL]
Pipeline #2: CONCAT (id=2)
  Input: <- Pipeline #1 [on: CONCAT (id=2), port: default, barrier: PARTIAL]
  Dependencies: Pipeline #1
  Output: -> HASH_JOIN [port: build, barrier: PARTIAL]
Pipeline #3: GPU_SCAN (id=3) -> DYNAMIC_FILTER (id=4)
  Output: -> PARTITION [port: default, barrier: PARTIAL]
Pipeline #4: PARTITION (id=5)
  Input: <- Pipeline #3 [on: PARTITION (id=5), port: default, barrier: PARTIAL]
  Dependencies: Pipeline #3
  Output: -> CONCAT [port: default, barrier: PARTIAL]
Pipeline #5: CONCAT (id=6)
  Input: <- Pipeline #4 [on: CONCAT (id=6), port: default, barrier: PARTIAL]
  Dependencies: Pipeline #4
  Output: -> HASH_JOIN [port: default, barrier: PARTIAL]
Pipeline #6: HASH_JOIN (id=7)
  Input: <- Pipeline #2 [on: HASH_JOIN (id=7), port: build, barrier: PARTIAL]
  Input: <- Pipeline #5 [on: HASH_JOIN (id=7), port: default, barrier: PARTIAL]
  Dependencies: Pipeline #2, Pipeline #5
  Output: -> PARTITION [port: default, barrier: FULL]
Pipeline #7: PARTITION (id=8)
  Input: <- Pipeline #6 [on: PARTITION (id=8), port: default, barrier: FULL]
  Dependencies: Pipeline #6
  Output: -> CONCAT [port: default, barrier: PARTIAL]
Pipeline #8: CONCAT (id=9)
  Input: <- Pipeline #7 [on: CONCAT (id=9), port: default, barrier: PARTIAL]
  Dependencies: Pipeline #7
  Output: -> HASH_JOIN [port: build, barrier: PARTIAL]
Pipeline #9: GPU_SCAN (id=10) -> DYNAMIC_FILTER (id=11)
  Output: -> PARTITION [port: default, barrier: PARTIAL]
Pipeline #10: PARTITION (id=12)
  Input: <- Pipeline #9 [on: PARTITION (id=12), port: default, barrier: PARTIAL]
  Dependencies: Pipeline #9
  Output: -> CONCAT [port: default, barrier: PARTIAL]
Pipeline #11: CONCAT (id=13)
  Input: <- Pipeline #10 [on: CONCAT (id=13), port: default, barrier: PARTIAL]
  Dependencies: Pipeline #10
  Output: -> HASH_JOIN [port: default, barrier: PARTIAL]
Pipeline #12: HASH_JOIN (id=14)
  Input: <- Pipeline #8 [on: HASH_JOIN (id=14), port: build, barrier: PARTIAL]
  Input: <- Pipeline #11 [on: HASH_JOIN (id=14), port: default, barrier: PARTIAL]
  Dependencies: Pipeline #8, Pipeline #11
  Output: -> PARTITION [port: default, barrier: FULL]
Pipeline #13: PARTITION (id=15)
  Input: <- Pipeline #12 [on: PARTITION (id=15), port: default, barrier: FULL]
  Dependencies: Pipeline #12
  Output: -> CONCAT [port: default, barrier: PARTIAL]
Pipeline #14: CONCAT (id=16)
  Input: <- Pipeline #13 [on: CONCAT (id=16), port: default, barrier: PARTIAL]
  Dependencies: Pipeline #13
  Output: -> HASH_JOIN [port: build, barrier: PARTIAL]
Pipeline #15: GPU_SCAN (id=17)
  Output: -> PARTITION [port: default, barrier: FULL]
Pipeline #16: PARTITION (id=18)
  Input: <- Pipeline #15 [on: PARTITION (id=18), port: default, barrier: FULL]
  Dependencies: Pipeline #15
  Output: -> CONCAT [port: default, barrier: PARTIAL]
Pipeline #17: CONCAT (id=19)
  Input: <- Pipeline #16 [on: CONCAT (id=19), port: default, barrier: PARTIAL]
  Dependencies: Pipeline #16
  Output: -> HASH_JOIN [port: build, barrier: PARTIAL]
Pipeline #18: GPU_SCAN (id=20) -> DYNAMIC_FILTER (id=21)
  Output: -> PARTITION [port: default, barrier: PARTIAL]
Pipeline #19: PARTITION (id=22)
  Input: <- Pipeline #18 [on: PARTITION (id=22), port: default, barrier: PARTIAL]
  Dependencies: Pipeline #18
  Output: -> CONCAT [port: default, barrier: PARTIAL]
Pipeline #20: CONCAT (id=23)
  Input: <- Pipeline #19 [on: CONCAT (id=23), port: default, barrier: PARTIAL]
  Dependencies: Pipeline #19
  Output: -> HASH_JOIN [port: default, barrier: PARTIAL]
Pipeline #21: HASH_JOIN (id=24)
  Input: <- Pipeline #17 [on: HASH_JOIN (id=24), port: build, barrier: PARTIAL]
  Input: <- Pipeline #20 [on: HASH_JOIN (id=24), port: default, barrier: PARTIAL]
  Dependencies: Pipeline #17, Pipeline #20
  Output: -> PARTITION [port: default, barrier: FULL]
Pipeline #22: PARTITION (id=25)
  Input: <- Pipeline #21 [on: PARTITION (id=25), port: default, barrier: FULL]
  Dependencies: Pipeline #21
  Output: -> CONCAT [port: default, barrier: PARTIAL]
Pipeline #23: CONCAT (id=26)
  Input: <- Pipeline #22 [on: CONCAT (id=26), port: default, barrier: PARTIAL]
  Dependencies: Pipeline #22
  Output: -> HASH_JOIN [port: build, barrier: PARTIAL]
Pipeline #24: GPU_SCAN (id=27) -> DYNAMIC_FILTER (id=28)
  Output: -> PARTITION [port: default, barrier: PARTIAL]
Pipeline #25: PARTITION (id=29)
  Input: <- Pipeline #24 [on: PARTITION (id=29), port: default, barrier: PARTIAL]
  Dependencies: Pipeline #24
  Output: -> CONCAT [port: default, barrier: PARTIAL]
Pipeline #26: CONCAT (id=30)
  Input: <- Pipeline #25 [on: CONCAT (id=30), port: default, barrier: PARTIAL]
  Dependencies: Pipeline #25
  Output: -> HASH_JOIN [port: default, barrier: PARTIAL]
Pipeline #27: HASH_JOIN (id=31)
  Input: <- Pipeline #23 [on: HASH_JOIN (id=31), port: build, barrier: PARTIAL]
  Input: <- Pipeline #26 [on: HASH_JOIN (id=31), port: default, barrier: PARTIAL]
  Dependencies: Pipeline #23, Pipeline #26
  Output: -> PARTITION [port: default, barrier: FULL]
Pipeline #28: PARTITION (id=32)
  Input: <- Pipeline #27 [on: PARTITION (id=32), port: default, barrier: FULL]
  Dependencies: Pipeline #27
  Output: -> CONCAT [port: default, barrier: PARTIAL]
Pipeline #29: CONCAT (id=33)
  Input: <- Pipeline #28 [on: CONCAT (id=33), port: default, barrier: PARTIAL]
  Dependencies: Pipeline #28
  Output: -> HASH_JOIN [port: build, barrier: PARTIAL]
Pipeline #30: GPU_SCAN (id=34)
  Output: -> PARTITION [port: default, barrier: FULL]
Pipeline #31: PARTITION (id=35)
  Input: <- Pipeline #30 [on: PARTITION (id=35), port: default, barrier: FULL]
  Dependencies: Pipeline #30
  Output: -> CONCAT [port: default, barrier: PARTIAL]
Pipeline #32: CONCAT (id=36)
  Input: <- Pipeline #31 [on: CONCAT (id=36), port: default, barrier: PARTIAL]
  Dependencies: Pipeline #31
  Output: -> HASH_JOIN [port: build, barrier: PARTIAL]
Pipeline #33: GPU_SCAN (id=37) -> DYNAMIC_FILTER (id=38)
  Output: -> PARTITION [port: default, barrier: PARTIAL]
Pipeline #34: PARTITION (id=39)
  Input: <- Pipeline #33 [on: PARTITION (id=39), port: default, barrier: PARTIAL]
  Dependencies: Pipeline #33
  Output: -> CONCAT [port: default, barrier: PARTIAL]
Pipeline #35: CONCAT (id=40)
  Input: <- Pipeline #34 [on: CONCAT (id=40), port: default, barrier: PARTIAL]
  Dependencies: Pipeline #34
  Output: -> HASH_JOIN [port: default, barrier: PARTIAL]
Pipeline #36: HASH_JOIN (id=41)
  Input: <- Pipeline #32 [on: HASH_JOIN (id=41), port: build, barrier: PARTIAL]
  Input: <- Pipeline #35 [on: HASH_JOIN (id=41), port: default, barrier: PARTIAL]
  Dependencies: Pipeline #32, Pipeline #35
  Output: -> PARTITION [port: default, barrier: PARTIAL]
Pipeline #37: PARTITION (id=42)
  Input: <- Pipeline #36 [on: PARTITION (id=42), port: default, barrier: PARTIAL]
  Dependencies: Pipeline #36
  Output: -> CONCAT [port: default, barrier: PARTIAL]
Pipeline #38: CONCAT (id=43)
  Input: <- Pipeline #37 [on: CONCAT (id=43), port: default, barrier: PARTIAL]
  Dependencies: Pipeline #37
  Output: -> HASH_JOIN [port: default, barrier: PARTIAL]
Pipeline #39: HASH_JOIN (id=44) -> LEFT_DELIM_JOIN (id=45)
  Input: <- Pipeline #29 [on: HASH_JOIN (id=44), port: build, barrier: PARTIAL]
  Input: <- Pipeline #38 [on: HASH_JOIN (id=44), port: default, barrier: PARTIAL]
  Dependencies: Pipeline #29, Pipeline #38
  Output: -> COLUMN_DATA_SCAN [port: default, barrier: FULL]
  Output: -> HASH_GROUP_BY [port: default, barrier: FULL]
Pipeline #40: HASH_GROUP_BY (id=46)
  Input: <- Pipeline #39 [on: HASH_GROUP_BY (id=46), port: default, barrier: FULL]
  Dependencies: Pipeline #39
  Output: -> PARTITION [port: default, barrier: FULL]
Pipeline #41: PARTITION (id=47)
  Input: <- Pipeline #40 [on: PARTITION (id=47), port: default, barrier: FULL]
  Dependencies: Pipeline #40
  Output: -> MERGE_GROUP_BY [port: default, barrier: FULL]
Pipeline #42: MERGE_GROUP_BY (id=48)
  Input: <- Pipeline #41 [on: MERGE_GROUP_BY (id=48), port: default, barrier: FULL]
  Dependencies: Pipeline #41
  Output: -> PARTITION [port: default, barrier: FULL]
Pipeline #43: PARTITION (id=49)
  Input: <- Pipeline #42 [on: PARTITION (id=49), port: default, barrier: FULL]
  Dependencies: Pipeline #42
  Output: -> CONCAT [port: default, barrier: PARTIAL]
Pipeline #44: CONCAT (id=50)
  Input: <- Pipeline #43 [on: CONCAT (id=50), port: default, barrier: PARTIAL]
  Dependencies: Pipeline #43
  Output: -> HASH_JOIN [port: build, barrier: PARTIAL]
Pipeline #45: GPU_SCAN (id=51) -> DYNAMIC_FILTER (id=52)
  Output: -> PARTITION [port: default, barrier: PARTIAL]
Pipeline #46: PARTITION (id=53)
  Input: <- Pipeline #45 [on: PARTITION (id=53), port: default, barrier: PARTIAL]
  Dependencies: Pipeline #45
  Output: -> CONCAT [port: default, barrier: PARTIAL]
Pipeline #47: CONCAT (id=54)
  Input: <- Pipeline #46 [on: CONCAT (id=54), port: default, barrier: PARTIAL]
  Dependencies: Pipeline #46
  Output: -> HASH_JOIN [port: default, barrier: PARTIAL]
Pipeline #48: HASH_JOIN (id=55)
  Input: <- Pipeline #44 [on: HASH_JOIN (id=55), port: build, barrier: PARTIAL]
  Input: <- Pipeline #47 [on: HASH_JOIN (id=55), port: default, barrier: PARTIAL]
  Dependencies: Pipeline #44, Pipeline #47
  Output: -> PARTITION [port: default, barrier: PARTIAL]
Pipeline #49: PARTITION (id=56)
  Input: <- Pipeline #48 [on: PARTITION (id=56), port: default, barrier: PARTIAL]
  Dependencies: Pipeline #48
  Output: -> CONCAT [port: default, barrier: PARTIAL]
Pipeline #50: CONCAT (id=57)
  Input: <- Pipeline #49 [on: CONCAT (id=57), port: default, barrier: PARTIAL]
  Dependencies: Pipeline #49
  Output: -> HASH_JOIN [port: default, barrier: PARTIAL]
Pipeline #51: HASH_JOIN (id=58) -> PROJECTION (id=59) -> HASH_GROUP_BY (id=60)
  Input: <- Pipeline #50 [on: HASH_JOIN (id=58), port: default, barrier: PARTIAL]
  Input: <- Pipeline #14 [on: HASH_JOIN (id=58), port: build, barrier: PARTIAL]
  Dependencies: Pipeline #14, Pipeline #50
  Output: -> PARTITION [port: default, barrier: FULL]
Pipeline #52: PARTITION (id=61)
  Input: <- Pipeline #51 [on: PARTITION (id=61), port: default, barrier: FULL]
  Dependencies: Pipeline #51
  Output: -> MERGE_GROUP_BY [port: default, barrier: FULL]
Pipeline #53: MERGE_GROUP_BY (id=62) -> PROJECTION (id=63)
  Input: <- Pipeline #52 [on: MERGE_GROUP_BY (id=62), port: default, barrier: FULL]
  Dependencies: Pipeline #52
  Output: -> PARTITION [port: default, barrier: FULL]
Pipeline #54: PARTITION (id=64)
  Input: <- Pipeline #53 [on: PARTITION (id=64), port: default, barrier: FULL]
  Dependencies: Pipeline #53
  Output: -> CONCAT [port: default, barrier: PARTIAL]
Pipeline #55: CONCAT (id=65)
  Input: <- Pipeline #54 [on: CONCAT (id=65), port: default, barrier: PARTIAL]
  Dependencies: Pipeline #54
  Output: -> HASH_JOIN [port: build, barrier: PARTIAL]
Pipeline #56: COLUMN_DATA_SCAN (id=66)
  Input: <- Pipeline #39 [on: COLUMN_DATA_SCAN (id=66), port: default, barrier: FULL]
  Dependencies: Pipeline #39
  Output: -> PARTITION [port: default, barrier: PARTIAL]
Pipeline #57: PARTITION (id=67)
  Input: <- Pipeline #56 [on: PARTITION (id=67), port: default, barrier: PARTIAL]
  Dependencies: Pipeline #56
  Output: -> CONCAT [port: default, barrier: PARTIAL]
Pipeline #58: CONCAT (id=68)
  Input: <- Pipeline #57 [on: CONCAT (id=68), port: default, barrier: PARTIAL]
  Dependencies: Pipeline #57
  Output: -> HASH_JOIN [port: default, barrier: PARTIAL]
Pipeline #59: HASH_JOIN (id=69) -> FILTER (id=70) -> PROJECTION (id=71) -> TOP_N (id=72)
  Input: <- Pipeline #55 [on: HASH_JOIN (id=69), port: build, barrier: PARTIAL]
  Input: <- Pipeline #58 [on: HASH_JOIN (id=69), port: default, barrier: PARTIAL]
  Dependencies: Pipeline #55, Pipeline #58
  Output: -> MERGE_TOP_N [port: default, barrier: FULL]
Pipeline #60: MERGE_TOP_N (id=73) -> RESULT_COLLECTOR (id=74)
  Input: <- Pipeline #59 [on: MERGE_TOP_N (id=73), port: default, barrier: FULL]
  Dependencies: Pipeline #59

=== Query Plan DAG ===
┌──────────────────────────┐                                                                                                                                                                                                                                                            
│ Pipeline #60             │                                                                                                                                                                                                                                                            
│ RESULT_COLLECTOR (id=74) │                                                                                                                                                                                                                                                            
│ MERGE_TOP_N (id=73)      │                                                                                                                                                                                                                                                            
│ Input(#59): FULL         │                                                                                                                                                                                                                                                            
└────────────┬─────────────┘                                                                                                                                                                                                                                                            
             │                                                                                                                                                                                                                                                                          
┌──────────────────────────┐                                                                                                                                                                                                                                                            
│ Pipeline #59             │                                                                                                                                                                                                                                                            
│ TOP_N (id=72)            │                                                                                                                                                                                                                                                            
│ PROJECTION (id=71)       │                                                                                                                                                                                                                                                            
│ FILTER (id=70)           │                                                                                                                                                                                                                                                            
│ HASH_JOIN (id=69)        │                                                                                                                                                                                                                                                            
│   type: LEFT             │                                                                                                                                                                                                                                                            
│ Input(#55): PARTIAL      │                                                                                                                                                                                                                                                            
│ Input(#58): PARTIAL      │                                                                                                                                                                                                                                                            
└────────────┬─────────────┘                                                                                                                                                                                                                                                            
             ┌───────────────────────────────────────────────────────────────────────────────────────────────────────────────────────────────────────────────────────────────────────────────────────────────────────────────────────────────────────────────────────────┐              
             │                                                                                                                                                                                                                                                           │              
┌──────────────────────────┐                                                                                                                                                                                                                                ┌──────────────────────────┐
│ Pipeline #55             │                                                                                                                                                                                                                                │ Pipeline #58             │
│ CONCAT (id=65)           │                                                                                                                                                                                                                                │ CONCAT (id=68)           │
│ Input(#54): PARTIAL      │                                                                                                                                                                                                                                │ Input(#57): PARTIAL      │
└────────────┬─────────────┘                                                                                                                                                                                                                                └────────────┬─────────────┘
             │                                                                                                                                                                                                                                                           │              
┌──────────────────────────┐                                                                                                                                                                                                                                ┌──────────────────────────┐
│ Pipeline #54             │                                                                                                                                                                                                                                │ Pipeline #57             │
│ PARTITION (id=64)        │                                                                                                                                                                                                                                │ PARTITION (id=67)        │
│ Input(#53): FULL         │                                                                                                                                                                                                                                │ Input(#56): PARTIAL      │
└────────────┬─────────────┘                                                                                                                                                                                                                                └────────────┬─────────────┘
             │                                                                                                                                                                                                                                                           │              
┌──────────────────────────┐                                                                                                                                                                                                                                ┌──────────────────────────┐
│ Pipeline #53             │                                                                                                                                                                                                                                │ Pipeline #56             │
│ PROJECTION (id=63)       │                                                                                                                                                                                                                                │ COLUMN_DATA_SCAN (id=66) │
│ MERGE_GROUP_BY (id=62)   │                                                                                                                                                                                                                                │ Input(#39): FULL         │
│ Input(#52): FULL         │                                                                                                                                                                                                                                │                          │
└────────────┬─────────────┘                                                                                                                                                                                                                                └────────────┬─────────────┘
             │                                                                                                                                                                                                                                                           │              
┌──────────────────────────┐                                                                                                                                                                                                                                ┌──────────────────────────┐
│ Pipeline #52             │                                                                                                                                                                                                                                │ (-> Pipeline #39)        │
│ PARTITION (id=61)        │                                                                                                                                                                                                                                │                          │
│ Input(#51): FULL         │                                                                                                                                                                                                                                │                          │
└────────────┬─────────────┘                                                                                                                                                                                                                                └────────────┬─────────────┘
             │                                                                                                                                                                                                                                                                          
┌──────────────────────────┐                                                                                                                                                                                                                                                            
│ Pipeline #51             │                                                                                                                                                                                                                                                            
│ HASH_GROUP_BY (id=60)    │                                                                                                                                                                                                                                                            
│ PROJECTION (id=59)       │                                                                                                                                                                                                                                                            
│ HASH_JOIN (id=58)        │                                                                                                                                                                                                                                                            
│   type: INNER            │                                                                                                                                                                                                                                                            
│ Input(#50): PARTIAL      │                                                                                                                                                                                                                                                            
│ Input(#14): PARTIAL      │                                                                                                                                                                                                                                                            
└────────────┬─────────────┘                                                                                                                                                                                                                                                            
             ┌───────────────────────────────────────────────────────────────────────────────────┐                                                                                                                                                                                      
             │                                                                                   │                                                                                                                                                                                      
┌──────────────────────────┐                                                        ┌──────────────────────────┐                                                                                                                                                                        
│ Pipeline #14             │                                                        │ Pipeline #50             │                                                                                                                                                                        
│ CONCAT (id=16)           │                                                        │ CONCAT (id=57)           │                                                                                                                                                                        
│ Input(#13): PARTIAL      │                                                        │ Input(#49): PARTIAL      │                                                                                                                                                                        
└────────────┬─────────────┘                                                        └────────────┬─────────────┘                                                                                                                                                                        
             │                                                                                   │                                                                                                                                                                                      
┌──────────────────────────┐                                                        ┌──────────────────────────┐                                                                                                                                                                        
│ Pipeline #13             │                                                        │ Pipeline #49             │                                                                                                                                                                        
│ PARTITION (id=15)        │                                                        │ PARTITION (id=56)        │                                                                                                                                                                        
│ Input(#12): FULL         │                                                        │ Input(#48): PARTIAL      │                                                                                                                                                                        
└────────────┬─────────────┘                                                        └────────────┬─────────────┘                                                                                                                                                                        
             │                                                                                   │                                                                                                                                                                                      
┌──────────────────────────┐                                                        ┌──────────────────────────┐                                                                                                                                                                        
│ Pipeline #12             │                                                        │ Pipeline #48             │                                                                                                                                                                        
│ HASH_JOIN (id=14)        │                                                        │ HASH_JOIN (id=55)        │                                                                                                                                                                        
│   type: INNER            │                                                        │   type: INNER            │                                                                                                                                                                        
│ Input(#8): PARTIAL       │                                                        │ Input(#44): PARTIAL      │                                                                                                                                                                        
│ Input(#11): PARTIAL      │                                                        │ Input(#47): PARTIAL      │                                                                                                                                                                        
└────────────┬─────────────┘                                                        └────────────┬─────────────┘                                                                                                                                                                        
             ┌───────────────────────────────────────────────────────┐                           ┌───────────────────────────────────────────────────────────────────────────────────────────────────────────────────────────────────────────┐                                          
             │                                                       │                           │                                                                                                                                           │                                          
┌──────────────────────────┐                            ┌──────────────────────────┐┌──────────────────────────┐                                                                                                                ┌──────────────────────────┐                            
│ Pipeline #8              │                            │ Pipeline #11             ││ Pipeline #44             │                                                                                                                │ Pipeline #47             │                            
│ CONCAT (id=9)            │                            │ CONCAT (id=13)           ││ CONCAT (id=50)           │                                                                                                                │ CONCAT (id=54)           │                            
│ Input(#7): PARTIAL       │                            │ Input(#10): PARTIAL      ││ Input(#43): PARTIAL      │                                                                                                                │ Input(#46): PARTIAL      │                            
└────────────┬─────────────┘                            └────────────┬─────────────┘└────────────┬─────────────┘                                                                                                                └────────────┬─────────────┘                            
             │                                                       │                           │                                                                                                                                           │                                          
┌──────────────────────────┐                            ┌──────────────────────────┐┌──────────────────────────┐                                                                                                                ┌──────────────────────────┐                            
│ Pipeline #7              │                            │ Pipeline #10             ││ Pipeline #43             │                                                                                                                │ Pipeline #46             │                            
│ PARTITION (id=8)         │                            │ PARTITION (id=12)        ││ PARTITION (id=49)        │                                                                                                                │ PARTITION (id=53)        │                            
│ Input(#6): FULL          │                            │ Input(#9): PARTIAL       ││ Input(#42): FULL         │                                                                                                                │ Input(#45): PARTIAL      │                            
└────────────┬─────────────┘                            └────────────┬─────────────┘└────────────┬─────────────┘                                                                                                                └────────────┬─────────────┘                            
             │                                                       │                           │                                                                                                                                           │                                          
┌──────────────────────────┐                            ┌──────────────────────────┐┌──────────────────────────┐                                                                                                                ┌──────────────────────────┐                            
│ Pipeline #6              │                            │ Pipeline #9              ││ Pipeline #42             │                                                                                                                │ Pipeline #45             │                            
│ HASH_JOIN (id=7)         │                            │ DYNAMIC_FILTER (id=11)   ││ MERGE_GROUP_BY (id=48)   │                                                                                                                │ DYNAMIC_FILTER (id=52)   │                            
│   type: INNER            │                            │ GPU_SCAN (id=10)         ││ Input(#41): FULL         │                                                                                                                │ GPU_SCAN (id=51)         │                            
│ Input(#2): PARTIAL       │                            │                          ││                          │                                                                                                                │                          │                            
│ Input(#5): PARTIAL       │                            │                          ││                          │                                                                                                                │                          │                            
└────────────┬─────────────┘                            └──────────────────────────┘└────────────┬─────────────┘                                                                                                                └──────────────────────────┘                            
             ┌───────────────────────────┐                                                       │                                                                                                                                                                                      
             │                           │                                                       │                                                                                                                                                                                      
┌──────────────────────────┐┌──────────────────────────┐                            ┌──────────────────────────┐                                                                                                                                                                        
│ Pipeline #2              ││ Pipeline #5              │                            │ Pipeline #41             │                                                                                                                                                                        
│ CONCAT (id=2)            ││ CONCAT (id=6)            │                            │ PARTITION (id=47)        │                                                                                                                                                                        
│ Input(#1): PARTIAL       ││ Input(#4): PARTIAL       │                            │ Input(#40): FULL         │                                                                                                                                                                        
└────────────┬─────────────┘└────────────┬─────────────┘                            └────────────┬─────────────┘                                                                                                                                                                        
             │                           │                                                       │                                                                                                                                                                                      
┌──────────────────────────┐┌──────────────────────────┐                            ┌──────────────────────────┐                                                                                                                                                                        
│ Pipeline #1              ││ Pipeline #4              │                            │ Pipeline #40             │                                                                                                                                                                        
│ PARTITION (id=1)         ││ PARTITION (id=5)         │                            │ HASH_GROUP_BY (id=46)    │                                                                                                                                                                        
│ Input(#0): FULL          ││ Input(#3): PARTIAL       │                            │ Input(#39): FULL         │                                                                                                                                                                        
└────────────┬─────────────┘└────────────┬─────────────┘                            └────────────┬─────────────┘                                                                                                                                                                        
             │                           │                                                       │                                                                                                                                                                                      
┌──────────────────────────┐┌──────────────────────────┐                            ┌──────────────────────────┐                                                                                                                                                                        
│ Pipeline #0              ││ Pipeline #3              │                            │ Pipeline #39             │                                                                                                                                                                        
│ GPU_SCAN (id=0)          ││ DYNAMIC_FILTER (id=4)    │                            │ LEFT_DELIM_JOIN (id=45)  │                                                                                                                                                                        
│                          ││ GPU_SCAN (id=3)          │                            │ HASH_JOIN (id=44)        │                                                                                                                                                                        
│                          ││                          │                            │   type: INNER            │                                                                                                                                                                        
│                          ││                          │                            │ Input(#29): PARTIAL      │                                                                                                                                                                        
│                          ││                          │                            │ Input(#38): PARTIAL      │                                                                                                                                                                        
└──────────────────────────┘└──────────────────────────┘                            └────────────┬─────────────┘                                                                                                                                                                        
                                                                                                 ┌───────────────────────────────────────────────────────────────────────────────────┐                                                                                                  
                                                                                                 │                                                                                   │                                                                                                  
                                                                                    ┌──────────────────────────┐                                                        ┌──────────────────────────┐                                                                                    
                                                                                    │ Pipeline #29             │                                                        │ Pipeline #38             │                                                                                    
                                                                                    │ CONCAT (id=33)           │                                                        │ CONCAT (id=43)           │                                                                                    
                                                                                    │ Input(#28): PARTIAL      │                                                        │ Input(#37): PARTIAL      │                                                                                    
                                                                                    └────────────┬─────────────┘                                                        └────────────┬─────────────┘                                                                                    
                                                                                                 │                                                                                   │                                                                                                  
                                                                                    ┌──────────────────────────┐                                                        ┌──────────────────────────┐                                                                                    
                                                                                    │ Pipeline #28             │                                                        │ Pipeline #37             │                                                                                    
                                                                                    │ PARTITION (id=32)        │                                                        │ PARTITION (id=42)        │                                                                                    
                                                                                    │ Input(#27): FULL         │                                                        │ Input(#36): PARTIAL      │                                                                                    
                                                                                    └────────────┬─────────────┘                                                        └────────────┬─────────────┘                                                                                    
                                                                                                 │                                                                                   │                                                                                                  
                                                                                    ┌──────────────────────────┐                                                        ┌──────────────────────────┐                                                                                    
                                                                                    │ Pipeline #27             │                                                        │ Pipeline #36             │                                                                                    
                                                                                    │ HASH_JOIN (id=31)        │                                                        │ HASH_JOIN (id=41)        │                                                                                    
                                                                                    │   type: INNER            │                                                        │   type: INNER            │                                                                                    
                                                                                    │ Input(#23): PARTIAL      │                                                        │ Input(#32): PARTIAL      │                                                                                    
                                                                                    │ Input(#26): PARTIAL      │                                                        │ Input(#35): PARTIAL      │                                                                                    
                                                                                    └────────────┬─────────────┘                                                        └────────────┬─────────────┘                                                                                    
                                                                                                 ┌───────────────────────────────────────────────────────┐                           ┌───────────────────────────┐                                                                      
                                                                                                 │                                                       │                           │                           │                                                                      
                                                                                    ┌──────────────────────────┐                            ┌──────────────────────────┐┌──────────────────────────┐┌──────────────────────────┐                                                        
                                                                                    │ Pipeline #23             │                            │ Pipeline #26             ││ Pipeline #32             ││ Pipeline #35             │                                                        
                                                                                    │ CONCAT (id=26)           │                            │ CONCAT (id=30)           ││ CONCAT (id=36)           ││ CONCAT (id=40)           │                                                        
                                                                                    │ Input(#22): PARTIAL      │                            │ Input(#25): PARTIAL      ││ Input(#31): PARTIAL      ││ Input(#34): PARTIAL      │                                                        
                                                                                    └────────────┬─────────────┘                            └────────────┬─────────────┘└────────────┬─────────────┘└────────────┬─────────────┘                                                        
                                                                                                 │                                                       │                           │                           │                                                                      
                                                                                    ┌──────────────────────────┐                            ┌──────────────────────────┐┌──────────────────────────┐┌──────────────────────────┐                                                        
                                                                                    │ Pipeline #22             │                            │ Pipeline #25             ││ Pipeline #31             ││ Pipeline #34             │                                                        
                                                                                    │ PARTITION (id=25)        │                            │ PARTITION (id=29)        ││ PARTITION (id=35)        ││ PARTITION (id=39)        │                                                        
                                                                                    │ Input(#21): FULL         │                            │ Input(#24): PARTIAL      ││ Input(#30): FULL         ││ Input(#33): PARTIAL      │                                                        
                                                                                    └────────────┬─────────────┘                            └────────────┬─────────────┘└────────────┬─────────────┘└────────────┬─────────────┘                                                        
                                                                                                 │                                                       │                           │                           │                                                                      
                                                                                    ┌──────────────────────────┐                            ┌──────────────────────────┐┌──────────────────────────┐┌──────────────────────────┐                                                        
                                                                                    │ Pipeline #21             │                            │ Pipeline #24             ││ Pipeline #30             ││ Pipeline #33             │                                                        
                                                                                    │ HASH_JOIN (id=24)        │                            │ DYNAMIC_FILTER (id=28)   ││ GPU_SCAN (id=34)         ││ DYNAMIC_FILTER (id=38)   │                                                        
                                                                                    │   type: INNER            │                            │ GPU_SCAN (id=27)         ││                          ││ GPU_SCAN (id=37)         │                                                        
                                                                                    │ Input(#17): PARTIAL      │                            │                          ││                          ││                          │                                                        
                                                                                    │ Input(#20): PARTIAL      │                            │                          ││                          ││                          │                                                        
                                                                                    └────────────┬─────────────┘                            └──────────────────────────┘└──────────────────────────┘└──────────────────────────┘                                                        
                                                                                                 ┌───────────────────────────┐                                                                                                                                                          
                                                                                                 │                           │                                                                                                                                                          
                                                                                    ┌──────────────────────────┐┌──────────────────────────┐                                                                                                                                            
                                                                                    │ Pipeline #17             ││ Pipeline #20             │                                                                                                                                            
                                                                                    │ CONCAT (id=19)           ││ CONCAT (id=23)           │                                                                                                                                            
                                                                                    │ Input(#16): PARTIAL      ││ Input(#19): PARTIAL      │                                                                                                                                            
                                                                                    └────────────┬─────────────┘└────────────┬─────────────┘                                                                                                                                            
                                                                                                 │                           │                                                                                                                                                          
                                                                                    ┌──────────────────────────┐┌──────────────────────────┐                                                                                                                                            
                                                                                    │ Pipeline #16             ││ Pipeline #19             │                                                                                                                                            
                                                                                    │ PARTITION (id=18)        ││ PARTITION (id=22)        │                                                                                                                                            
                                                                                    │ Input(#15): FULL         ││ Input(#18): PARTIAL      │                                                                                                                                            
                                                                                    └────────────┬─────────────┘└────────────┬─────────────┘                                                                                                                                            
                                                                                                 │                           │                                                                                                                                                          
                                                                                    ┌──────────────────────────┐┌──────────────────────────┐                                                                                                                                            
                                                                                    │ Pipeline #15             ││ Pipeline #18             │                                                                                                                                            
                                                                                    │ GPU_SCAN (id=17)         ││ DYNAMIC_FILTER (id=21)   │                                                                                                                                            
                                                                                    │                          ││ GPU_SCAN (id=20)         │                                                                                                                                            
                                                                                    └──────────────────────────┘└──────────────────────────┘                                                                                                                                            

[2026-07-31 08:17:12.434] [info] [sirius_engine.cpp:148] query 11 telemetry_query=019fb73fb0f174c29ae88e2d6f01e9e0
[2026-07-31 08:17:12.434] [info] [sirius_scan_manager.cpp:1494] [sirius_scan_manager] assigned pinned entry 'region' to operator '0'
[2026-07-31 08:17:12.434] [info] [sirius_scan_manager.cpp:1494] [sirius_scan_manager] assigned pinned entry 'nation' to operator '3'
[2026-07-31 08:17:12.434] [info] [sirius_scan_manager.cpp:1494] [sirius_scan_manager] assigned pinned entry 'supplier' to operator '10'
[2026-07-31 08:17:12.434] [info] [sirius_scan_manager.cpp:1494] [sirius_scan_manager] assigned pinned entry 'region' to operator '17'
[2026-07-31 08:17:12.434] [info] [sirius_scan_manager.cpp:1494] [sirius_scan_manager] assigned pinned entry 'nation' to operator '20'
[2026-07-31 08:17:12.434] [info] [sirius_scan_manager.cpp:1494] [sirius_scan_manager] assigned pinned entry 'supplier' to operator '27'
[2026-07-31 08:17:12.434] [info] [sirius_scan_manager.cpp:1494] [sirius_scan_manager] assigned pinned entry 'part' to operator '34'
[2026-07-31 08:17:12.434] [info] [sirius_scan_manager.cpp:1494] [sirius_scan_manager] assigned pinned entry 'partsupp' to operator '37'
[2026-07-31 08:17:12.434] [info] [sirius_scan_manager.cpp:1494] [sirius_scan_manager] assigned pinned entry 'partsupp' to operator '51'
[2026-07-31 08:17:12.436] [info] [memory_prefetcher.cpp:52] [memory_prefetcher] started: 3 threads, 9 connectors, min_free_fraction=0.40
[2026-07-31 08:17:12.437] [info] [dynamic_filter_publisher.cpp:338] [sirius_physical_hash_join] Pushed 1 dynamic filter(s) across 1 active target(s) of 1 wired target(s) (1 build rows, 1 keys).
[2026-07-31 08:17:12.437] [warning] [sirius_physical_partition.cpp:304] slot_for_device: device_id 0 not found in active GPU list, falling back to slot 0
[2026-07-31 08:17:12.438] [info] [dynamic_filter_publisher.cpp:338] [sirius_physical_hash_join] Pushed 1 dynamic filter(s) across 1 active target(s) of 1 wired target(s) (5 build rows, 1 keys).
[2026-07-31 08:17:12.438] [warning] [sirius_physical_partition.cpp:304] slot_for_device: device_id 0 not found in active GPU list, falling back to slot 0
[2026-07-31 08:17:12.439] [info] [dynamic_filter_publisher.cpp:338] [sirius_physical_hash_join] Pushed 1 dynamic filter(s) across 1 active target(s) of 1 wired target(s) (1999643 build rows, 1 keys).
[2026-07-31 08:17:12.440] [info] [dynamic_filter_publisher.cpp:338] [sirius_physical_hash_join] Pushed 1 dynamic filter(s) across 1 active target(s) of 1 wired target(s) (1 build rows, 1 keys).
[2026-07-31 08:17:12.440] [warning] [sirius_physical_partition.cpp:304] slot_for_device: device_id 0 not found in active GPU list, falling back to slot 0
[2026-07-31 08:17:12.441] [info] [dynamic_filter_publisher.cpp:338] [sirius_physical_hash_join] Pushed 1 dynamic filter(s) across 1 active target(s) of 1 wired target(s) (5 build rows, 1 keys).
[2026-07-31 08:17:12.452] [warning] [sirius_physical_partition.cpp:304] slot_for_device: device_id 0 not found in active GPU list, falling back to slot 0
[2026-07-31 08:17:12.455] [info] [dynamic_filter_publisher.cpp:338] [sirius_physical_hash_join] Pushed 1 dynamic filter(s) across 1 active target(s) of 1 wired target(s) (1999643 build rows, 1 keys).
[2026-07-31 08:17:12.486] [info] [dynamic_filter_publisher.cpp:338] [sirius_physical_hash_join] Pushed 1 dynamic filter(s) across 1 active target(s) of 1 wired target(s) (799927 build rows, 1 keys).
[2026-07-31 08:17:12.517] [warning] [sirius_physical_partition.cpp:304] slot_for_device: device_id 0 not found in active GPU list, falling back to slot 0
[2026-07-31 08:17:12.517] [warning] [sirius_physical_partition.cpp:304] slot_for_device: device_id 0 not found in active GPU list, falling back to slot 0
[2026-07-31 08:17:12.520] [warning] [sirius_physical_partition.cpp:304] slot_for_device: device_id 0 not found in active GPU list, falling back to slot 0
[2026-07-31 08:17:12.523] [warning] [gpu_pipeline_task.cpp:63] gpu_pipeline_task: operator 'LEFT_DELIM_JOIN' (id=45) output batch 0 column count mismatch: got 9, expected 10
[2026-07-31 08:17:12.538] [warning] [sirius_physical_partition.cpp:304] slot_for_device: device_id 0 not found in active GPU list, falling back to slot 0
[2026-07-31 08:17:12.539] [warning] [sirius_physical_partition.cpp:304] slot_for_device: device_id 0 not found in active GPU list, falling back to slot 0
[2026-07-31 08:17:12.543] [warning] [sirius_physical_partition.cpp:304] slot_for_device: device_id 0 not found in active GPU list, falling back to slot 0
[2026-07-31 08:17:12.564] [warning] [sirius_physical_partition.cpp:304] slot_for_device: device_id 0 not found in active GPU list, falling back to slot 0
[2026-07-31 08:17:12.565] [warning] [sirius_physical_partition.cpp:304] slot_for_device: device_id 0 not found in active GPU list, falling back to slot 0
[2026-07-31 08:17:12.590] [info] [gpu_pipeline_executor.cpp:129] GPU Pipeline Executor: task queue interrupted, stopping manager loop
[2026-07-31 08:17:12.591] [info] [sirius_context.cpp:300] QueryEnd
[2026-07-31 08:17:12.594] [info] [memory_prefetcher.cpp:65] [memory_prefetcher] stopping: prefetched 15 batches / 38036110223 bytes (stops: headroom=0 reservation=0, skips: lock=0 draining=63)
[2026-07-31 08:17:12.594] [info] [sirius_context.cpp:152] [host_pool] HOST:0 QueryEnd instance=0xc36148a50620 connection=1 window=11 query=17 allocated=42681237504 bytes peak=301385908224 bytes free_blocks=3860
[2026-07-31 08:17:12.594] [info] [sirius_context.cpp:167] [gpu_pool] GPU:0 QueryEnd instance=0xc36148a50620 connection=1 window=11 query=17 allocated=0 bytes peak=158976940357 bytes reserved=0 bytes
[2026-07-31 08:17:12.594] [info] [sirius_context.cpp:416] [window] end instance=0xc36148a50620 connection=1 window=11 query=17 outcome=ok
[2026-07-31 08:17:12.594] [info] [physical_sirius_execution.cpp:329] Transparent GPU execution: query completed
[2026-07-31 08:17:12.603] [info] [sirius_context.cpp:225] QueryBegin: instance=0xc36148a50620 connection=1 query=18 SQL: SET gpu_execution = true;
[2026-07-31 08:17:12.604] [info] [sirius_context.cpp:225] QueryBegin: instance=0xc36148a50620 connection=1 query=19 SQL: select s.s_acctbal, s.s_name, n.n_name, p.p_partkey, p.p_mfgr, s.s_address, s.s_phone, s.s_comment from part p, supplier s, partsupp ps, nation n, region r where p.p_partkey = ps.ps_partkey and s.s_suppkey = ps.ps_suppkey and p.p_size = 41 and p.p_type like '%NICKEL' and s.s_nationkey = n.n_nationkey and n.n_regionkey = r.r_regionkey and r.r_name = 'EUROPE' and ps.ps_supplycost = ( select min(ps.ps_supplycost) from partsupp ps, supplier s, nation n, region r where p.p_partkey = ps.ps_partkey and s.s_suppkey = ps.ps_suppkey and s.s_nationkey = n.n_nationkey and n.n_regionkey = r.r_regionkey and r.r_name = 'EUROPE' ) order by s.s_acctbal desc, n.n_name, s.s_name, p.p_partkey limit 100
[2026-07-31 08:17:12.615] [info] [sirius_plan_get.cpp:498] [sirius_plan_get] LogicalGet has dynamic_filters attached (channel key=0xc36154a3ee10).
[2026-07-31 08:17:12.615] [info] [sirius_plan_comparison_join.cpp:608] [sirius_plan_comparison_join] Wired hash join with 1 dynamic-filter probe target(s) (build est 199999968 rows).
[2026-07-31 08:17:12.615] [info] [sirius_plan_get.cpp:498] [sirius_plan_get] LogicalGet has dynamic_filters attached (channel key=0xc36154989810).
[2026-07-31 08:17:12.615] [info] [sirius_plan_get.cpp:498] [sirius_plan_get] LogicalGet has dynamic_filters attached (channel key=0xc36154a64350).
[2026-07-31 08:17:12.615] [info] [sirius_plan_comparison_join.cpp:608] [sirius_plan_comparison_join] Wired hash join with 1 dynamic-filter probe target(s) (build est 5 rows).
[2026-07-31 08:17:12.615] [info] [sirius_plan_comparison_join.cpp:608] [sirius_plan_comparison_join] Wired hash join with 1 dynamic-filter probe target(s) (build est 25 rows).
[2026-07-31 08:17:12.615] [info] [sirius_plan_comparison_join.cpp:608] [sirius_plan_comparison_join] Wired hash join with 1 dynamic-filter probe target(s) (build est 10000000 rows).
[2026-07-31 08:17:12.615] [info] [sirius_plan_get.cpp:498] [sirius_plan_get] LogicalGet has dynamic_filters attached (channel key=0xc36154853a10).
[2026-07-31 08:17:12.615] [info] [sirius_plan_comparison_join.cpp:547] [sirius_plan_comparison_join] Not wiring dynamic filter(s): build side is unfiltered (build est 0 rows).
[2026-07-31 08:17:12.616] [info] [sirius_plan_get.cpp:498] [sirius_plan_get] LogicalGet has dynamic_filters attached (channel key=0xc3614eda53a0).
[2026-07-31 08:17:12.616] [info] [sirius_plan_get.cpp:498] [sirius_plan_get] LogicalGet has dynamic_filters attached (channel key=0xc361546fa220).
[2026-07-31 08:17:12.616] [info] [sirius_plan_comparison_join.cpp:608] [sirius_plan_comparison_join] Wired hash join with 1 dynamic-filter probe target(s) (build est 5 rows).
[2026-07-31 08:17:12.616] [info] [sirius_plan_comparison_join.cpp:608] [sirius_plan_comparison_join] Wired hash join with 1 dynamic-filter probe target(s) (build est 25 rows).
[2026-07-31 08:17:12.616] [info] [sirius_plan_comparison_join.cpp:608] [sirius_plan_comparison_join] Wired hash join with 1 dynamic-filter probe target(s) (build est 10000000 rows).
[2026-07-31 08:17:12.616] [info] [sirius_context.cpp:1244] Transparent execution: Sirius physical plan generated successfully
[2026-07-31 08:17:12.616] [info] [sirius_context.cpp:1272] Transparent execution: physical plan replaced with GPU operator
[2026-07-31 08:17:12.616] [info] [physical_sirius_execution.cpp:155] Transparent GPU execution: executing query
[2026-07-31 08:17:12.616] [info] [sirius_context.cpp:416] [window] begin instance=0xc36148a50620 connection=1 window=12 query=19 outcome=-
[2026-07-31 08:17:12.616] [info] [sirius_context.cpp:152] [host_pool] HOST:0 QueryBegin instance=0xc36148a50620 connection=1 window=12 query=19 allocated=42681237504 bytes peak=301385908224 bytes free_blocks=3860
[2026-07-31 08:17:12.616] [info] [sirius_context.cpp:167] [gpu_pool] GPU:0 QueryBegin instance=0xc36148a50620 connection=1 window=12 query=19 allocated=0 bytes peak=158976940357 bytes reserved=0 bytes
[2026-07-31 08:17:12.616] [info] [sirius_context.cpp:285] QueryBegin: transparent_execution
[2026-07-31 08:17:12.619] [info] [sirius_plan_get.cpp:498] [sirius_plan_get] LogicalGet has dynamic_filters attached (channel key=0xc36154a3ee10).
[2026-07-31 08:17:12.619] [info] [sirius_plan_comparison_join.cpp:608] [sirius_plan_comparison_join] Wired hash join with 1 dynamic-filter probe target(s) (build est 199999968 rows).
[2026-07-31 08:17:12.619] [info] [sirius_plan_get.cpp:498] [sirius_plan_get] LogicalGet has dynamic_filters attached (channel key=0xc36154989810).
[2026-07-31 08:17:12.619] [info] [sirius_plan_get.cpp:498] [sirius_plan_get] LogicalGet has dynamic_filters attached (channel key=0xc36154a64350).
[2026-07-31 08:17:12.619] [info] [sirius_plan_comparison_join.cpp:608] [sirius_plan_comparison_join] Wired hash join with 1 dynamic-filter probe target(s) (build est 5 rows).
[2026-07-31 08:17:12.619] [info] [sirius_plan_comparison_join.cpp:608] [sirius_plan_comparison_join] Wired hash join with 1 dynamic-filter probe target(s) (build est 25 rows).
[2026-07-31 08:17:12.619] [info] [sirius_plan_comparison_join.cpp:608] [sirius_plan_comparison_join] Wired hash join with 1 dynamic-filter probe target(s) (build est 10000000 rows).
[2026-07-31 08:17:12.619] [info] [sirius_plan_get.cpp:498] [sirius_plan_get] LogicalGet has dynamic_filters attached (channel key=0xc36154853a10).
[2026-07-31 08:17:12.619] [info] [sirius_plan_comparison_join.cpp:547] [sirius_plan_comparison_join] Not wiring dynamic filter(s): build side is unfiltered (build est 0 rows).
[2026-07-31 08:17:12.619] [info] [sirius_plan_get.cpp:498] [sirius_plan_get] LogicalGet has dynamic_filters attached (channel key=0xc3614eda53a0).
[2026-07-31 08:17:12.619] [info] [sirius_plan_get.cpp:498] [sirius_plan_get] LogicalGet has dynamic_filters attached (channel key=0xc361546fa220).
[2026-07-31 08:17:12.619] [info] [sirius_plan_comparison_join.cpp:608] [sirius_plan_comparison_join] Wired hash join with 1 dynamic-filter probe target(s) (build est 5 rows).
[2026-07-31 08:17:12.619] [info] [sirius_plan_comparison_join.cpp:608] [sirius_plan_comparison_join] Wired hash join with 1 dynamic-filter probe target(s) (build est 25 rows).
[2026-07-31 08:17:12.619] [info] [sirius_plan_comparison_join.cpp:608] [sirius_plan_comparison_join] Wired hash join with 1 dynamic-filter probe target(s) (build est 10000000 rows).
[2026-07-31 08:17:12.621] [info] [sirius_engine.cpp:265] Query Plan:
=== Pipeline Overview ===
Pipeline #0: GPU_SCAN (id=0)
  Output: -> PARTITION [port: default, barrier: FULL]
Pipeline #1: PARTITION (id=1)
  Input: <- Pipeline #0 [on: PARTITION (id=1), port: default, barrier: FULL]
  Dependencies: Pipeline #0
  Output: -> CONCAT [port: default, barrier: PARTIAL]
Pipeline #2: CONCAT (id=2)
  Input: <- Pipeline #1 [on: CONCAT (id=2), port: default, barrier: PARTIAL]
  Dependencies: Pipeline #1
  Output: -> HASH_JOIN [port: build, barrier: PARTIAL]
Pipeline #3: GPU_SCAN (id=3) -> DYNAMIC_FILTER (id=4)
  Output: -> PARTITION [port: default, barrier: PARTIAL]
Pipeline #4: PARTITION (id=5)
  Input: <- Pipeline #3 [on: PARTITION (id=5), port: default, barrier: PARTIAL]
  Dependencies: Pipeline #3
  Output: -> CONCAT [port: default, barrier: PARTIAL]
Pipeline #5: CONCAT (id=6)
  Input: <- Pipeline #4 [on: CONCAT (id=6), port: default, barrier: PARTIAL]
  Dependencies: Pipeline #4
  Output: -> HASH_JOIN [port: default, barrier: PARTIAL]
Pipeline #6: HASH_JOIN (id=7)
  Input: <- Pipeline #2 [on: HASH_JOIN (id=7), port: build, barrier: PARTIAL]
  Input: <- Pipeline #5 [on: HASH_JOIN (id=7), port: default, barrier: PARTIAL]
  Dependencies: Pipeline #2, Pipeline #5
  Output: -> PARTITION [port: default, barrier: FULL]
Pipeline #7: PARTITION (id=8)
  Input: <- Pipeline #6 [on: PARTITION (id=8), port: default, barrier: FULL]
  Dependencies: Pipeline #6
  Output: -> CONCAT [port: default, barrier: PARTIAL]
Pipeline #8: CONCAT (id=9)
  Input: <- Pipeline #7 [on: CONCAT (id=9), port: default, barrier: PARTIAL]
  Dependencies: Pipeline #7
  Output: -> HASH_JOIN [port: build, barrier: PARTIAL]
Pipeline #9: GPU_SCAN (id=10) -> DYNAMIC_FILTER (id=11)
  Output: -> PARTITION [port: default, barrier: PARTIAL]
Pipeline #10: PARTITION (id=12)
  Input: <- Pipeline #9 [on: PARTITION (id=12), port: default, barrier: PARTIAL]
  Dependencies: Pipeline #9
  Output: -> CONCAT [port: default, barrier: PARTIAL]
Pipeline #11: CONCAT (id=13)
  Input: <- Pipeline #10 [on: CONCAT (id=13), port: default, barrier: PARTIAL]
  Dependencies: Pipeline #10
  Output: -> HASH_JOIN [port: default, barrier: PARTIAL]
Pipeline #12: HASH_JOIN (id=14)
  Input: <- Pipeline #8 [on: HASH_JOIN (id=14), port: build, barrier: PARTIAL]
  Input: <- Pipeline #11 [on: HASH_JOIN (id=14), port: default, barrier: PARTIAL]
  Dependencies: Pipeline #8, Pipeline #11
  Output: -> PARTITION [port: default, barrier: FULL]
Pipeline #13: PARTITION (id=15)
  Input: <- Pipeline #12 [on: PARTITION (id=15), port: default, barrier: FULL]
  Dependencies: Pipeline #12
  Output: -> CONCAT [port: default, barrier: PARTIAL]
Pipeline #14: CONCAT (id=16)
  Input: <- Pipeline #13 [on: CONCAT (id=16), port: default, barrier: PARTIAL]
  Dependencies: Pipeline #13
  Output: -> HASH_JOIN [port: build, barrier: PARTIAL]
Pipeline #15: GPU_SCAN (id=17)
  Output: -> PARTITION [port: default, barrier: FULL]
Pipeline #16: PARTITION (id=18)
  Input: <- Pipeline #15 [on: PARTITION (id=18), port: default, barrier: FULL]
  Dependencies: Pipeline #15
  Output: -> CONCAT [port: default, barrier: PARTIAL]
Pipeline #17: CONCAT (id=19)
  Input: <- Pipeline #16 [on: CONCAT (id=19), port: default, barrier: PARTIAL]
  Dependencies: Pipeline #16
  Output: -> HASH_JOIN [port: build, barrier: PARTIAL]
Pipeline #18: GPU_SCAN (id=20) -> DYNAMIC_FILTER (id=21)
  Output: -> PARTITION [port: default, barrier: PARTIAL]
Pipeline #19: PARTITION (id=22)
  Input: <- Pipeline #18 [on: PARTITION (id=22), port: default, barrier: PARTIAL]
  Dependencies: Pipeline #18
  Output: -> CONCAT [port: default, barrier: PARTIAL]
Pipeline #20: CONCAT (id=23)
  Input: <- Pipeline #19 [on: CONCAT (id=23), port: default, barrier: PARTIAL]
  Dependencies: Pipeline #19
  Output: -> HASH_JOIN [port: default, barrier: PARTIAL]
Pipeline #21: HASH_JOIN (id=24)
  Input: <- Pipeline #17 [on: HASH_JOIN (id=24), port: build, barrier: PARTIAL]
  Input: <- Pipeline #20 [on: HASH_JOIN (id=24), port: default, barrier: PARTIAL]
  Dependencies: Pipeline #17, Pipeline #20
  Output: -> PARTITION [port: default, barrier: FULL]
Pipeline #22: PARTITION (id=25)
  Input: <- Pipeline #21 [on: PARTITION (id=25), port: default, barrier: FULL]
  Dependencies: Pipeline #21
  Output: -> CONCAT [port: default, barrier: PARTIAL]
Pipeline #23: CONCAT (id=26)
  Input: <- Pipeline #22 [on: CONCAT (id=26), port: default, barrier: PARTIAL]
  Dependencies: Pipeline #22
  Output: -> HASH_JOIN [port: build, barrier: PARTIAL]
Pipeline #24: GPU_SCAN (id=27) -> DYNAMIC_FILTER (id=28)
  Output: -> PARTITION [port: default, barrier: PARTIAL]
Pipeline #25: PARTITION (id=29)
  Input: <- Pipeline #24 [on: PARTITION (id=29), port: default, barrier: PARTIAL]
  Dependencies: Pipeline #24
  Output: -> CONCAT [port: default, barrier: PARTIAL]
Pipeline #26: CONCAT (id=30)
  Input: <- Pipeline #25 [on: CONCAT (id=30), port: default, barrier: PARTIAL]
  Dependencies: Pipeline #25
  Output: -> HASH_JOIN [port: default, barrier: PARTIAL]
Pipeline #27: HASH_JOIN (id=31)
  Input: <- Pipeline #23 [on: HASH_JOIN (id=31), port: build, barrier: PARTIAL]
  Input: <- Pipeline #26 [on: HASH_JOIN (id=31), port: default, barrier: PARTIAL]
  Dependencies: Pipeline #23, Pipeline #26
  Output: -> PARTITION [port: default, barrier: FULL]
Pipeline #28: PARTITION (id=32)
  Input: <- Pipeline #27 [on: PARTITION (id=32), port: default, barrier: FULL]
  Dependencies: Pipeline #27
  Output: -> CONCAT [port: default, barrier: PARTIAL]
Pipeline #29: CONCAT (id=33)
  Input: <- Pipeline #28 [on: CONCAT (id=33), port: default, barrier: PARTIAL]
  Dependencies: Pipeline #28
  Output: -> HASH_JOIN [port: build, barrier: PARTIAL]
Pipeline #30: GPU_SCAN (id=34)
  Output: -> PARTITION [port: default, barrier: FULL]
Pipeline #31: PARTITION (id=35)
  Input: <- Pipeline #30 [on: PARTITION (id=35), port: default, barrier: FULL]
  Dependencies: Pipeline #30
  Output: -> CONCAT [port: default, barrier: PARTIAL]
Pipeline #32: CONCAT (id=36)
  Input: <- Pipeline #31 [on: CONCAT (id=36), port: default, barrier: PARTIAL]
  Dependencies: Pipeline #31
  Output: -> HASH_JOIN [port: build, barrier: PARTIAL]
Pipeline #33: GPU_SCAN (id=37) -> DYNAMIC_FILTER (id=38)
  Output: -> PARTITION [port: default, barrier: PARTIAL]
Pipeline #34: PARTITION (id=39)
  Input: <- Pipeline #33 [on: PARTITION (id=39), port: default, barrier: PARTIAL]
  Dependencies: Pipeline #33
  Output: -> CONCAT [port: default, barrier: PARTIAL]
Pipeline #35: CONCAT (id=40)
  Input: <- Pipeline #34 [on: CONCAT (id=40), port: default, barrier: PARTIAL]
  Dependencies: Pipeline #34
  Output: -> HASH_JOIN [port: default, barrier: PARTIAL]
Pipeline #36: HASH_JOIN (id=41)
  Input: <- Pipeline #32 [on: HASH_JOIN (id=41), port: build, barrier: PARTIAL]
  Input: <- Pipeline #35 [on: HASH_JOIN (id=41), port: default, barrier: PARTIAL]
  Dependencies: Pipeline #32, Pipeline #35
  Output: -> PARTITION [port: default, barrier: PARTIAL]
Pipeline #37: PARTITION (id=42)
  Input: <- Pipeline #36 [on: PARTITION (id=42), port: default, barrier: PARTIAL]
  Dependencies: Pipeline #36
  Output: -> CONCAT [port: default, barrier: PARTIAL]
Pipeline #38: CONCAT (id=43)
  Input: <- Pipeline #37 [on: CONCAT (id=43), port: default, barrier: PARTIAL]
  Dependencies: Pipeline #37
  Output: -> HASH_JOIN [port: default, barrier: PARTIAL]
Pipeline #39: HASH_JOIN (id=44) -> LEFT_DELIM_JOIN (id=45)
  Input: <- Pipeline #29 [on: HASH_JOIN (id=44), port: build, barrier: PARTIAL]
  Input: <- Pipeline #38 [on: HASH_JOIN (id=44), port: default, barrier: PARTIAL]
  Dependencies: Pipeline #29, Pipeline #38
  Output: -> COLUMN_DATA_SCAN [port: default, barrier: FULL]
  Output: -> HASH_GROUP_BY [port: default, barrier: FULL]
Pipeline #40: HASH_GROUP_BY (id=46)
  Input: <- Pipeline #39 [on: HASH_GROUP_BY (id=46), port: default, barrier: FULL]
  Dependencies: Pipeline #39
  Output: -> PARTITION [port: default, barrier: FULL]
Pipeline #41: PARTITION (id=47)
  Input: <- Pipeline #40 [on: PARTITION (id=47), port: default, barrier: FULL]
  Dependencies: Pipeline #40
  Output: -> MERGE_GROUP_BY [port: default, barrier: FULL]
Pipeline #42: MERGE_GROUP_BY (id=48)
  Input: <- Pipeline #41 [on: MERGE_GROUP_BY (id=48), port: default, barrier: FULL]
  Dependencies: Pipeline #41
  Output: -> PARTITION [port: default, barrier: FULL]
Pipeline #43: PARTITION (id=49)
  Input: <- Pipeline #42 [on: PARTITION (id=49), port: default, barrier: FULL]
  Dependencies: Pipeline #42
  Output: -> CONCAT [port: default, barrier: PARTIAL]
Pipeline #44: CONCAT (id=50)
  Input: <- Pipeline #43 [on: CONCAT (id=50), port: default, barrier: PARTIAL]
  Dependencies: Pipeline #43
  Output: -> HASH_JOIN [port: build, barrier: PARTIAL]
Pipeline #45: GPU_SCAN (id=51) -> DYNAMIC_FILTER (id=52)
  Output: -> PARTITION [port: default, barrier: PARTIAL]
Pipeline #46: PARTITION (id=53)
  Input: <- Pipeline #45 [on: PARTITION (id=53), port: default, barrier: PARTIAL]
  Dependencies: Pipeline #45
  Output: -> CONCAT [port: default, barrier: PARTIAL]
Pipeline #47: CONCAT (id=54)
  Input: <- Pipeline #46 [on: CONCAT (id=54), port: default, barrier: PARTIAL]
  Dependencies: Pipeline #46
  Output: -> HASH_JOIN [port: default, barrier: PARTIAL]
Pipeline #48: HASH_JOIN (id=55)
  Input: <- Pipeline #44 [on: HASH_JOIN (id=55), port: build, barrier: PARTIAL]
  Input: <- Pipeline #47 [on: HASH_JOIN (id=55), port: default, barrier: PARTIAL]
  Dependencies: Pipeline #44, Pipeline #47
  Output: -> PARTITION [port: default, barrier: PARTIAL]
Pipeline #49: PARTITION (id=56)
  Input: <- Pipeline #48 [on: PARTITION (id=56), port: default, barrier: PARTIAL]
  Dependencies: Pipeline #48
  Output: -> CONCAT [port: default, barrier: PARTIAL]
Pipeline #50: CONCAT (id=57)
  Input: <- Pipeline #49 [on: CONCAT (id=57), port: default, barrier: PARTIAL]
  Dependencies: Pipeline #49
  Output: -> HASH_JOIN [port: default, barrier: PARTIAL]
Pipeline #51: HASH_JOIN (id=58) -> PROJECTION (id=59) -> HASH_GROUP_BY (id=60)
  Input: <- Pipeline #50 [on: HASH_JOIN (id=58), port: default, barrier: PARTIAL]
  Input: <- Pipeline #14 [on: HASH_JOIN (id=58), port: build, barrier: PARTIAL]
  Dependencies: Pipeline #14, Pipeline #50
  Output: -> PARTITION [port: default, barrier: FULL]
Pipeline #52: PARTITION (id=61)
  Input: <- Pipeline #51 [on: PARTITION (id=61), port: default, barrier: FULL]
  Dependencies: Pipeline #51
  Output: -> MERGE_GROUP_BY [port: default, barrier: FULL]
Pipeline #53: MERGE_GROUP_BY (id=62) -> PROJECTION (id=63)
  Input: <- Pipeline #52 [on: MERGE_GROUP_BY (id=62), port: default, barrier: FULL]
  Dependencies: Pipeline #52
  Output: -> PARTITION [port: default, barrier: FULL]
Pipeline #54: PARTITION (id=64)
  Input: <- Pipeline #53 [on: PARTITION (id=64), port: default, barrier: FULL]
  Dependencies: Pipeline #53
  Output: -> CONCAT [port: default, barrier: PARTIAL]
Pipeline #55: CONCAT (id=65)
  Input: <- Pipeline #54 [on: CONCAT (id=65), port: default, barrier: PARTIAL]
  Dependencies: Pipeline #54
  Output: -> HASH_JOIN [port: build, barrier: PARTIAL]
Pipeline #56: COLUMN_DATA_SCAN (id=66)
  Input: <- Pipeline #39 [on: COLUMN_DATA_SCAN (id=66), port: default, barrier: FULL]
  Dependencies: Pipeline #39
  Output: -> PARTITION [port: default, barrier: PARTIAL]
Pipeline #57: PARTITION (id=67)
  Input: <- Pipeline #56 [on: PARTITION (id=67), port: default, barrier: PARTIAL]
  Dependencies: Pipeline #56
  Output: -> CONCAT [port: default, barrier: PARTIAL]
Pipeline #58: CONCAT (id=68)
  Input: <- Pipeline #57 [on: CONCAT (id=68), port: default, barrier: PARTIAL]
  Dependencies: Pipeline #57
  Output: -> HASH_JOIN [port: default, barrier: PARTIAL]
Pipeline #59: HASH_JOIN (id=69) -> FILTER (id=70) -> PROJECTION (id=71) -> TOP_N (id=72)
  Input: <- Pipeline #55 [on: HASH_JOIN (id=69), port: build, barrier: PARTIAL]
  Input: <- Pipeline #58 [on: HASH_JOIN (id=69), port: default, barrier: PARTIAL]
  Dependencies: Pipeline #55, Pipeline #58
  Output: -> MERGE_TOP_N [port: default, barrier: FULL]
Pipeline #60: MERGE_TOP_N (id=73) -> RESULT_COLLECTOR (id=74)
  Input: <- Pipeline #59 [on: MERGE_TOP_N (id=73), port: default, barrier: FULL]
  Dependencies: Pipeline #59

=== Query Plan DAG ===
┌──────────────────────────┐                                                                                                                                                                                                                                                            
│ Pipeline #60             │                                                                                                                                                                                                                                                            
│ RESULT_COLLECTOR (id=74) │                                                                                                                                                                                                                                                            
│ MERGE_TOP_N (id=73)      │                                                                                                                                                                                                                                                            
│ Input(#59): FULL         │                                                                                                                                                                                                                                                            
└────────────┬─────────────┘                                                                                                                                                                                                                                                            
             │                                                                                                                                                                                                                                                                          
┌──────────────────────────┐                                                                                                                                                                                                                                                            
│ Pipeline #59             │                                                                                                                                                                                                                                                            
│ TOP_N (id=72)            │                                                                                                                                                                                                                                                            
│ PROJECTION (id=71)       │                                                                                                                                                                                                                                                            
│ FILTER (id=70)           │                                                                                                                                                                                                                                                            
│ HASH_JOIN (id=69)        │                                                                                                                                                                                                                                                            
│   type: LEFT             │                                                                                                                                                                                                                                                            
│ Input(#55): PARTIAL      │                                                                                                                                                                                                                                                            
│ Input(#58): PARTIAL      │                                                                                                                                                                                                                                                            
└────────────┬─────────────┘                                                                                                                                                                                                                                                            
             ┌───────────────────────────────────────────────────────────────────────────────────────────────────────────────────────────────────────────────────────────────────────────────────────────────────────────────────────────────────────────────────────────┐              
             │                                                                                                                                                                                                                                                           │              
┌──────────────────────────┐                                                                                                                                                                                                                                ┌──────────────────────────┐
│ Pipeline #55             │                                                                                                                                                                                                                                │ Pipeline #58             │
│ CONCAT (id=65)           │                                                                                                                                                                                                                                │ CONCAT (id=68)           │
│ Input(#54): PARTIAL      │                                                                                                                                                                                                                                │ Input(#57): PARTIAL      │
└────────────┬─────────────┘                                                                                                                                                                                                                                └────────────┬─────────────┘
             │                                                                                                                                                                                                                                                           │              
┌──────────────────────────┐                                                                                                                                                                                                                                ┌──────────────────────────┐
│ Pipeline #54             │                                                                                                                                                                                                                                │ Pipeline #57             │
│ PARTITION (id=64)        │                                                                                                                                                                                                                                │ PARTITION (id=67)        │
│ Input(#53): FULL         │                                                                                                                                                                                                                                │ Input(#56): PARTIAL      │
└────────────┬─────────────┘                                                                                                                                                                                                                                └────────────┬─────────────┘
             │                                                                                                                                                                                                                                                           │              
┌──────────────────────────┐                                                                                                                                                                                                                                ┌──────────────────────────┐
│ Pipeline #53             │                                                                                                                                                                                                                                │ Pipeline #56             │
│ PROJECTION (id=63)       │                                                                                                                                                                                                                                │ COLUMN_DATA_SCAN (id=66) │
│ MERGE_GROUP_BY (id=62)   │                                                                                                                                                                                                                                │ Input(#39): FULL         │
│ Input(#52): FULL         │                                                                                                                                                                                                                                │                          │
└────────────┬─────────────┘                                                                                                                                                                                                                                └────────────┬─────────────┘
             │                                                                                                                                                                                                                                                           │              
┌──────────────────────────┐                                                                                                                                                                                                                                ┌──────────────────────────┐
│ Pipeline #52             │                                                                                                                                                                                                                                │ (-> Pipeline #39)        │
│ PARTITION (id=61)        │                                                                                                                                                                                                                                │                          │
│ Input(#51): FULL         │                                                                                                                                                                                                                                │                          │
└────────────┬─────────────┘                                                                                                                                                                                                                                └────────────┬─────────────┘
             │                                                                                                                                                                                                                                                                          
┌──────────────────────────┐                                                                                                                                                                                                                                                            
│ Pipeline #51             │                                                                                                                                                                                                                                                            
│ HASH_GROUP_BY (id=60)    │                                                                                                                                                                                                                                                            
│ PROJECTION (id=59)       │                                                                                                                                                                                                                                                            
│ HASH_JOIN (id=58)        │                                                                                                                                                                                                                                                            
│   type: INNER            │                                                                                                                                                                                                                                                            
│ Input(#50): PARTIAL      │                                                                                                                                                                                                                                                            
│ Input(#14): PARTIAL      │                                                                                                                                                                                                                                                            
└────────────┬─────────────┘                                                                                                                                                                                                                                                            
             ┌───────────────────────────────────────────────────────────────────────────────────┐                                                                                                                                                                                      
             │                                                                                   │                                                                                                                                                                                      
┌──────────────────────────┐                                                        ┌──────────────────────────┐                                                                                                                                                                        
│ Pipeline #14             │                                                        │ Pipeline #50             │                                                                                                                                                                        
│ CONCAT (id=16)           │                                                        │ CONCAT (id=57)           │                                                                                                                                                                        
│ Input(#13): PARTIAL      │                                                        │ Input(#49): PARTIAL      │                                                                                                                                                                        
└────────────┬─────────────┘                                                        └────────────┬─────────────┘                                                                                                                                                                        
             │                                                                                   │                                                                                                                                                                                      
┌──────────────────────────┐                                                        ┌──────────────────────────┐                                                                                                                                                                        
│ Pipeline #13             │                                                        │ Pipeline #49             │                                                                                                                                                                        
│ PARTITION (id=15)        │                                                        │ PARTITION (id=56)        │                                                                                                                                                                        
│ Input(#12): FULL         │                                                        │ Input(#48): PARTIAL      │                                                                                                                                                                        
└────────────┬─────────────┘                                                        └────────────┬─────────────┘                                                                                                                                                                        
             │                                                                                   │                                                                                                                                                                                      
┌──────────────────────────┐                                                        ┌──────────────────────────┐                                                                                                                                                                        
│ Pipeline #12             │                                                        │ Pipeline #48             │                                                                                                                                                                        
│ HASH_JOIN (id=14)        │                                                        │ HASH_JOIN (id=55)        │                                                                                                                                                                        
│   type: INNER            │                                                        │   type: INNER            │                                                                                                                                                                        
│ Input(#8): PARTIAL       │                                                        │ Input(#44): PARTIAL      │                                                                                                                                                                        
│ Input(#11): PARTIAL      │                                                        │ Input(#47): PARTIAL      │                                                                                                                                                                        
└────────────┬─────────────┘                                                        └────────────┬─────────────┘                                                                                                                                                                        
             ┌───────────────────────────────────────────────────────┐                           ┌───────────────────────────────────────────────────────────────────────────────────────────────────────────────────────────────────────────┐                                          
             │                                                       │                           │                                                                                                                                           │                                          
┌──────────────────────────┐                            ┌──────────────────────────┐┌──────────────────────────┐                                                                                                                ┌──────────────────────────┐                            
│ Pipeline #8              │                            │ Pipeline #11             ││ Pipeline #44             │                                                                                                                │ Pipeline #47             │                            
│ CONCAT (id=9)            │                            │ CONCAT (id=13)           ││ CONCAT (id=50)           │                                                                                                                │ CONCAT (id=54)           │                            
│ Input(#7): PARTIAL       │                            │ Input(#10): PARTIAL      ││ Input(#43): PARTIAL      │                                                                                                                │ Input(#46): PARTIAL      │                            
└────────────┬─────────────┘                            └────────────┬─────────────┘└────────────┬─────────────┘                                                                                                                └────────────┬─────────────┘                            
             │                                                       │                           │                                                                                                                                           │                                          
┌──────────────────────────┐                            ┌──────────────────────────┐┌──────────────────────────┐                                                                                                                ┌──────────────────────────┐                            
│ Pipeline #7              │                            │ Pipeline #10             ││ Pipeline #43             │                                                                                                                │ Pipeline #46             │                            
│ PARTITION (id=8)         │                            │ PARTITION (id=12)        ││ PARTITION (id=49)        │                                                                                                                │ PARTITION (id=53)        │                            
│ Input(#6): FULL          │                            │ Input(#9): PARTIAL       ││ Input(#42): FULL         │                                                                                                                │ Input(#45): PARTIAL      │                            
└────────────┬─────────────┘                            └────────────┬─────────────┘└────────────┬─────────────┘                                                                                                                └────────────┬─────────────┘                            
             │                                                       │                           │                                                                                                                                           │                                          
┌──────────────────────────┐                            ┌──────────────────────────┐┌──────────────────────────┐                                                                                                                ┌──────────────────────────┐                            
│ Pipeline #6              │                            │ Pipeline #9              ││ Pipeline #42             │                                                                                                                │ Pipeline #45             │                            
│ HASH_JOIN (id=7)         │                            │ DYNAMIC_FILTER (id=11)   ││ MERGE_GROUP_BY (id=48)   │                                                                                                                │ DYNAMIC_FILTER (id=52)   │                            
│   type: INNER            │                            │ GPU_SCAN (id=10)         ││ Input(#41): FULL         │                                                                                                                │ GPU_SCAN (id=51)         │                            
│ Input(#2): PARTIAL       │                            │                          ││                          │                                                                                                                │                          │                            
│ Input(#5): PARTIAL       │                            │                          ││                          │                                                                                                                │                          │                            
└────────────┬─────────────┘                            └──────────────────────────┘└────────────┬─────────────┘                                                                                                                └──────────────────────────┘                            
             ┌───────────────────────────┐                                                       │                                                                                                                                                                                      
             │                           │                                                       │                                                                                                                                                                                      
┌──────────────────────────┐┌──────────────────────────┐                            ┌──────────────────────────┐                                                                                                                                                                        
│ Pipeline #2              ││ Pipeline #5              │                            │ Pipeline #41             │                                                                                                                                                                        
│ CONCAT (id=2)            ││ CONCAT (id=6)            │                            │ PARTITION (id=47)        │                                                                                                                                                                        
│ Input(#1): PARTIAL       ││ Input(#4): PARTIAL       │                            │ Input(#40): FULL         │                                                                                                                                                                        
└────────────┬─────────────┘└────────────┬─────────────┘                            └────────────┬─────────────┘                                                                                                                                                                        
             │                           │                                                       │                                                                                                                                                                                      
┌──────────────────────────┐┌──────────────────────────┐                            ┌──────────────────────────┐                                                                                                                                                                        
│ Pipeline #1              ││ Pipeline #4              │                            │ Pipeline #40             │                                                                                                                                                                        
│ PARTITION (id=1)         ││ PARTITION (id=5)         │                            │ HASH_GROUP_BY (id=46)    │                                                                                                                                                                        
│ Input(#0): FULL          ││ Input(#3): PARTIAL       │                            │ Input(#39): FULL         │                                                                                                                                                                        
└────────────┬─────────────┘└────────────┬─────────────┘                            └────────────┬─────────────┘                                                                                                                                                                        
             │                           │                                                       │                                                                                                                                                                                      
┌──────────────────────────┐┌──────────────────────────┐                            ┌──────────────────────────┐                                                                                                                                                                        
│ Pipeline #0              ││ Pipeline #3              │                            │ Pipeline #39             │                                                                                                                                                                        
│ GPU_SCAN (id=0)          ││ DYNAMIC_FILTER (id=4)    │                            │ LEFT_DELIM_JOIN (id=45)  │                                                                                                                                                                        
│                          ││ GPU_SCAN (id=3)          │                            │ HASH_JOIN (id=44)        │                                                                                                                                                                        
│                          ││                          │                            │   type: INNER            │                                                                                                                                                                        
│                          ││                          │                            │ Input(#29): PARTIAL      │                                                                                                                                                                        
│                          ││                          │                            │ Input(#38): PARTIAL      │                                                                                                                                                                        
└──────────────────────────┘└──────────────────────────┘                            └────────────┬─────────────┘                                                                                                                                                                        
                                                                                                 ┌───────────────────────────────────────────────────────────────────────────────────┐                                                                                                  
                                                                                                 │                                                                                   │                                                                                                  
                                                                                    ┌──────────────────────────┐                                                        ┌──────────────────────────┐                                                                                    
                                                                                    │ Pipeline #29             │                                                        │ Pipeline #38             │                                                                                    
                                                                                    │ CONCAT (id=33)           │                                                        │ CONCAT (id=43)           │                                                                                    
                                                                                    │ Input(#28): PARTIAL      │                                                        │ Input(#37): PARTIAL      │                                                                                    
                                                                                    └────────────┬─────────────┘                                                        └────────────┬─────────────┘                                                                                    
                                                                                                 │                                                                                   │                                                                                                  
                                                                                    ┌──────────────────────────┐                                                        ┌──────────────────────────┐                                                                                    
                                                                                    │ Pipeline #28             │                                                        │ Pipeline #37             │                                                                                    
                                                                                    │ PARTITION (id=32)        │                                                        │ PARTITION (id=42)        │                                                                                    
                                                                                    │ Input(#27): FULL         │                                                        │ Input(#36): PARTIAL      │                                                                                    
                                                                                    └────────────┬─────────────┘                                                        └────────────┬─────────────┘                                                                                    
                                                                                                 │                                                                                   │                                                                                                  
                                                                                    ┌──────────────────────────┐                                                        ┌──────────────────────────┐                                                                                    
                                                                                    │ Pipeline #27             │                                                        │ Pipeline #36             │                                                                                    
                                                                                    │ HASH_JOIN (id=31)        │                                                        │ HASH_JOIN (id=41)        │                                                                                    
                                                                                    │   type: INNER            │                                                        │   type: INNER            │                                                                                    
                                                                                    │ Input(#23): PARTIAL      │                                                        │ Input(#32): PARTIAL      │                                                                                    
                                                                                    │ Input(#26): PARTIAL      │                                                        │ Input(#35): PARTIAL      │                                                                                    
                                                                                    └────────────┬─────────────┘                                                        └────────────┬─────────────┘                                                                                    
                                                                                                 ┌───────────────────────────────────────────────────────┐                           ┌───────────────────────────┐                                                                      
                                                                                                 │                                                       │                           │                           │                                                                      
                                                                                    ┌──────────────────────────┐                            ┌──────────────────────────┐┌──────────────────────────┐┌──────────────────────────┐                                                        
                                                                                    │ Pipeline #23             │                            │ Pipeline #26             ││ Pipeline #32             ││ Pipeline #35             │                                                        
                                                                                    │ CONCAT (id=26)           │                            │ CONCAT (id=30)           ││ CONCAT (id=36)           ││ CONCAT (id=40)           │                                                        
                                                                                    │ Input(#22): PARTIAL      │                            │ Input(#25): PARTIAL      ││ Input(#31): PARTIAL      ││ Input(#34): PARTIAL      │                                                        
                                                                                    └────────────┬─────────────┘                            └────────────┬─────────────┘└────────────┬─────────────┘└────────────┬─────────────┘                                                        
                                                                                                 │                                                       │                           │                           │                                                                      
                                                                                    ┌──────────────────────────┐                            ┌──────────────────────────┐┌──────────────────────────┐┌──────────────────────────┐                                                        
                                                                                    │ Pipeline #22             │                            │ Pipeline #25             ││ Pipeline #31             ││ Pipeline #34             │                                                        
                                                                                    │ PARTITION (id=25)        │                            │ PARTITION (id=29)        ││ PARTITION (id=35)        ││ PARTITION (id=39)        │                                                        
                                                                                    │ Input(#21): FULL         │                            │ Input(#24): PARTIAL      ││ Input(#30): FULL         ││ Input(#33): PARTIAL      │                                                        
                                                                                    └────────────┬─────────────┘                            └────────────┬─────────────┘└────────────┬─────────────┘└────────────┬─────────────┘                                                        
                                                                                                 │                                                       │                           │                           │                                                                      
                                                                                    ┌──────────────────────────┐                            ┌──────────────────────────┐┌──────────────────────────┐┌──────────────────────────┐                                                        
                                                                                    │ Pipeline #21             │                            │ Pipeline #24             ││ Pipeline #30             ││ Pipeline #33             │                                                        
                                                                                    │ HASH_JOIN (id=24)        │                            │ DYNAMIC_FILTER (id=28)   ││ GPU_SCAN (id=34)         ││ DYNAMIC_FILTER (id=38)   │                                                        
                                                                                    │   type: INNER            │                            │ GPU_SCAN (id=27)         ││                          ││ GPU_SCAN (id=37)         │                                                        
                                                                                    │ Input(#17): PARTIAL      │                            │                          ││                          ││                          │                                                        
                                                                                    │ Input(#20): PARTIAL      │                            │                          ││                          ││                          │                                                        
                                                                                    └────────────┬─────────────┘                            └──────────────────────────┘└──────────────────────────┘└──────────────────────────┘                                                        
                                                                                                 ┌───────────────────────────┐                                                                                                                                                          
                                                                                                 │                           │                                                                                                                                                          
                                                                                    ┌──────────────────────────┐┌──────────────────────────┐                                                                                                                                            
                                                                                    │ Pipeline #17             ││ Pipeline #20             │                                                                                                                                            
                                                                                    │ CONCAT (id=19)           ││ CONCAT (id=23)           │                                                                                                                                            
                                                                                    │ Input(#16): PARTIAL      ││ Input(#19): PARTIAL      │                                                                                                                                            
                                                                                    └────────────┬─────────────┘└────────────┬─────────────┘                                                                                                                                            
                                                                                                 │                           │                                                                                                                                                          
                                                                                    ┌──────────────────────────┐┌──────────────────────────┐                                                                                                                                            
                                                                                    │ Pipeline #16             ││ Pipeline #19             │                                                                                                                                            
                                                                                    │ PARTITION (id=18)        ││ PARTITION (id=22)        │                                                                                                                                            
                                                                                    │ Input(#15): FULL         ││ Input(#18): PARTIAL      │                                                                                                                                            
                                                                                    └────────────┬─────────────┘└────────────┬─────────────┘                                                                                                                                            
                                                                                                 │                           │                                                                                                                                                          
                                                                                    ┌──────────────────────────┐┌──────────────────────────┐                                                                                                                                            
                                                                                    │ Pipeline #15             ││ Pipeline #18             │                                                                                                                                            
                                                                                    │ GPU_SCAN (id=17)         ││ DYNAMIC_FILTER (id=21)   │                                                                                                                                            
                                                                                    │                          ││ GPU_SCAN (id=20)         │                                                                                                                                            
                                                                                    └──────────────────────────┘└──────────────────────────┘                                                                                                                                            

[2026-07-31 08:17:12.621] [info] [sirius_engine.cpp:148] query 12 telemetry_query=019fb73fb1ac7fb3a80633ab49349f35
[2026-07-31 08:17:12.621] [info] [sirius_scan_manager.cpp:1494] [sirius_scan_manager] assigned pinned entry 'region' to operator '0'
[2026-07-31 08:17:12.621] [info] [sirius_scan_manager.cpp:1494] [sirius_scan_manager] assigned pinned entry 'nation' to operator '3'
[2026-07-31 08:17:12.621] [info] [sirius_scan_manager.cpp:1494] [sirius_scan_manager] assigned pinned entry 'supplier' to operator '10'
[2026-07-31 08:17:12.621] [info] [sirius_scan_manager.cpp:1494] [sirius_scan_manager] assigned pinned entry 'region' to operator '17'
[2026-07-31 08:17:12.621] [info] [sirius_scan_manager.cpp:1494] [sirius_scan_manager] assigned pinned entry 'nation' to operator '20'
[2026-07-31 08:17:12.621] [info] [sirius_scan_manager.cpp:1494] [sirius_scan_manager] assigned pinned entry 'supplier' to operator '27'
[2026-07-31 08:17:12.621] [info] [sirius_scan_manager.cpp:1494] [sirius_scan_manager] assigned pinned entry 'part' to operator '34'
[2026-07-31 08:17:12.621] [info] [sirius_scan_manager.cpp:1494] [sirius_scan_manager] assigned pinned entry 'partsupp' to operator '37'
[2026-07-31 08:17:12.621] [info] [sirius_scan_manager.cpp:1494] [sirius_scan_manager] assigned pinned entry 'partsupp' to operator '51'
[2026-07-31 08:17:12.623] [info] [memory_prefetcher.cpp:52] [memory_prefetcher] started: 3 threads, 9 connectors, min_free_fraction=0.40
[2026-07-31 08:17:12.624] [info] [dynamic_filter_publisher.cpp:338] [sirius_physical_hash_join] Pushed 1 dynamic filter(s) across 1 active target(s) of 1 wired target(s) (1 build rows, 1 keys).
[2026-07-31 08:17:12.626] [warning] [sirius_physical_partition.cpp:304] slot_for_device: device_id 0 not found in active GPU list, falling back to slot 0
[2026-07-31 08:17:12.627] [info] [dynamic_filter_publisher.cpp:338] [sirius_physical_hash_join] Pushed 1 dynamic filter(s) across 1 active target(s) of 1 wired target(s) (5 build rows, 1 keys).
[2026-07-31 08:17:12.628] [warning] [sirius_physical_partition.cpp:304] slot_for_device: device_id 0 not found in active GPU list, falling back to slot 0
[2026-07-31 08:17:12.629] [info] [dynamic_filter_publisher.cpp:338] [sirius_physical_hash_join] Pushed 1 dynamic filter(s) across 1 active target(s) of 1 wired target(s) (1999643 build rows, 1 keys).
[2026-07-31 08:17:12.629] [info] [dynamic_filter_publisher.cpp:338] [sirius_physical_hash_join] Pushed 1 dynamic filter(s) across 1 active target(s) of 1 wired target(s) (1 build rows, 1 keys).
[2026-07-31 08:17:12.630] [warning] [sirius_physical_partition.cpp:304] slot_for_device: device_id 0 not found in active GPU list, falling back to slot 0
[2026-07-31 08:17:12.631] [info] [dynamic_filter_publisher.cpp:338] [sirius_physical_hash_join] Pushed 1 dynamic filter(s) across 1 active target(s) of 1 wired target(s) (5 build rows, 1 keys).
[2026-07-31 08:17:12.639] [warning] [sirius_physical_partition.cpp:304] slot_for_device: device_id 0 not found in active GPU list, falling back to slot 0
[2026-07-31 08:17:12.642] [info] [dynamic_filter_publisher.cpp:338] [sirius_physical_hash_join] Pushed 1 dynamic filter(s) across 1 active target(s) of 1 wired target(s) (1999643 build rows, 1 keys).
[2026-07-31 08:17:12.673] [info] [dynamic_filter_publisher.cpp:338] [sirius_physical_hash_join] Pushed 1 dynamic filter(s) across 1 active target(s) of 1 wired target(s) (799927 build rows, 1 keys).
[2026-07-31 08:17:12.702] [warning] [sirius_physical_partition.cpp:304] slot_for_device: device_id 0 not found in active GPU list, falling back to slot 0
[2026-07-31 08:17:12.702] [warning] [sirius_physical_partition.cpp:304] slot_for_device: device_id 0 not found in active GPU list, falling back to slot 0
[2026-07-31 08:17:12.706] [warning] [sirius_physical_partition.cpp:304] slot_for_device: device_id 0 not found in active GPU list, falling back to slot 0
[2026-07-31 08:17:12.709] [warning] [gpu_pipeline_task.cpp:63] gpu_pipeline_task: operator 'LEFT_DELIM_JOIN' (id=45) output batch 0 column count mismatch: got 9, expected 10
[2026-07-31 08:17:12.724] [warning] [sirius_physical_partition.cpp:304] slot_for_device: device_id 0 not found in active GPU list, falling back to slot 0
[2026-07-31 08:17:12.735] [warning] [sirius_physical_partition.cpp:304] slot_for_device: device_id 0 not found in active GPU list, falling back to slot 0
[2026-07-31 08:17:12.735] [warning] [sirius_physical_partition.cpp:304] slot_for_device: device_id 0 not found in active GPU list, falling back to slot 0
[2026-07-31 08:17:12.756] [warning] [sirius_physical_partition.cpp:304] slot_for_device: device_id 0 not found in active GPU list, falling back to slot 0
[2026-07-31 08:17:12.757] [warning] [sirius_physical_partition.cpp:304] slot_for_device: device_id 0 not found in active GPU list, falling back to slot 0
[2026-07-31 08:17:12.783] [info] [gpu_pipeline_executor.cpp:129] GPU Pipeline Executor: task queue interrupted, stopping manager loop
[2026-07-31 08:17:12.783] [info] [sirius_context.cpp:300] QueryEnd
[2026-07-31 08:17:12.786] [info] [memory_prefetcher.cpp:65] [memory_prefetcher] stopping: prefetched 15 batches / 38036110223 bytes (stops: headroom=0 reservation=0, skips: lock=0 draining=170)
[2026-07-31 08:17:12.786] [info] [sirius_context.cpp:152] [host_pool] HOST:0 QueryEnd instance=0xc36148a50620 connection=1 window=12 query=19 allocated=42681237504 bytes peak=301385908224 bytes free_blocks=3860
[2026-07-31 08:17:12.786] [info] [sirius_context.cpp:167] [gpu_pool] GPU:0 QueryEnd instance=0xc36148a50620 connection=1 window=12 query=19 allocated=0 bytes peak=158976940357 bytes reserved=0 bytes
[2026-07-31 08:17:12.786] [info] [sirius_context.cpp:416] [window] end instance=0xc36148a50620 connection=1 window=12 query=19 outcome=ok
[2026-07-31 08:17:12.786] [info] [physical_sirius_execution.cpp:329] Transparent GPU execution: query completed
[2026-07-31 08:17:12.788] [info] [sirius_context.cpp:225] QueryBegin: instance=0xc36148a50620 connection=1 query=20 SQL: CALL unpin_table('part')
[2026-07-31 08:17:12.789] [info] [sirius_context.cpp:225] QueryBegin: instance=0xc36148a50620 connection=1 query=21 SQL: CALL unpin_table('supplier')
[2026-07-31 08:17:12.789] [info] [sirius_context.cpp:225] QueryBegin: instance=0xc36148a50620 connection=1 query=22 SQL: CALL unpin_table('partsupp')
[2026-07-31 08:17:12.790] [info] [sirius_context.cpp:225] QueryBegin: instance=0xc36148a50620 connection=1 query=23 SQL: CALL unpin_table('nation')
[2026-07-31 08:17:12.790] [info] [sirius_context.cpp:225] QueryBegin: instance=0xc36148a50620 connection=1 query=24 SQL: CALL unpin_table('region')
[2026-07-31 08:17:12.791] [info] [sirius_context.cpp:225] QueryBegin: instance=0xc36148a50620 connection=1 query=25 SQL: CALL pin_table('/home/nvidia/tpch_parquet_sf1000/customer/*.parquet', tier='host', name='customer', cols=['c_mktsegment','c_custkey'])
[2026-07-31 08:17:12.791] [info] [sirius_context.cpp:416] [window] begin instance=0xc36148a50620 connection=1 window=13 query=25 outcome=-
[2026-07-31 08:17:12.791] [info] [sirius_context.cpp:152] [host_pool] HOST:0 QueryBegin instance=0xc36148a50620 connection=1 window=13 query=25 allocated=17515413504 bytes peak=301385908224 bytes free_blocks=4235
[2026-07-31 08:17:12.791] [info] [sirius_context.cpp:167] [gpu_pool] GPU:0 QueryBegin instance=0xc36148a50620 connection=1 window=13 query=25 allocated=0 bytes peak=158976940357 bytes reserved=0 bytes
[2026-07-31 08:17:12.791] [info] [sirius_context.cpp:285] QueryBegin: pin_table
[2026-07-31 08:17:12.822] [info] [sirius_context.cpp:300] QueryEnd
[2026-07-31 08:17:12.826] [info] [sirius_context.cpp:152] [host_pool] HOST:0 QueryEnd instance=0xc36148a50620 connection=1 window=13 query=25 allocated=20132659200 bytes peak=301385908224 bytes free_blocks=4196
[2026-07-31 08:17:12.826] [info] [sirius_context.cpp:167] [gpu_pool] GPU:0 QueryEnd instance=0xc36148a50620 connection=1 window=13 query=25 allocated=0 bytes peak=158976940357 bytes reserved=0 bytes
[2026-07-31 08:17:12.826] [info] [sirius_context.cpp:416] [window] end instance=0xc36148a50620 connection=1 window=13 query=25 outcome=ok
[2026-07-31 08:17:12.827] [info] [sirius_context.cpp:225] QueryBegin: instance=0xc36148a50620 connection=1 query=26 SQL: CALL pin_table('/home/nvidia/tpch_parquet_sf1000/orders/*.parquet', tier='host', name='orders', cols=['o_custkey','o_orderkey','o_orderdate','o_shippriority'])
[2026-07-31 08:17:12.827] [info] [sirius_context.cpp:416] [window] begin instance=0xc36148a50620 connection=1 window=14 query=26 outcome=-
[2026-07-31 08:17:12.827] [info] [sirius_context.cpp:152] [host_pool] HOST:0 QueryBegin instance=0xc36148a50620 connection=1 window=14 query=26 allocated=20132659200 bytes peak=301385908224 bytes free_blocks=4196
[2026-07-31 08:17:12.827] [info] [sirius_context.cpp:167] [gpu_pool] GPU:0 QueryBegin instance=0xc36148a50620 connection=1 window=14 query=26 allocated=0 bytes peak=158976940357 bytes reserved=0 bytes
[2026-07-31 08:17:12.827] [info] [sirius_context.cpp:285] QueryBegin: pin_table
[2026-07-31 08:17:13.549] [info] [sirius_context.cpp:300] QueryEnd
[2026-07-31 08:17:13.561] [info] [sirius_context.cpp:152] [host_pool] HOST:0 QueryEnd instance=0xc36148a50620 connection=1 window=14 query=26 allocated=51204063232 bytes peak=301385908224 bytes free_blocks=3733
[2026-07-31 08:17:13.561] [info] [sirius_context.cpp:167] [gpu_pool] GPU:0 QueryEnd instance=0xc36148a50620 connection=1 window=14 query=26 allocated=0 bytes peak=158976940357 bytes reserved=0 bytes
[2026-07-31 08:17:13.561] [info] [sirius_context.cpp:416] [window] end instance=0xc36148a50620 connection=1 window=14 query=26 outcome=ok
[2026-07-31 08:17:13.561] [info] [sirius_context.cpp:225] QueryBegin: instance=0xc36148a50620 connection=1 query=27 SQL: CALL pin_table('/home/nvidia/tpch_parquet_sf1000/lineitem/*.parquet', tier='host', name='lineitem', cols=['l_orderkey','l_extendedprice','l_discount','l_shipdate'])
[2026-07-31 08:17:13.562] [info] [sirius_context.cpp:416] [window] begin instance=0xc36148a50620 connection=1 window=15 query=27 outcome=-
[2026-07-31 08:17:13.562] [info] [sirius_context.cpp:152] [host_pool] HOST:0 QueryBegin instance=0xc36148a50620 connection=1 window=15 query=27 allocated=51204063232 bytes peak=301385908224 bytes free_blocks=3733
[2026-07-31 08:17:13.562] [info] [sirius_context.cpp:167] [gpu_pool] GPU:0 QueryBegin instance=0xc36148a50620 connection=1 window=15 query=27 allocated=0 bytes peak=158976940357 bytes reserved=0 bytes
[2026-07-31 08:17:13.562] [info] [sirius_context.cpp:285] QueryBegin: pin_table
[2026-07-31 08:17:16.489] [info] [sirius_context.cpp:300] QueryEnd
[2026-07-31 08:17:16.499] [info] [sirius_context.cpp:152] [host_pool] HOST:0 QueryEnd instance=0xc36148a50620 connection=1 window=15 query=27 allocated=224277823488 bytes peak=301385908224 bytes free_blocks=1154
[2026-07-31 08:17:16.499] [info] [sirius_context.cpp:167] [gpu_pool] GPU:0 QueryEnd instance=0xc36148a50620 connection=1 window=15 query=27 allocated=0 bytes peak=158976940357 bytes reserved=0 bytes
[2026-07-31 08:17:16.499] [info] [sirius_context.cpp:416] [window] end instance=0xc36148a50620 connection=1 window=15 query=27 outcome=ok
[2026-07-31 08:17:16.499] [info] [sirius_context.cpp:225] QueryBegin: instance=0xc36148a50620 connection=1 query=28 SQL: SET gpu_execution = true;
