[2026-07-31 08:17:54.133] [info] [sirius_context.cpp:225] QueryBegin: instance=0xc36148a50620 connection=1 query=116 SQL: select nation, o_year, sum(amount) as sum_profit from ( select n.n_name as nation, extract(year from o.o_orderdate) as o_year, l.l_extendedprice * (1 - l.l_discount) - ps.ps_supplycost * l.l_quantity as amount from part p, supplier s, lineitem l, partsupp ps, orders o, nation n where s.s_suppkey = l.l_suppkey and ps.ps_suppkey = l.l_suppkey and ps.ps_partkey = l.l_partkey and p.p_partkey = l.l_partkey and o.o_orderkey = l.l_orderkey and s.s_nationkey = n.n_nationkey and p.p_name like '%yellow%' ) as profit group by nation, o_year order by nation, o_year desc
[2026-07-31 08:17:54.150] [info] [sirius_plan_get.cpp:498] [sirius_plan_get] LogicalGet has dynamic_filters attached (channel key=0xc361557ecb10).
[2026-07-31 08:17:54.150] [info] [sirius_plan_comparison_join.cpp:608] [sirius_plan_comparison_join] Wired hash join with 1 dynamic-filter probe target(s) (build est 199999968 rows).
[2026-07-31 08:17:54.150] [info] [sirius_plan_comparison_join.cpp:547] [sirius_plan_comparison_join] Not wiring dynamic filter(s): build side is unfiltered (build est 1499999460 rows).
[2026-07-31 08:17:54.150] [info] [sirius_plan_get.cpp:498] [sirius_plan_get] LogicalGet has dynamic_filters attached (channel key=0xc36155b22e30).
[2026-07-31 08:17:54.150] [info] [sirius_plan_get.cpp:498] [sirius_plan_get] LogicalGet has dynamic_filters attached (channel key=0xc361545e5ec0).
[2026-07-31 08:17:54.150] [info] [sirius_plan_comparison_join.cpp:547] [sirius_plan_comparison_join] Not wiring dynamic filter(s): build side is unfiltered (build est 25 rows).
[2026-07-31 08:17:54.150] [info] [sirius_plan_comparison_join.cpp:547] [sirius_plan_comparison_join] Not wiring dynamic filter(s): build side is unfiltered (build est 10000000 rows).
[2026-07-31 08:17:54.151] [info] [sirius_context.cpp:1244] Transparent execution: Sirius physical plan generated successfully
[2026-07-31 08:17:54.151] [info] [sirius_context.cpp:1272] Transparent execution: physical plan replaced with GPU operator
[2026-07-31 08:17:54.151] [info] [physical_sirius_execution.cpp:155] Transparent GPU execution: executing query
[2026-07-31 08:17:54.151] [info] [sirius_context.cpp:416] [window] begin instance=0xc36148a50620 connection=1 window=61 query=116 outcome=-
[2026-07-31 08:17:54.151] [info] [sirius_context.cpp:152] [host_pool] HOST:0 QueryBegin instance=0xc36148a50620 connection=1 window=61 query=116 allocated=305412440064 bytes peak=305412440064 bytes free_blocks=1
[2026-07-31 08:17:54.151] [info] [sirius_context.cpp:167] [gpu_pool] GPU:0 QueryBegin instance=0xc36148a50620 connection=1 window=61 query=116 allocated=0 bytes peak=203848467648 bytes reserved=0 bytes
[2026-07-31 08:17:54.151] [info] [sirius_context.cpp:285] QueryBegin: transparent_execution
[2026-07-31 08:17:54.155] [info] [sirius_plan_get.cpp:498] [sirius_plan_get] LogicalGet has dynamic_filters attached (channel key=0xc361557ecb10).
[2026-07-31 08:17:54.155] [info] [sirius_plan_comparison_join.cpp:608] [sirius_plan_comparison_join] Wired hash join with 1 dynamic-filter probe target(s) (build est 199999968 rows).
[2026-07-31 08:17:54.155] [info] [sirius_plan_comparison_join.cpp:547] [sirius_plan_comparison_join] Not wiring dynamic filter(s): build side is unfiltered (build est 1499999460 rows).
[2026-07-31 08:17:54.155] [info] [sirius_plan_get.cpp:498] [sirius_plan_get] LogicalGet has dynamic_filters attached (channel key=0xc36155b22e30).
[2026-07-31 08:17:54.155] [info] [sirius_plan_get.cpp:498] [sirius_plan_get] LogicalGet has dynamic_filters attached (channel key=0xc361545e5ec0).
[2026-07-31 08:17:54.155] [info] [sirius_plan_comparison_join.cpp:547] [sirius_plan_comparison_join] Not wiring dynamic filter(s): build side is unfiltered (build est 25 rows).
[2026-07-31 08:17:54.155] [info] [sirius_plan_comparison_join.cpp:547] [sirius_plan_comparison_join] Not wiring dynamic filter(s): build side is unfiltered (build est 10000000 rows).
[2026-07-31 08:17:54.156] [info] [sirius_engine.cpp:265] Query Plan:
=== Pipeline Overview ===
Pipeline #0: GPU_SCAN (id=0)
  Output: -> PARTITION [port: default, barrier: FULL]
Pipeline #1: PARTITION (id=1)
  Input: <- Pipeline #0 [on: PARTITION (id=1), port: default, barrier: FULL]
  Dependencies: Pipeline #0
  Output: -> CONCAT [port: default, barrier: PARTIAL]
Pipeline #2: CONCAT (id=2)
  Input: <- Pipeline #1 [on: CONCAT (id=2), port: default, barrier: PARTIAL]
  Dependencies: Pipeline #1
  Output: -> HASH_JOIN [port: build, barrier: PARTIAL]
Pipeline #3: GPU_SCAN (id=3)
  Output: -> PARTITION [port: default, barrier: PARTIAL]
Pipeline #4: PARTITION (id=4)
  Input: <- Pipeline #3 [on: PARTITION (id=4), port: default, barrier: PARTIAL]
  Dependencies: Pipeline #3
  Output: -> CONCAT [port: default, barrier: PARTIAL]
Pipeline #5: CONCAT (id=5)
  Input: <- Pipeline #4 [on: CONCAT (id=5), port: default, barrier: PARTIAL]
  Dependencies: Pipeline #4
  Output: -> HASH_JOIN [port: default, barrier: PARTIAL]
Pipeline #6: HASH_JOIN (id=6)
  Input: <- Pipeline #2 [on: HASH_JOIN (id=6), port: build, barrier: PARTIAL]
  Input: <- Pipeline #5 [on: HASH_JOIN (id=6), port: default, barrier: PARTIAL]
  Dependencies: Pipeline #2, Pipeline #5
  Output: -> PARTITION [port: default, barrier: FULL]
Pipeline #7: PARTITION (id=7)
  Input: <- Pipeline #6 [on: PARTITION (id=7), port: default, barrier: FULL]
  Dependencies: Pipeline #6
  Output: -> CONCAT [port: default, barrier: PARTIAL]
Pipeline #8: CONCAT (id=8)
  Input: <- Pipeline #7 [on: CONCAT (id=8), port: default, barrier: PARTIAL]
  Dependencies: Pipeline #7
  Output: -> HASH_JOIN [port: build, barrier: PARTIAL]
Pipeline #9: GPU_SCAN (id=9)
  Output: -> PARTITION [port: default, barrier: PARTIAL]
Pipeline #10: PARTITION (id=10)
  Input: <- Pipeline #9 [on: PARTITION (id=10), port: default, barrier: PARTIAL]
  Dependencies: Pipeline #9
  Output: -> CONCAT [port: default, barrier: PARTIAL]
Pipeline #11: CONCAT (id=11)
  Input: <- Pipeline #10 [on: CONCAT (id=11), port: default, barrier: PARTIAL]
  Dependencies: Pipeline #10
  Output: -> HASH_JOIN [port: default, barrier: PARTIAL]
Pipeline #12: HASH_JOIN (id=12)
  Input: <- Pipeline #8 [on: HASH_JOIN (id=12), port: build, barrier: PARTIAL]
  Input: <- Pipeline #11 [on: HASH_JOIN (id=12), port: default, barrier: PARTIAL]
  Dependencies: Pipeline #8, Pipeline #11
  Output: -> PARTITION [port: default, barrier: FULL]
Pipeline #13: PARTITION (id=13)
  Input: <- Pipeline #12 [on: PARTITION (id=13), port: default, barrier: FULL]
  Dependencies: Pipeline #12
  Output: -> CONCAT [port: default, barrier: PARTIAL]
Pipeline #14: CONCAT (id=14)
  Input: <- Pipeline #13 [on: CONCAT (id=14), port: default, barrier: PARTIAL]
  Dependencies: Pipeline #13
  Output: -> HASH_JOIN [port: build, barrier: PARTIAL]
Pipeline #15: GPU_SCAN (id=15)
  Output: -> PARTITION [port: default, barrier: FULL]
Pipeline #16: PARTITION (id=16)
  Input: <- Pipeline #15 [on: PARTITION (id=16), port: default, barrier: FULL]
  Dependencies: Pipeline #15
  Output: -> CONCAT [port: default, barrier: PARTIAL]
Pipeline #17: CONCAT (id=17)
  Input: <- Pipeline #16 [on: CONCAT (id=17), port: default, barrier: PARTIAL]
  Dependencies: Pipeline #16
  Output: -> HASH_JOIN [port: build, barrier: PARTIAL]
Pipeline #18: GPU_SCAN (id=18)
  Output: -> PARTITION [port: default, barrier: FULL]
Pipeline #19: PARTITION (id=19)
  Input: <- Pipeline #18 [on: PARTITION (id=19), port: default, barrier: FULL]
  Dependencies: Pipeline #18
  Output: -> CONCAT [port: default, barrier: PARTIAL]
Pipeline #20: CONCAT (id=20)
  Input: <- Pipeline #19 [on: CONCAT (id=20), port: default, barrier: PARTIAL]
  Dependencies: Pipeline #19
  Output: -> HASH_JOIN [port: build, barrier: PARTIAL]
Pipeline #21: GPU_SCAN (id=21) -> DYNAMIC_FILTER (id=22)
  Output: -> PARTITION [port: default, barrier: PARTIAL]
Pipeline #22: PARTITION (id=23)
  Input: <- Pipeline #21 [on: PARTITION (id=23), port: default, barrier: PARTIAL]
  Dependencies: Pipeline #21
  Output: -> CONCAT [port: default, barrier: PARTIAL]
Pipeline #23: CONCAT (id=24)
  Input: <- Pipeline #22 [on: CONCAT (id=24), port: default, barrier: PARTIAL]
  Dependencies: Pipeline #22
  Output: -> HASH_JOIN [port: default, barrier: PARTIAL]
Pipeline #24: HASH_JOIN (id=25)
  Input: <- Pipeline #20 [on: HASH_JOIN (id=25), port: build, barrier: PARTIAL]
  Input: <- Pipeline #23 [on: HASH_JOIN (id=25), port: default, barrier: PARTIAL]
  Dependencies: Pipeline #20, Pipeline #23
  Output: -> PARTITION [port: default, barrier: PARTIAL]
Pipeline #25: PARTITION (id=26)
  Input: <- Pipeline #24 [on: PARTITION (id=26), port: default, barrier: PARTIAL]
  Dependencies: Pipeline #24
  Output: -> CONCAT [port: default, barrier: PARTIAL]
Pipeline #26: CONCAT (id=27)
  Input: <- Pipeline #25 [on: CONCAT (id=27), port: default, barrier: PARTIAL]
  Dependencies: Pipeline #25
  Output: -> HASH_JOIN [port: default, barrier: PARTIAL]
Pipeline #27: HASH_JOIN (id=28)
  Input: <- Pipeline #17 [on: HASH_JOIN (id=28), port: build, barrier: PARTIAL]
  Input: <- Pipeline #26 [on: HASH_JOIN (id=28), port: default, barrier: PARTIAL]
  Dependencies: Pipeline #17, Pipeline #26
  Output: -> PARTITION [port: default, barrier: PARTIAL]
Pipeline #28: PARTITION (id=29)
  Input: <- Pipeline #27 [on: PARTITION (id=29), port: default, barrier: PARTIAL]
  Dependencies: Pipeline #27
  Output: -> CONCAT [port: default, barrier: PARTIAL]
Pipeline #29: CONCAT (id=30)
  Input: <- Pipeline #28 [on: CONCAT (id=30), port: default, barrier: PARTIAL]
  Dependencies: Pipeline #28
  Output: -> HASH_JOIN [port: default, barrier: PARTIAL]
Pipeline #30: HASH_JOIN (id=31) -> PROJECTION (id=32) -> HASH_GROUP_BY (id=33)
  Input: <- Pipeline #14 [on: HASH_JOIN (id=31), port: build, barrier: PARTIAL]
  Input: <- Pipeline #29 [on: HASH_JOIN (id=31), port: default, barrier: PARTIAL]
  Dependencies: Pipeline #14, Pipeline #29
  Output: -> PARTITION [port: default, barrier: FULL]
Pipeline #31: PARTITION (id=34)
  Input: <- Pipeline #30 [on: PARTITION (id=34), port: default, barrier: FULL]
  Dependencies: Pipeline #30
  Output: -> MERGE_GROUP_BY [port: default, barrier: FULL]
Pipeline #32: MERGE_GROUP_BY (id=35) -> ORDER_BY (id=36)
  Input: <- Pipeline #31 [on: MERGE_GROUP_BY (id=35), port: default, barrier: FULL]
  Dependencies: Pipeline #31
  Output: -> SORT_SAMPLE [port: default, barrier: PIPELINE]
Pipeline #33: SORT_SAMPLE (id=37) -> SORT_PARTITION (id=38)
  Input: <- Pipeline #32 [on: SORT_SAMPLE (id=37), port: default, barrier: PIPELINE]
  Dependencies: Pipeline #32
  Output: -> MERGE_SORT [port: default, barrier: FULL]
Pipeline #34: MERGE_SORT (id=39)
  Input: <- Pipeline #33 [on: MERGE_SORT (id=39), port: default, barrier: FULL]
  Dependencies: Pipeline #33
  Output: -> RESULT_COLLECTOR [port: default, barrier: FULL]
Pipeline #35: RESULT_COLLECTOR (id=40)
  Input: <- Pipeline #34 [on: RESULT_COLLECTOR (id=40), port: default, barrier: FULL]
  Dependencies: Pipeline #34

=== Query Plan DAG ===
┌──────────────────────────┐                                                                                                                                            
│ Pipeline #35             │                                                                                                                                            
│ RESULT_COLLECTOR (id=40) │                                                                                                                                            
│ Input(#34): FULL         │                                                                                                                                            
└────────────┬─────────────┘                                                                                                                                            
             │                                                                                                                                                          
┌──────────────────────────┐                                                                                                                                            
│ Pipeline #34             │                                                                                                                                            
│ MERGE_SORT (id=39)       │                                                                                                                                            
│ Input(#33): FULL         │                                                                                                                                            
└────────────┬─────────────┘                                                                                                                                            
             │                                                                                                                                                          
┌──────────────────────────┐                                                                                                                                            
│ Pipeline #33             │                                                                                                                                            
│ SORT_PARTITION (id=38)   │                                                                                                                                            
│ SORT_SAMPLE (id=37)      │                                                                                                                                            
│ Input(#32): PIPELINE     │                                                                                                                                            
└────────────┬─────────────┘                                                                                                                                            
             │                                                                                                                                                          
┌──────────────────────────┐                                                                                                                                            
│ Pipeline #32             │                                                                                                                                            
│ ORDER_BY (id=36)         │                                                                                                                                            
│ MERGE_GROUP_BY (id=35)   │                                                                                                                                            
│ Input(#31): FULL         │                                                                                                                                            
└────────────┬─────────────┘                                                                                                                                            
             │                                                                                                                                                          
┌──────────────────────────┐                                                                                                                                            
│ Pipeline #31             │                                                                                                                                            
│ PARTITION (id=34)        │                                                                                                                                            
│ Input(#30): FULL         │                                                                                                                                            
└────────────┬─────────────┘                                                                                                                                            
             │                                                                                                                                                          
┌──────────────────────────┐                                                                                                                                            
│ Pipeline #30             │                                                                                                                                            
│ HASH_GROUP_BY (id=33)    │                                                                                                                                            
│ PROJECTION (id=32)       │                                                                                                                                            
│ HASH_JOIN (id=31)        │                                                                                                                                            
│   type: INNER            │                                                                                                                                            
│ Input(#14): PARTIAL      │                                                                                                                                            
│ Input(#29): PARTIAL      │                                                                                                                                            
└────────────┬─────────────┘                                                                                                                                            
             ┌───────────────────────────────────────────────────────────────────────────────────┐                                                                      
             │                                                                                   │                                                                      
┌──────────────────────────┐                                                        ┌──────────────────────────┐                                                        
│ Pipeline #14             │                                                        │ Pipeline #29             │                                                        
│ CONCAT (id=14)           │                                                        │ CONCAT (id=30)           │                                                        
│ Input(#13): PARTIAL      │                                                        │ Input(#28): PARTIAL      │                                                        
└────────────┬─────────────┘                                                        └────────────┬─────────────┘                                                        
             │                                                                                   │                                                                      
┌──────────────────────────┐                                                        ┌──────────────────────────┐                                                        
│ Pipeline #13             │                                                        │ Pipeline #28             │                                                        
│ PARTITION (id=13)        │                                                        │ PARTITION (id=29)        │                                                        
│ Input(#12): FULL         │                                                        │ Input(#27): PARTIAL      │                                                        
└────────────┬─────────────┘                                                        └────────────┬─────────────┘                                                        
             │                                                                                   │                                                                      
┌──────────────────────────┐                                                        ┌──────────────────────────┐                                                        
│ Pipeline #12             │                                                        │ Pipeline #27             │                                                        
│ HASH_JOIN (id=12)        │                                                        │ HASH_JOIN (id=28)        │                                                        
│   type: INNER            │                                                        │   type: INNER            │                                                        
│ Input(#8): PARTIAL       │                                                        │ Input(#17): PARTIAL      │                                                        
│ Input(#11): PARTIAL      │                                                        │ Input(#26): PARTIAL      │                                                        
└────────────┬─────────────┘                                                        └────────────┬─────────────┘                                                        
             ┌───────────────────────────────────────────────────────┐                           ┌───────────────────────────┐                                          
             │                                                       │                           │                           │                                          
┌──────────────────────────┐                            ┌──────────────────────────┐┌──────────────────────────┐┌──────────────────────────┐                            
│ Pipeline #8              │                            │ Pipeline #11             ││ Pipeline #17             ││ Pipeline #26             │                            
│ CONCAT (id=8)            │                            │ CONCAT (id=11)           ││ CONCAT (id=17)           ││ CONCAT (id=27)           │                            
│ Input(#7): PARTIAL       │                            │ Input(#10): PARTIAL      ││ Input(#16): PARTIAL      ││ Input(#25): PARTIAL      │                            
└────────────┬─────────────┘                            └────────────┬─────────────┘└────────────┬─────────────┘└────────────┬─────────────┘                            
             │                                                       │                           │                           │                                          
┌──────────────────────────┐                            ┌──────────────────────────┐┌──────────────────────────┐┌──────────────────────────┐                            
│ Pipeline #7              │                            │ Pipeline #10             ││ Pipeline #16             ││ Pipeline #25             │                            
│ PARTITION (id=7)         │                            │ PARTITION (id=10)        ││ PARTITION (id=16)        ││ PARTITION (id=26)        │                            
│ Input(#6): FULL          │                            │ Input(#9): PARTIAL       ││ Input(#15): FULL         ││ Input(#24): PARTIAL      │                            
└────────────┬─────────────┘                            └────────────┬─────────────┘└────────────┬─────────────┘└────────────┬─────────────┘                            
             │                                                       │                           │                           │                                          
┌──────────────────────────┐                            ┌──────────────────────────┐┌──────────────────────────┐┌──────────────────────────┐                            
│ Pipeline #6              │                            │ Pipeline #9              ││ Pipeline #15             ││ Pipeline #24             │                            
│ HASH_JOIN (id=6)         │                            │ GPU_SCAN (id=9)          ││ GPU_SCAN (id=15)         ││ HASH_JOIN (id=25)        │                            
│   type: INNER            │                            │                          ││                          ││   type: INNER            │                            
│ Input(#2): PARTIAL       │                            │                          ││                          ││ Input(#20): PARTIAL      │                            
│ Input(#5): PARTIAL       │                            │                          ││                          ││ Input(#23): PARTIAL      │                            
└────────────┬─────────────┘                            └──────────────────────────┘└──────────────────────────┘└────────────┬─────────────┘                            
             ┌───────────────────────────┐                                                                                   ┌───────────────────────────┐              
             │                           │                                                                                   │                           │              
┌──────────────────────────┐┌──────────────────────────┐                                                        ┌──────────────────────────┐┌──────────────────────────┐
│ Pipeline #2              ││ Pipeline #5              │                                                        │ Pipeline #20             ││ Pipeline #23             │
│ CONCAT (id=2)            ││ CONCAT (id=5)            │                                                        │ CONCAT (id=20)           ││ CONCAT (id=24)           │
│ Input(#1): PARTIAL       ││ Input(#4): PARTIAL       │                                                        │ Input(#19): PARTIAL      ││ Input(#22): PARTIAL      │
└────────────┬─────────────┘└────────────┬─────────────┘                                                        └────────────┬─────────────┘└────────────┬─────────────┘
             │                           │                                                                                   │                           │              
┌──────────────────────────┐┌──────────────────────────┐                                                        ┌──────────────────────────┐┌──────────────────────────┐
│ Pipeline #1              ││ Pipeline #4              │                                                        │ Pipeline #19             ││ Pipeline #22             │
│ PARTITION (id=1)         ││ PARTITION (id=4)         │                                                        │ PARTITION (id=19)        ││ PARTITION (id=23)        │
│ Input(#0): FULL          ││ Input(#3): PARTIAL       │                                                        │ Input(#18): FULL         ││ Input(#21): PARTIAL      │
└────────────┬─────────────┘└────────────┬─────────────┘                                                        └────────────┬─────────────┘└────────────┬─────────────┘
             │                           │                                                                                   │                           │              
┌──────────────────────────┐┌──────────────────────────┐                                                        ┌──────────────────────────┐┌──────────────────────────┐
│ Pipeline #0              ││ Pipeline #3              │                                                        │ Pipeline #18             ││ Pipeline #21             │
│ GPU_SCAN (id=0)          ││ GPU_SCAN (id=3)          │                                                        │ GPU_SCAN (id=18)         ││ DYNAMIC_FILTER (id=22)   │
│                          ││                          │                                                        │                          ││ GPU_SCAN (id=21)         │
└──────────────────────────┘└──────────────────────────┘                                                        └──────────────────────────┘└──────────────────────────┘

[2026-07-31 08:17:54.156] [info] [sirius_engine.cpp:148] query 61 telemetry_query=019fb74053ec70738659298324bf8549
[2026-07-31 08:17:54.156] [info] [sirius_scan_manager.cpp:1494] [sirius_scan_manager] assigned pinned entry 'nation' to operator '0'
[2026-07-31 08:17:54.156] [info] [sirius_scan_manager.cpp:1494] [sirius_scan_manager] assigned pinned entry 'supplier' to operator '3'
[2026-07-31 08:17:54.157] [info] [sirius_scan_manager.cpp:1494] [sirius_scan_manager] assigned pinned entry 'partsupp' to operator '9'
[2026-07-31 08:17:54.157] [info] [sirius_scan_manager.cpp:1494] [sirius_scan_manager] assigned pinned entry 'orders' to operator '15'
[2026-07-31 08:17:54.157] [info] [sirius_scan_manager.cpp:1494] [sirius_scan_manager] assigned pinned entry 'part' to operator '18'
[2026-07-31 08:17:54.157] [info] [sirius_scan_manager.cpp:1494] [sirius_scan_manager] assigned pinned entry 'lineitem' to operator '21'
[2026-07-31 08:17:54.157] [info] [memory_prefetcher.cpp:52] [memory_prefetcher] started: 3 threads, 6 connectors, min_free_fraction=0.40
[2026-07-31 08:17:54.158] [warning] [sirius_physical_partition.cpp:304] slot_for_device: device_id 0 not found in active GPU list, falling back to slot 0
[2026-07-31 08:17:54.203] [warning] [sirius_physical_partition.cpp:304] slot_for_device: device_id 0 not found in active GPU list, falling back to slot 0
[2026-07-31 08:17:54.203] [warning] [sirius_physical_partition.cpp:304] slot_for_device: device_id 0 not found in active GPU list, falling back to slot 0
[2026-07-31 08:17:54.203] [warning] [sirius_physical_hash_join.cpp:1013] In sirius_physical_hash_join:get_next_task_input_data_for_build_probe: no schedulable partition (build/probe already drained) in operator 12
[2026-07-31 08:17:54.255] [warning] [sirius_physical_partition.cpp:304] slot_for_device: device_id 0 not found in active GPU list, falling back to slot 0
[2026-07-31 08:17:54.689] [info] [dynamic_filter_publisher.cpp:338] [sirius_physical_hash_join] Pushed 1 dynamic filter(s) across 1 active target(s) of 1 wired target(s) (10870459 build rows, 1 keys).
[2026-07-31 08:17:55.070] [warning] [sirius_physical_partition.cpp:304] slot_for_device: device_id 0 not found in active GPU list, falling back to slot 0
[2026-07-31 08:17:55.070] [warning] [sirius_physical_partition.cpp:304] slot_for_device: device_id 0 not found in active GPU list, falling back to slot 0
[2026-07-31 08:17:55.070] [warning] [sirius_physical_partition.cpp:304] slot_for_device: device_id 0 not found in active GPU list, falling back to slot 0
[2026-07-31 08:17:55.070] [warning] [sirius_physical_partition.cpp:304] slot_for_device: device_id 0 not found in active GPU list, falling back to slot 0
[2026-07-31 08:17:55.070] [warning] [sirius_physical_partition.cpp:304] slot_for_device: device_id 0 not found in active GPU list, falling back to slot 0
[2026-07-31 08:17:55.070] [warning] [sirius_physical_partition.cpp:304] slot_for_device: device_id 0 not found in active GPU list, falling back to slot 0
[2026-07-31 08:17:55.070] [warning] [sirius_physical_partition.cpp:304] slot_for_device: device_id 0 not found in active GPU list, falling back to slot 0
[2026-07-31 08:17:55.070] [warning] [sirius_physical_partition.cpp:304] slot_for_device: device_id 0 not found in active GPU list, falling back to slot 0
[2026-07-31 08:17:55.070] [warning] [sirius_physical_partition.cpp:304] slot_for_device: device_id 0 not found in active GPU list, falling back to slot 0
[2026-07-31 08:17:55.070] [warning] [sirius_physical_partition.cpp:304] slot_for_device: device_id 0 not found in active GPU list, falling back to slot 0
[2026-07-31 08:17:55.070] [warning] [sirius_physical_partition.cpp:304] slot_for_device: device_id 0 not found in active GPU list, falling back to slot 0
[2026-07-31 08:17:55.070] [warning] [sirius_physical_partition.cpp:304] slot_for_device: device_id 0 not found in active GPU list, falling back to slot 0
[2026-07-31 08:17:55.070] [warning] [sirius_physical_partition.cpp:304] slot_for_device: device_id 0 not found in active GPU list, falling back to slot 0
[2026-07-31 08:17:55.070] [warning] [sirius_physical_partition.cpp:304] slot_for_device: device_id 0 not found in active GPU list, falling back to slot 0
[2026-07-31 08:17:55.070] [warning] [sirius_physical_partition.cpp:304] slot_for_device: device_id 0 not found in active GPU list, falling back to slot 0
[2026-07-31 08:17:55.070] [warning] [sirius_physical_partition.cpp:304] slot_for_device: device_id 0 not found in active GPU list, falling back to slot 0
[2026-07-31 08:17:55.070] [warning] [sirius_physical_partition.cpp:304] slot_for_device: device_id 0 not found in active GPU list, falling back to slot 0
[2026-07-31 08:17:55.070] [warning] [sirius_physical_partition.cpp:304] slot_for_device: device_id 0 not found in active GPU list, falling back to slot 0
[2026-07-31 08:17:55.070] [warning] [sirius_physical_partition.cpp:304] slot_for_device: device_id 0 not found in active GPU list, falling back to slot 0
[2026-07-31 08:17:55.071] [warning] [sirius_physical_partition.cpp:304] slot_for_device: device_id 0 not found in active GPU list, falling back to slot 0
[2026-07-31 08:17:55.071] [warning] [sirius_physical_partition.cpp:304] slot_for_device: device_id 0 not found in active GPU list, falling back to slot 0
[2026-07-31 08:17:55.071] [warning] [sirius_physical_partition.cpp:304] slot_for_device: device_id 0 not found in active GPU list, falling back to slot 0
[2026-07-31 08:17:55.071] [warning] [sirius_physical_partition.cpp:304] slot_for_device: device_id 0 not found in active GPU list, falling back to slot 0
[2026-07-31 08:17:55.071] [warning] [sirius_physical_partition.cpp:304] slot_for_device: device_id 0 not found in active GPU list, falling back to slot 0
[2026-07-31 08:17:55.071] [warning] [sirius_physical_partition.cpp:304] slot_for_device: device_id 0 not found in active GPU list, falling back to slot 0
[2026-07-31 08:17:55.071] [warning] [sirius_physical_partition.cpp:304] slot_for_device: device_id 0 not found in active GPU list, falling back to slot 0
[2026-07-31 08:17:55.071] [warning] [sirius_physical_partition.cpp:304] slot_for_device: device_id 0 not found in active GPU list, falling back to slot 0
[2026-07-31 08:17:55.071] [warning] [sirius_physical_partition.cpp:304] slot_for_device: device_id 0 not found in active GPU list, falling back to slot 0
[2026-07-31 08:17:55.071] [warning] [sirius_physical_partition.cpp:304] slot_for_device: device_id 0 not found in active GPU list, falling back to slot 0
[2026-07-31 08:17:55.071] [warning] [sirius_physical_partition.cpp:304] slot_for_device: device_id 0 not found in active GPU list, falling back to slot 0
[2026-07-31 08:17:55.071] [warning] [sirius_physical_partition.cpp:304] slot_for_device: device_id 0 not found in active GPU list, falling back to slot 0
[2026-07-31 08:17:55.071] [warning] [sirius_physical_partition.cpp:304] slot_for_device: device_id 0 not found in active GPU list, falling back to slot 0
[2026-07-31 08:17:55.071] [warning] [sirius_physical_partition.cpp:304] slot_for_device: device_id 0 not found in active GPU list, falling back to slot 0
[2026-07-31 08:17:55.071] [warning] [sirius_physical_partition.cpp:304] slot_for_device: device_id 0 not found in active GPU list, falling back to slot 0
[2026-07-31 08:17:55.071] [warning] [sirius_physical_partition.cpp:304] slot_for_device: device_id 0 not found in active GPU list, falling back to slot 0
[2026-07-31 08:17:55.071] [warning] [sirius_physical_partition.cpp:304] slot_for_device: device_id 0 not found in active GPU list, falling back to slot 0
[2026-07-31 08:17:55.071] [warning] [sirius_physical_partition.cpp:304] slot_for_device: device_id 0 not found in active GPU list, falling back to slot 0
[2026-07-31 08:17:55.071] [warning] [sirius_physical_partition.cpp:304] slot_for_device: device_id 0 not found in active GPU list, falling back to slot 0
[2026-07-31 08:17:55.071] [warning] [sirius_physical_partition.cpp:304] slot_for_device: device_id 0 not found in active GPU list, falling back to slot 0
[2026-07-31 08:17:55.071] [warning] [sirius_physical_partition.cpp:304] slot_for_device: device_id 0 not found in active GPU list, falling back to slot 0
[2026-07-31 08:17:55.071] [warning] [sirius_physical_partition.cpp:304] slot_for_device: device_id 0 not found in active GPU list, falling back to slot 0
[2026-07-31 08:17:55.071] [warning] [sirius_physical_partition.cpp:304] slot_for_device: device_id 0 not found in active GPU list, falling back to slot 0
[2026-07-31 08:17:55.071] [warning] [sirius_physical_partition.cpp:304] slot_for_device: device_id 0 not found in active GPU list, falling back to slot 0
[2026-07-31 08:17:55.097] [warning] [sirius_physical_partition.cpp:304] slot_for_device: device_id 0 not found in active GPU list, falling back to slot 0
[2026-07-31 08:17:55.160] [warning] [sirius_physical_partition.cpp:304] slot_for_device: device_id 0 not found in active GPU list, falling back to slot 0
[2026-07-31 08:17:55.160] [warning] [sirius_physical_partition.cpp:304] slot_for_device: device_id 0 not found in active GPU list, falling back to slot 0
[2026-07-31 08:17:55.160] [warning] [sirius_physical_partition.cpp:304] slot_for_device: device_id 0 not found in active GPU list, falling back to slot 0
[2026-07-31 08:17:55.173] [warning] [sirius_physical_partition.cpp:304] slot_for_device: device_id 0 not found in active GPU list, falling back to slot 0
[2026-07-31 08:17:55.173] [warning] [sirius_physical_partition.cpp:304] slot_for_device: device_id 0 not found in active GPU list, falling back to slot 0
[2026-07-31 08:17:55.174] [warning] [sirius_physical_partition.cpp:304] slot_for_device: device_id 0 not found in active GPU list, falling back to slot 0
[2026-07-31 08:17:55.964] [info] [gpu_pipeline_executor.cpp:129] GPU Pipeline Executor: task queue interrupted, stopping manager loop
[2026-07-31 08:17:55.964] [info] [sirius_context.cpp:300] QueryEnd
[2026-07-31 08:17:55.974] [info] [memory_prefetcher.cpp:65] [memory_prefetcher] stopping: prefetched 30 batches / 135281271256 bytes (stops: headroom=205 reservation=0, skips: lock=0 draining=106)
[2026-07-31 08:17:55.974] [info] [sirius_context.cpp:152] [host_pool] HOST:0 QueryEnd instance=0xc36148a50620 connection=1 window=61 query=116 allocated=305412440064 bytes peak=305479548928 bytes free_blocks=1
[2026-07-31 08:17:55.974] [info] [sirius_context.cpp:167] [gpu_pool] GPU:0 QueryEnd instance=0xc36148a50620 connection=1 window=61 query=116 allocated=0 bytes peak=203848467648 bytes reserved=0 bytes
[2026-07-31 08:17:55.974] [info] [sirius_context.cpp:416] [window] end instance=0xc36148a50620 connection=1 window=61 query=116 outcome=ok
[2026-07-31 08:17:55.974] [info] [physical_sirius_execution.cpp:329] Transparent GPU execution: query completed
[2026-07-31 08:17:55.977] [info] [sirius_context.cpp:225] QueryBegin: instance=0xc36148a50620 connection=1 query=117 SQL: SET gpu_execution = true;
[2026-07-31 08:17:55.978] [info] [sirius_context.cpp:225] QueryBegin: instance=0xc36148a50620 connection=1 query=118 SQL: select nation, o_year, sum(amount) as sum_profit from ( select n.n_name as nation, extract(year from o.o_orderdate) as o_year, l.l_extendedprice * (1 - l.l_discount) - ps.ps_supplycost * l.l_quantity as amount from part p, supplier s, lineitem l, partsupp ps, orders o, nation n where s.s_suppkey = l.l_suppkey and ps.ps_suppkey = l.l_suppkey and ps.ps_partkey = l.l_partkey and p.p_partkey = l.l_partkey and o.o_orderkey = l.l_orderkey and s.s_nationkey = n.n_nationkey and p.p_name like '%yellow%' ) as profit group by nation, o_year order by nation, o_year desc
[2026-07-31 08:17:55.996] [info] [sirius_plan_get.cpp:498] [sirius_plan_get] LogicalGet has dynamic_filters attached (channel key=0xc3615512bc90).
[2026-07-31 08:17:55.996] [info] [sirius_plan_comparison_join.cpp:608] [sirius_plan_comparison_join] Wired hash join with 1 dynamic-filter probe target(s) (build est 199999968 rows).
[2026-07-31 08:17:55.996] [info] [sirius_plan_comparison_join.cpp:547] [sirius_plan_comparison_join] Not wiring dynamic filter(s): build side is unfiltered (build est 1499999460 rows).
[2026-07-31 08:17:55.996] [info] [sirius_plan_get.cpp:498] [sirius_plan_get] LogicalGet has dynamic_filters attached (channel key=0xc361557f3e20).
[2026-07-31 08:17:55.996] [info] [sirius_plan_get.cpp:498] [sirius_plan_get] LogicalGet has dynamic_filters attached (channel key=0xc361558e7ef0).
[2026-07-31 08:17:55.996] [info] [sirius_plan_comparison_join.cpp:547] [sirius_plan_comparison_join] Not wiring dynamic filter(s): build side is unfiltered (build est 25 rows).
[2026-07-31 08:17:55.996] [info] [sirius_plan_comparison_join.cpp:547] [sirius_plan_comparison_join] Not wiring dynamic filter(s): build side is unfiltered (build est 10000000 rows).
[2026-07-31 08:17:55.997] [info] [sirius_context.cpp:1244] Transparent execution: Sirius physical plan generated successfully
[2026-07-31 08:17:55.997] [info] [sirius_context.cpp:1272] Transparent execution: physical plan replaced with GPU operator
[2026-07-31 08:17:55.997] [info] [physical_sirius_execution.cpp:155] Transparent GPU execution: executing query
[2026-07-31 08:17:55.997] [info] [sirius_context.cpp:416] [window] begin instance=0xc36148a50620 connection=1 window=62 query=118 outcome=-
[2026-07-31 08:17:55.997] [info] [sirius_context.cpp:152] [host_pool] HOST:0 QueryBegin instance=0xc36148a50620 connection=1 window=62 query=118 allocated=305412440064 bytes peak=305479548928 bytes free_blocks=1
[2026-07-31 08:17:55.997] [info] [sirius_context.cpp:167] [gpu_pool] GPU:0 QueryBegin instance=0xc36148a50620 connection=1 window=62 query=118 allocated=0 bytes peak=203848467648 bytes reserved=0 bytes
[2026-07-31 08:17:55.997] [info] [sirius_context.cpp:285] QueryBegin: transparent_execution
[2026-07-31 08:17:56.002] [info] [sirius_plan_get.cpp:498] [sirius_plan_get] LogicalGet has dynamic_filters attached (channel key=0xc3615512bc90).
[2026-07-31 08:17:56.002] [info] [sirius_plan_comparison_join.cpp:608] [sirius_plan_comparison_join] Wired hash join with 1 dynamic-filter probe target(s) (build est 199999968 rows).
[2026-07-31 08:17:56.002] [info] [sirius_plan_comparison_join.cpp:547] [sirius_plan_comparison_join] Not wiring dynamic filter(s): build side is unfiltered (build est 1499999460 rows).
[2026-07-31 08:17:56.002] [info] [sirius_plan_get.cpp:498] [sirius_plan_get] LogicalGet has dynamic_filters attached (channel key=0xc361557f3e20).
[2026-07-31 08:17:56.002] [info] [sirius_plan_get.cpp:498] [sirius_plan_get] LogicalGet has dynamic_filters attached (channel key=0xc361558e7ef0).
[2026-07-31 08:17:56.002] [info] [sirius_plan_comparison_join.cpp:547] [sirius_plan_comparison_join] Not wiring dynamic filter(s): build side is unfiltered (build est 25 rows).
[2026-07-31 08:17:56.002] [info] [sirius_plan_comparison_join.cpp:547] [sirius_plan_comparison_join] Not wiring dynamic filter(s): build side is unfiltered (build est 10000000 rows).
[2026-07-31 08:17:56.003] [info] [sirius_engine.cpp:265] Query Plan:
=== Pipeline Overview ===
Pipeline #0: GPU_SCAN (id=0)
  Output: -> PARTITION [port: default, barrier: FULL]
Pipeline #1: PARTITION (id=1)
  Input: <- Pipeline #0 [on: PARTITION (id=1), port: default, barrier: FULL]
  Dependencies: Pipeline #0
  Output: -> CONCAT [port: default, barrier: PARTIAL]
Pipeline #2: CONCAT (id=2)
  Input: <- Pipeline #1 [on: CONCAT (id=2), port: default, barrier: PARTIAL]
  Dependencies: Pipeline #1
  Output: -> HASH_JOIN [port: build, barrier: PARTIAL]
Pipeline #3: GPU_SCAN (id=3)
  Output: -> PARTITION [port: default, barrier: PARTIAL]
Pipeline #4: PARTITION (id=4)
  Input: <- Pipeline #3 [on: PARTITION (id=4), port: default, barrier: PARTIAL]
  Dependencies: Pipeline #3
  Output: -> CONCAT [port: default, barrier: PARTIAL]
Pipeline #5: CONCAT (id=5)
  Input: <- Pipeline #4 [on: CONCAT (id=5), port: default, barrier: PARTIAL]
  Dependencies: Pipeline #4
  Output: -> HASH_JOIN [port: default, barrier: PARTIAL]
Pipeline #6: HASH_JOIN (id=6)
  Input: <- Pipeline #2 [on: HASH_JOIN (id=6), port: build, barrier: PARTIAL]
  Input: <- Pipeline #5 [on: HASH_JOIN (id=6), port: default, barrier: PARTIAL]
  Dependencies: Pipeline #2, Pipeline #5
  Output: -> PARTITION [port: default, barrier: FULL]
Pipeline #7: PARTITION (id=7)
  Input: <- Pipeline #6 [on: PARTITION (id=7), port: default, barrier: FULL]
  Dependencies: Pipeline #6
  Output: -> CONCAT [port: default, barrier: PARTIAL]
Pipeline #8: CONCAT (id=8)
  Input: <- Pipeline #7 [on: CONCAT (id=8), port: default, barrier: PARTIAL]
  Dependencies: Pipeline #7
  Output: -> HASH_JOIN [port: build, barrier: PARTIAL]
Pipeline #9: GPU_SCAN (id=9)
  Output: -> PARTITION [port: default, barrier: PARTIAL]
Pipeline #10: PARTITION (id=10)
  Input: <- Pipeline #9 [on: PARTITION (id=10), port: default, barrier: PARTIAL]
  Dependencies: Pipeline #9
  Output: -> CONCAT [port: default, barrier: PARTIAL]
Pipeline #11: CONCAT (id=11)
  Input: <- Pipeline #10 [on: CONCAT (id=11), port: default, barrier: PARTIAL]
  Dependencies: Pipeline #10
  Output: -> HASH_JOIN [port: default, barrier: PARTIAL]
Pipeline #12: HASH_JOIN (id=12)
  Input: <- Pipeline #8 [on: HASH_JOIN (id=12), port: build, barrier: PARTIAL]
  Input: <- Pipeline #11 [on: HASH_JOIN (id=12), port: default, barrier: PARTIAL]
  Dependencies: Pipeline #8, Pipeline #11
  Output: -> PARTITION [port: default, barrier: FULL]
Pipeline #13: PARTITION (id=13)
  Input: <- Pipeline #12 [on: PARTITION (id=13), port: default, barrier: FULL]
  Dependencies: Pipeline #12
  Output: -> CONCAT [port: default, barrier: PARTIAL]
Pipeline #14: CONCAT (id=14)
  Input: <- Pipeline #13 [on: CONCAT (id=14), port: default, barrier: PARTIAL]
  Dependencies: Pipeline #13
  Output: -> HASH_JOIN [port: build, barrier: PARTIAL]
Pipeline #15: GPU_SCAN (id=15)
  Output: -> PARTITION [port: default, barrier: FULL]
Pipeline #16: PARTITION (id=16)
  Input: <- Pipeline #15 [on: PARTITION (id=16), port: default, barrier: FULL]
  Dependencies: Pipeline #15
  Output: -> CONCAT [port: default, barrier: PARTIAL]
Pipeline #17: CONCAT (id=17)
  Input: <- Pipeline #16 [on: CONCAT (id=17), port: default, barrier: PARTIAL]
  Dependencies: Pipeline #16
  Output: -> HASH_JOIN [port: build, barrier: PARTIAL]
Pipeline #18: GPU_SCAN (id=18)
  Output: -> PARTITION [port: default, barrier: FULL]
Pipeline #19: PARTITION (id=19)
  Input: <- Pipeline #18 [on: PARTITION (id=19), port: default, barrier: FULL]
  Dependencies: Pipeline #18
  Output: -> CONCAT [port: default, barrier: PARTIAL]
Pipeline #20: CONCAT (id=20)
  Input: <- Pipeline #19 [on: CONCAT (id=20), port: default, barrier: PARTIAL]
  Dependencies: Pipeline #19
  Output: -> HASH_JOIN [port: build, barrier: PARTIAL]
Pipeline #21: GPU_SCAN (id=21) -> DYNAMIC_FILTER (id=22)
  Output: -> PARTITION [port: default, barrier: PARTIAL]
Pipeline #22: PARTITION (id=23)
  Input: <- Pipeline #21 [on: PARTITION (id=23), port: default, barrier: PARTIAL]
  Dependencies: Pipeline #21
  Output: -> CONCAT [port: default, barrier: PARTIAL]
Pipeline #23: CONCAT (id=24)
  Input: <- Pipeline #22 [on: CONCAT (id=24), port: default, barrier: PARTIAL]
  Dependencies: Pipeline #22
  Output: -> HASH_JOIN [port: default, barrier: PARTIAL]
Pipeline #24: HASH_JOIN (id=25)
  Input: <- Pipeline #20 [on: HASH_JOIN (id=25), port: build, barrier: PARTIAL]
  Input: <- Pipeline #23 [on: HASH_JOIN (id=25), port: default, barrier: PARTIAL]
  Dependencies: Pipeline #20, Pipeline #23
  Output: -> PARTITION [port: default, barrier: PARTIAL]
Pipeline #25: PARTITION (id=26)
  Input: <- Pipeline #24 [on: PARTITION (id=26), port: default, barrier: PARTIAL]
  Dependencies: Pipeline #24
  Output: -> CONCAT [port: default, barrier: PARTIAL]
Pipeline #26: CONCAT (id=27)
  Input: <- Pipeline #25 [on: CONCAT (id=27), port: default, barrier: PARTIAL]
  Dependencies: Pipeline #25
  Output: -> HASH_JOIN [port: default, barrier: PARTIAL]
Pipeline #27: HASH_JOIN (id=28)
  Input: <- Pipeline #17 [on: HASH_JOIN (id=28), port: build, barrier: PARTIAL]
  Input: <- Pipeline #26 [on: HASH_JOIN (id=28), port: default, barrier: PARTIAL]
  Dependencies: Pipeline #17, Pipeline #26
  Output: -> PARTITION [port: default, barrier: PARTIAL]
Pipeline #28: PARTITION (id=29)
  Input: <- Pipeline #27 [on: PARTITION (id=29), port: default, barrier: PARTIAL]
  Dependencies: Pipeline #27
  Output: -> CONCAT [port: default, barrier: PARTIAL]
Pipeline #29: CONCAT (id=30)
  Input: <- Pipeline #28 [on: CONCAT (id=30), port: default, barrier: PARTIAL]
  Dependencies: Pipeline #28
  Output: -> HASH_JOIN [port: default, barrier: PARTIAL]
Pipeline #30: HASH_JOIN (id=31) -> PROJECTION (id=32) -> HASH_GROUP_BY (id=33)
  Input: <- Pipeline #14 [on: HASH_JOIN (id=31), port: build, barrier: PARTIAL]
  Input: <- Pipeline #29 [on: HASH_JOIN (id=31), port: default, barrier: PARTIAL]
  Dependencies: Pipeline #14, Pipeline #29
  Output: -> PARTITION [port: default, barrier: FULL]
Pipeline #31: PARTITION (id=34)
  Input: <- Pipeline #30 [on: PARTITION (id=34), port: default, barrier: FULL]
  Dependencies: Pipeline #30
  Output: -> MERGE_GROUP_BY [port: default, barrier: FULL]
Pipeline #32: MERGE_GROUP_BY (id=35) -> ORDER_BY (id=36)
  Input: <- Pipeline #31 [on: MERGE_GROUP_BY (id=35), port: default, barrier: FULL]
  Dependencies: Pipeline #31
  Output: -> SORT_SAMPLE [port: default, barrier: PIPELINE]
Pipeline #33: SORT_SAMPLE (id=37) -> SORT_PARTITION (id=38)
  Input: <- Pipeline #32 [on: SORT_SAMPLE (id=37), port: default, barrier: PIPELINE]
  Dependencies: Pipeline #32
  Output: -> MERGE_SORT [port: default, barrier: FULL]
Pipeline #34: MERGE_SORT (id=39)
  Input: <- Pipeline #33 [on: MERGE_SORT (id=39), port: default, barrier: FULL]
  Dependencies: Pipeline #33
  Output: -> RESULT_COLLECTOR [port: default, barrier: FULL]
Pipeline #35: RESULT_COLLECTOR (id=40)
  Input: <- Pipeline #34 [on: RESULT_COLLECTOR (id=40), port: default, barrier: FULL]
  Dependencies: Pipeline #34

=== Query Plan DAG ===
┌──────────────────────────┐                                                                                                                                            
│ Pipeline #35             │                                                                                                                                            
│ RESULT_COLLECTOR (id=40) │                                                                                                                                            
│ Input(#34): FULL         │                                                                                                                                            
└────────────┬─────────────┘                                                                                                                                            
             │                                                                                                                                                          
┌──────────────────────────┐                                                                                                                                            
│ Pipeline #34             │                                                                                                                                            
│ MERGE_SORT (id=39)       │                                                                                                                                            
│ Input(#33): FULL         │                                                                                                                                            
└────────────┬─────────────┘                                                                                                                                            
             │                                                                                                                                                          
┌──────────────────────────┐                                                                                                                                            
│ Pipeline #33             │                                                                                                                                            
│ SORT_PARTITION (id=38)   │                                                                                                                                            
│ SORT_SAMPLE (id=37)      │                                                                                                                                            
│ Input(#32): PIPELINE     │                                                                                                                                            
└────────────┬─────────────┘                                                                                                                                            
             │                                                                                                                                                          
┌──────────────────────────┐                                                                                                                                            
│ Pipeline #32             │                                                                                                                                            
│ ORDER_BY (id=36)         │                                                                                                                                            
│ MERGE_GROUP_BY (id=35)   │                                                                                                                                            
│ Input(#31): FULL         │                                                                                                                                            
└────────────┬─────────────┘                                                                                                                                            
             │                                                                                                                                                          
┌──────────────────────────┐                                                                                                                                            
│ Pipeline #31             │                                                                                                                                            
│ PARTITION (id=34)        │                                                                                                                                            
│ Input(#30): FULL         │                                                                                                                                            
└────────────┬─────────────┘                                                                                                                                            
             │                                                                                                                                                          
┌──────────────────────────┐                                                                                                                                            
│ Pipeline #30             │                                                                                                                                            
│ HASH_GROUP_BY (id=33)    │                                                                                                                                            
│ PROJECTION (id=32)       │                                                                                                                                            
│ HASH_JOIN (id=31)        │                                                                                                                                            
│   type: INNER            │                                                                                                                                            
│ Input(#14): PARTIAL      │                                                                                                                                            
│ Input(#29): PARTIAL      │                                                                                                                                            
└────────────┬─────────────┘                                                                                                                                            
             ┌───────────────────────────────────────────────────────────────────────────────────┐                                                                      
             │                                                                                   │                                                                      
┌──────────────────────────┐                                                        ┌──────────────────────────┐                                                        
│ Pipeline #14             │                                                        │ Pipeline #29             │                                                        
│ CONCAT (id=14)           │                                                        │ CONCAT (id=30)           │                                                        
│ Input(#13): PARTIAL      │                                                        │ Input(#28): PARTIAL      │                                                        
└────────────┬─────────────┘                                                        └────────────┬─────────────┘                                                        
             │                                                                                   │                                                                      
┌──────────────────────────┐                                                        ┌──────────────────────────┐                                                        
│ Pipeline #13             │                                                        │ Pipeline #28             │                                                        
│ PARTITION (id=13)        │                                                        │ PARTITION (id=29)        │                                                        
│ Input(#12): FULL         │                                                        │ Input(#27): PARTIAL      │                                                        
└────────────┬─────────────┘                                                        └────────────┬─────────────┘                                                        
             │                                                                                   │                                                                      
┌──────────────────────────┐                                                        ┌──────────────────────────┐                                                        
│ Pipeline #12             │                                                        │ Pipeline #27             │                                                        
│ HASH_JOIN (id=12)        │                                                        │ HASH_JOIN (id=28)        │                                                        
│   type: INNER            │                                                        │   type: INNER            │                                                        
│ Input(#8): PARTIAL       │                                                        │ Input(#17): PARTIAL      │                                                        
│ Input(#11): PARTIAL      │                                                        │ Input(#26): PARTIAL      │                                                        
└────────────┬─────────────┘                                                        └────────────┬─────────────┘                                                        
             ┌───────────────────────────────────────────────────────┐                           ┌───────────────────────────┐                                          
             │                                                       │                           │                           │                                          
┌──────────────────────────┐                            ┌──────────────────────────┐┌──────────────────────────┐┌──────────────────────────┐                            
│ Pipeline #8              │                            │ Pipeline #11             ││ Pipeline #17             ││ Pipeline #26             │                            
│ CONCAT (id=8)            │                            │ CONCAT (id=11)           ││ CONCAT (id=17)           ││ CONCAT (id=27)           │                            
│ Input(#7): PARTIAL       │                            │ Input(#10): PARTIAL      ││ Input(#16): PARTIAL      ││ Input(#25): PARTIAL      │                            
└────────────┬─────────────┘                            └────────────┬─────────────┘└────────────┬─────────────┘└────────────┬─────────────┘                            
             │                                                       │                           │                           │                                          
┌──────────────────────────┐                            ┌──────────────────────────┐┌──────────────────────────┐┌──────────────────────────┐                            
│ Pipeline #7              │                            │ Pipeline #10             ││ Pipeline #16             ││ Pipeline #25             │                            
│ PARTITION (id=7)         │                            │ PARTITION (id=10)        ││ PARTITION (id=16)        ││ PARTITION (id=26)        │                            
│ Input(#6): FULL          │                            │ Input(#9): PARTIAL       ││ Input(#15): FULL         ││ Input(#24): PARTIAL      │                            
└────────────┬─────────────┘                            └────────────┬─────────────┘└────────────┬─────────────┘└────────────┬─────────────┘                            
             │                                                       │                           │                           │                                          
┌──────────────────────────┐                            ┌──────────────────────────┐┌──────────────────────────┐┌──────────────────────────┐                            
│ Pipeline #6              │                            │ Pipeline #9              ││ Pipeline #15             ││ Pipeline #24             │                            
│ HASH_JOIN (id=6)         │                            │ GPU_SCAN (id=9)          ││ GPU_SCAN (id=15)         ││ HASH_JOIN (id=25)        │                            
│   type: INNER            │                            │                          ││                          ││   type: INNER            │                            
│ Input(#2): PARTIAL       │                            │                          ││                          ││ Input(#20): PARTIAL      │                            
│ Input(#5): PARTIAL       │                            │                          ││                          ││ Input(#23): PARTIAL      │                            
└────────────┬─────────────┘                            └──────────────────────────┘└──────────────────────────┘└────────────┬─────────────┘                            
             ┌───────────────────────────┐                                                                                   ┌───────────────────────────┐              
             │                           │                                                                                   │                           │              
┌──────────────────────────┐┌──────────────────────────┐                                                        ┌──────────────────────────┐┌──────────────────────────┐
│ Pipeline #2              ││ Pipeline #5              │                                                        │ Pipeline #20             ││ Pipeline #23             │
│ CONCAT (id=2)            ││ CONCAT (id=5)            │                                                        │ CONCAT (id=20)           ││ CONCAT (id=24)           │
│ Input(#1): PARTIAL       ││ Input(#4): PARTIAL       │                                                        │ Input(#19): PARTIAL      ││ Input(#22): PARTIAL      │
└────────────┬─────────────┘└────────────┬─────────────┘                                                        └────────────┬─────────────┘└────────────┬─────────────┘
             │                           │                                                                                   │                           │              
┌──────────────────────────┐┌──────────────────────────┐                                                        ┌──────────────────────────┐┌──────────────────────────┐
│ Pipeline #1              ││ Pipeline #4              │                                                        │ Pipeline #19             ││ Pipeline #22             │
│ PARTITION (id=1)         ││ PARTITION (id=4)         │                                                        │ PARTITION (id=19)        ││ PARTITION (id=23)        │
│ Input(#0): FULL          ││ Input(#3): PARTIAL       │                                                        │ Input(#18): FULL         ││ Input(#21): PARTIAL      │
└────────────┬─────────────┘└────────────┬─────────────┘                                                        └────────────┬─────────────┘└────────────┬─────────────┘
             │                           │                                                                                   │                           │              
┌──────────────────────────┐┌──────────────────────────┐                                                        ┌──────────────────────────┐┌──────────────────────────┐
│ Pipeline #0              ││ Pipeline #3              │                                                        │ Pipeline #18             ││ Pipeline #21             │
│ GPU_SCAN (id=0)          ││ GPU_SCAN (id=3)          │                                                        │ GPU_SCAN (id=18)         ││ DYNAMIC_FILTER (id=22)   │
│                          ││                          │                                                        │                          ││ GPU_SCAN (id=21)         │
└──────────────────────────┘└──────────────────────────┘                                                        └──────────────────────────┘└──────────────────────────┘

[2026-07-31 08:17:56.003] [info] [sirius_engine.cpp:148] query 62 telemetry_query=019fb7405b2379b28fc33f8d4a85cb24
[2026-07-31 08:17:56.003] [info] [sirius_scan_manager.cpp:1494] [sirius_scan_manager] assigned pinned entry 'nation' to operator '0'
[2026-07-31 08:17:56.003] [info] [sirius_scan_manager.cpp:1494] [sirius_scan_manager] assigned pinned entry 'supplier' to operator '3'
[2026-07-31 08:17:56.003] [info] [sirius_scan_manager.cpp:1494] [sirius_scan_manager] assigned pinned entry 'partsupp' to operator '9'
[2026-07-31 08:17:56.003] [info] [sirius_scan_manager.cpp:1494] [sirius_scan_manager] assigned pinned entry 'orders' to operator '15'
[2026-07-31 08:17:56.003] [info] [sirius_scan_manager.cpp:1494] [sirius_scan_manager] assigned pinned entry 'part' to operator '18'
[2026-07-31 08:17:56.004] [info] [sirius_scan_manager.cpp:1494] [sirius_scan_manager] assigned pinned entry 'lineitem' to operator '21'
[2026-07-31 08:17:56.004] [info] [memory_prefetcher.cpp:52] [memory_prefetcher] started: 3 threads, 6 connectors, min_free_fraction=0.40
[2026-07-31 08:17:56.005] [warning] [sirius_physical_partition.cpp:304] slot_for_device: device_id 0 not found in active GPU list, falling back to slot 0
[2026-07-31 08:17:56.061] [warning] [sirius_physical_partition.cpp:304] slot_for_device: device_id 0 not found in active GPU list, falling back to slot 0
[2026-07-31 08:17:56.061] [warning] [sirius_physical_partition.cpp:304] slot_for_device: device_id 0 not found in active GPU list, falling back to slot 0
[2026-07-31 08:17:56.061] [warning] [sirius_physical_hash_join.cpp:1013] In sirius_physical_hash_join:get_next_task_input_data_for_build_probe: no schedulable partition (build/probe already drained) in operator 12
[2026-07-31 08:17:56.081] [warning] [sirius_physical_partition.cpp:304] slot_for_device: device_id 0 not found in active GPU list, falling back to slot 0
[2026-07-31 08:17:56.464] [info] [dynamic_filter_publisher.cpp:338] [sirius_physical_hash_join] Pushed 1 dynamic filter(s) across 1 active target(s) of 1 wired target(s) (10870459 build rows, 1 keys).
[2026-07-31 08:17:56.543] [warning] [sirius_physical_partition.cpp:304] slot_for_device: device_id 0 not found in active GPU list, falling back to slot 0
[2026-07-31 08:17:56.552] [warning] [sirius_physical_partition.cpp:304] slot_for_device: device_id 0 not found in active GPU list, falling back to slot 0
[2026-07-31 08:17:56.552] [warning] [sirius_physical_partition.cpp:304] slot_for_device: device_id 0 not found in active GPU list, falling back to slot 0
[2026-07-31 08:17:56.577] [warning] [sirius_physical_partition.cpp:304] slot_for_device: device_id 0 not found in active GPU list, falling back to slot 0
[2026-07-31 08:17:56.577] [warning] [sirius_physical_partition.cpp:304] slot_for_device: device_id 0 not found in active GPU list, falling back to slot 0
[2026-07-31 08:17:56.613] [warning] [sirius_physical_partition.cpp:304] slot_for_device: device_id 0 not found in active GPU list, falling back to slot 0
[2026-07-31 08:17:56.613] [warning] [sirius_physical_partition.cpp:304] slot_for_device: device_id 0 not found in active GPU list, falling back to slot 0
[2026-07-31 08:17:56.653] [warning] [sirius_physical_partition.cpp:304] slot_for_device: device_id 0 not found in active GPU list, falling back to slot 0
[2026-07-31 08:17:57.014] [warning] [sirius_physical_partition.cpp:304] slot_for_device: device_id 0 not found in active GPU list, falling back to slot 0
[2026-07-31 08:17:57.014] [warning] [sirius_physical_partition.cpp:304] slot_for_device: device_id 0 not found in active GPU list, falling back to slot 0
[2026-07-31 08:17:57.014] [warning] [sirius_physical_partition.cpp:304] slot_for_device: device_id 0 not found in active GPU list, falling back to slot 0
[2026-07-31 08:17:57.014] [warning] [sirius_physical_partition.cpp:304] slot_for_device: device_id 0 not found in active GPU list, falling back to slot 0
[2026-07-31 08:17:57.014] [warning] [sirius_physical_partition.cpp:304] slot_for_device: device_id 0 not found in active GPU list, falling back to slot 0
[2026-07-31 08:17:57.014] [warning] [sirius_physical_partition.cpp:304] slot_for_device: device_id 0 not found in active GPU list, falling back to slot 0
[2026-07-31 08:17:57.014] [warning] [sirius_physical_partition.cpp:304] slot_for_device: device_id 0 not found in active GPU list, falling back to slot 0
[2026-07-31 08:17:57.014] [warning] [sirius_physical_partition.cpp:304] slot_for_device: device_id 0 not found in active GPU list, falling back to slot 0
[2026-07-31 08:17:57.014] [warning] [sirius_physical_partition.cpp:304] slot_for_device: device_id 0 not found in active GPU list, falling back to slot 0
[2026-07-31 08:17:57.015] [warning] [sirius_physical_partition.cpp:304] slot_for_device: device_id 0 not found in active GPU list, falling back to slot 0
[2026-07-31 08:17:57.015] [warning] [sirius_physical_partition.cpp:304] slot_for_device: device_id 0 not found in active GPU list, falling back to slot 0
[2026-07-31 08:17:57.015] [warning] [sirius_physical_partition.cpp:304] slot_for_device: device_id 0 not found in active GPU list, falling back to slot 0
[2026-07-31 08:17:57.015] [warning] [sirius_physical_partition.cpp:304] slot_for_device: device_id 0 not found in active GPU list, falling back to slot 0
[2026-07-31 08:17:57.015] [warning] [sirius_physical_partition.cpp:304] slot_for_device: device_id 0 not found in active GPU list, falling back to slot 0
[2026-07-31 08:17:57.015] [warning] [sirius_physical_partition.cpp:304] slot_for_device: device_id 0 not found in active GPU list, falling back to slot 0
[2026-07-31 08:17:57.015] [warning] [sirius_physical_partition.cpp:304] slot_for_device: device_id 0 not found in active GPU list, falling back to slot 0
[2026-07-31 08:17:57.015] [warning] [sirius_physical_partition.cpp:304] slot_for_device: device_id 0 not found in active GPU list, falling back to slot 0
[2026-07-31 08:17:57.015] [warning] [sirius_physical_partition.cpp:304] slot_for_device: device_id 0 not found in active GPU list, falling back to slot 0
[2026-07-31 08:17:57.015] [warning] [sirius_physical_partition.cpp:304] slot_for_device: device_id 0 not found in active GPU list, falling back to slot 0
[2026-07-31 08:17:57.015] [warning] [sirius_physical_partition.cpp:304] slot_for_device: device_id 0 not found in active GPU list, falling back to slot 0
[2026-07-31 08:17:57.015] [warning] [sirius_physical_partition.cpp:304] slot_for_device: device_id 0 not found in active GPU list, falling back to slot 0
[2026-07-31 08:17:57.015] [warning] [sirius_physical_partition.cpp:304] slot_for_device: device_id 0 not found in active GPU list, falling back to slot 0
[2026-07-31 08:17:57.015] [warning] [sirius_physical_partition.cpp:304] slot_for_device: device_id 0 not found in active GPU list, falling back to slot 0
[2026-07-31 08:17:57.015] [warning] [sirius_physical_partition.cpp:304] slot_for_device: device_id 0 not found in active GPU list, falling back to slot 0
[2026-07-31 08:17:57.015] [warning] [sirius_physical_partition.cpp:304] slot_for_device: device_id 0 not found in active GPU list, falling back to slot 0
[2026-07-31 08:17:57.015] [warning] [sirius_physical_partition.cpp:304] slot_for_device: device_id 0 not found in active GPU list, falling back to slot 0
[2026-07-31 08:17:57.015] [warning] [sirius_physical_partition.cpp:304] slot_for_device: device_id 0 not found in active GPU list, falling back to slot 0
[2026-07-31 08:17:57.015] [warning] [sirius_physical_partition.cpp:304] slot_for_device: device_id 0 not found in active GPU list, falling back to slot 0
[2026-07-31 08:17:57.015] [warning] [sirius_physical_partition.cpp:304] slot_for_device: device_id 0 not found in active GPU list, falling back to slot 0
[2026-07-31 08:17:57.015] [warning] [sirius_physical_partition.cpp:304] slot_for_device: device_id 0 not found in active GPU list, falling back to slot 0
[2026-07-31 08:17:57.015] [warning] [sirius_physical_partition.cpp:304] slot_for_device: device_id 0 not found in active GPU list, falling back to slot 0
[2026-07-31 08:17:57.015] [warning] [sirius_physical_partition.cpp:304] slot_for_device: device_id 0 not found in active GPU list, falling back to slot 0
[2026-07-31 08:17:57.015] [warning] [sirius_physical_partition.cpp:304] slot_for_device: device_id 0 not found in active GPU list, falling back to slot 0
[2026-07-31 08:17:57.015] [warning] [sirius_physical_partition.cpp:304] slot_for_device: device_id 0 not found in active GPU list, falling back to slot 0
[2026-07-31 08:17:57.015] [warning] [sirius_physical_partition.cpp:304] slot_for_device: device_id 0 not found in active GPU list, falling back to slot 0
[2026-07-31 08:17:57.015] [warning] [sirius_physical_partition.cpp:304] slot_for_device: device_id 0 not found in active GPU list, falling back to slot 0
[2026-07-31 08:17:57.035] [warning] [sirius_physical_partition.cpp:304] slot_for_device: device_id 0 not found in active GPU list, falling back to slot 0
[2026-07-31 08:17:57.108] [warning] [sirius_physical_partition.cpp:304] slot_for_device: device_id 0 not found in active GPU list, falling back to slot 0
[2026-07-31 08:17:57.110] [warning] [sirius_physical_partition.cpp:304] slot_for_device: device_id 0 not found in active GPU list, falling back to slot 0
[2026-07-31 08:17:57.110] [warning] [sirius_physical_partition.cpp:304] slot_for_device: device_id 0 not found in active GPU list, falling back to slot 0
[2026-07-31 08:17:57.120] [warning] [sirius_physical_partition.cpp:304] slot_for_device: device_id 0 not found in active GPU list, falling back to slot 0
[2026-07-31 08:17:57.130] [warning] [sirius_physical_partition.cpp:304] slot_for_device: device_id 0 not found in active GPU list, falling back to slot 0
[2026-07-31 08:17:57.908] [info] [gpu_pipeline_executor.cpp:129] GPU Pipeline Executor: task queue interrupted, stopping manager loop
[2026-07-31 08:17:57.909] [info] [sirius_context.cpp:300] QueryEnd
[2026-07-31 08:17:57.916] [info] [memory_prefetcher.cpp:65] [memory_prefetcher] stopping: prefetched 34 batches / 150453903568 bytes (stops: headroom=57 reservation=0, skips: lock=0 draining=56)
[2026-07-31 08:17:57.917] [info] [sirius_context.cpp:152] [host_pool] HOST:0 QueryEnd instance=0xc36148a50620 connection=1 window=62 query=118 allocated=305412440064 bytes peak=305479548928 bytes free_blocks=1
[2026-07-31 08:17:57.917] [info] [sirius_context.cpp:167] [gpu_pool] GPU:0 QueryEnd instance=0xc36148a50620 connection=1 window=62 query=118 allocated=0 bytes peak=203848467648 bytes reserved=0 bytes
[2026-07-31 08:17:57.917] [info] [sirius_context.cpp:416] [window] end instance=0xc36148a50620 connection=1 window=62 query=118 outcome=ok
[2026-07-31 08:17:57.917] [info] [physical_sirius_execution.cpp:329] Transparent GPU execution: query completed
[2026-07-31 08:17:57.920] [info] [sirius_context.cpp:225] QueryBegin: instance=0xc36148a50620 connection=1 query=119 SQL: SET gpu_execution = true;
[2026-07-31 08:17:57.921] [info] [sirius_context.cpp:225] QueryBegin: instance=0xc36148a50620 connection=1 query=120 SQL: select nation, o_year, sum(amount) as sum_profit from ( select n.n_name as nation, extract(year from o.o_orderdate) as o_year, l.l_extendedprice * (1 - l.l_discount) - ps.ps_supplycost * l.l_quantity as amount from part p, supplier s, lineitem l, partsupp ps, orders o, nation n where s.s_suppkey = l.l_suppkey and ps.ps_suppkey = l.l_suppkey and ps.ps_partkey = l.l_partkey and p.p_partkey = l.l_partkey and o.o_orderkey = l.l_orderkey and s.s_nationkey = n.n_nationkey and p.p_name like '%yellow%' ) as profit group by nation, o_year order by nation, o_year desc
[2026-07-31 08:17:57.940] [info] [sirius_plan_get.cpp:498] [sirius_plan_get] LogicalGet has dynamic_filters attached (channel key=0xc36155542b10).
[2026-07-31 08:17:57.940] [info] [sirius_plan_comparison_join.cpp:608] [sirius_plan_comparison_join] Wired hash join with 1 dynamic-filter probe target(s) (build est 199999968 rows).
[2026-07-31 08:17:57.940] [info] [sirius_plan_comparison_join.cpp:547] [sirius_plan_comparison_join] Not wiring dynamic filter(s): build side is unfiltered (build est 1499999460 rows).
[2026-07-31 08:17:57.940] [info] [sirius_plan_get.cpp:498] [sirius_plan_get] LogicalGet has dynamic_filters attached (channel key=0xc361555cc580).
[2026-07-31 08:17:57.940] [info] [sirius_plan_get.cpp:498] [sirius_plan_get] LogicalGet has dynamic_filters attached (channel key=0xc361548ed1e0).
[2026-07-31 08:17:57.940] [info] [sirius_plan_comparison_join.cpp:547] [sirius_plan_comparison_join] Not wiring dynamic filter(s): build side is unfiltered (build est 25 rows).
[2026-07-31 08:17:57.940] [info] [sirius_plan_comparison_join.cpp:547] [sirius_plan_comparison_join] Not wiring dynamic filter(s): build side is unfiltered (build est 10000000 rows).
[2026-07-31 08:17:57.941] [info] [sirius_context.cpp:1244] Transparent execution: Sirius physical plan generated successfully
[2026-07-31 08:17:57.941] [info] [sirius_context.cpp:1272] Transparent execution: physical plan replaced with GPU operator
[2026-07-31 08:17:57.941] [info] [physical_sirius_execution.cpp:155] Transparent GPU execution: executing query
[2026-07-31 08:17:57.941] [info] [sirius_context.cpp:416] [window] begin instance=0xc36148a50620 connection=1 window=63 query=120 outcome=-
[2026-07-31 08:17:57.941] [info] [sirius_context.cpp:152] [host_pool] HOST:0 QueryBegin instance=0xc36148a50620 connection=1 window=63 query=120 allocated=305412440064 bytes peak=305479548928 bytes free_blocks=1
[2026-07-31 08:17:57.941] [info] [sirius_context.cpp:167] [gpu_pool] GPU:0 QueryBegin instance=0xc36148a50620 connection=1 window=63 query=120 allocated=0 bytes peak=203848467648 bytes reserved=0 bytes
[2026-07-31 08:17:57.941] [info] [sirius_context.cpp:285] QueryBegin: transparent_execution
[2026-07-31 08:17:57.947] [info] [sirius_plan_get.cpp:498] [sirius_plan_get] LogicalGet has dynamic_filters attached (channel key=0xc36155542b10).
[2026-07-31 08:17:57.947] [info] [sirius_plan_comparison_join.cpp:608] [sirius_plan_comparison_join] Wired hash join with 1 dynamic-filter probe target(s) (build est 199999968 rows).
[2026-07-31 08:17:57.947] [info] [sirius_plan_comparison_join.cpp:547] [sirius_plan_comparison_join] Not wiring dynamic filter(s): build side is unfiltered (build est 1499999460 rows).
[2026-07-31 08:17:57.947] [info] [sirius_plan_get.cpp:498] [sirius_plan_get] LogicalGet has dynamic_filters attached (channel key=0xc361555cc580).
[2026-07-31 08:17:57.947] [info] [sirius_plan_get.cpp:498] [sirius_plan_get] LogicalGet has dynamic_filters attached (channel key=0xc361548ed1e0).
[2026-07-31 08:17:57.947] [info] [sirius_plan_comparison_join.cpp:547] [sirius_plan_comparison_join] Not wiring dynamic filter(s): build side is unfiltered (build est 25 rows).
[2026-07-31 08:17:57.947] [info] [sirius_plan_comparison_join.cpp:547] [sirius_plan_comparison_join] Not wiring dynamic filter(s): build side is unfiltered (build est 10000000 rows).
[2026-07-31 08:17:57.948] [info] [sirius_engine.cpp:265] Query Plan:
=== Pipeline Overview ===
Pipeline #0: GPU_SCAN (id=0)
  Output: -> PARTITION [port: default, barrier: FULL]
Pipeline #1: PARTITION (id=1)
  Input: <- Pipeline #0 [on: PARTITION (id=1), port: default, barrier: FULL]
  Dependencies: Pipeline #0
  Output: -> CONCAT [port: default, barrier: PARTIAL]
Pipeline #2: CONCAT (id=2)
  Input: <- Pipeline #1 [on: CONCAT (id=2), port: default, barrier: PARTIAL]
  Dependencies: Pipeline #1
  Output: -> HASH_JOIN [port: build, barrier: PARTIAL]
Pipeline #3: GPU_SCAN (id=3)
  Output: -> PARTITION [port: default, barrier: PARTIAL]
Pipeline #4: PARTITION (id=4)
  Input: <- Pipeline #3 [on: PARTITION (id=4), port: default, barrier: PARTIAL]
  Dependencies: Pipeline #3
  Output: -> CONCAT [port: default, barrier: PARTIAL]
Pipeline #5: CONCAT (id=5)
  Input: <- Pipeline #4 [on: CONCAT (id=5), port: default, barrier: PARTIAL]
  Dependencies: Pipeline #4
  Output: -> HASH_JOIN [port: default, barrier: PARTIAL]
Pipeline #6: HASH_JOIN (id=6)
  Input: <- Pipeline #2 [on: HASH_JOIN (id=6), port: build, barrier: PARTIAL]
  Input: <- Pipeline #5 [on: HASH_JOIN (id=6), port: default, barrier: PARTIAL]
  Dependencies: Pipeline #2, Pipeline #5
  Output: -> PARTITION [port: default, barrier: FULL]
Pipeline #7: PARTITION (id=7)
  Input: <- Pipeline #6 [on: PARTITION (id=7), port: default, barrier: FULL]
  Dependencies: Pipeline #6
  Output: -> CONCAT [port: default, barrier: PARTIAL]
Pipeline #8: CONCAT (id=8)
  Input: <- Pipeline #7 [on: CONCAT (id=8), port: default, barrier: PARTIAL]
  Dependencies: Pipeline #7
  Output: -> HASH_JOIN [port: build, barrier: PARTIAL]
Pipeline #9: GPU_SCAN (id=9)
  Output: -> PARTITION [port: default, barrier: PARTIAL]
Pipeline #10: PARTITION (id=10)
  Input: <- Pipeline #9 [on: PARTITION (id=10), port: default, barrier: PARTIAL]
  Dependencies: Pipeline #9
  Output: -> CONCAT [port: default, barrier: PARTIAL]
Pipeline #11: CONCAT (id=11)
  Input: <- Pipeline #10 [on: CONCAT (id=11), port: default, barrier: PARTIAL]
  Dependencies: Pipeline #10
  Output: -> HASH_JOIN [port: default, barrier: PARTIAL]
Pipeline #12: HASH_JOIN (id=12)
  Input: <- Pipeline #8 [on: HASH_JOIN (id=12), port: build, barrier: PARTIAL]
  Input: <- Pipeline #11 [on: HASH_JOIN (id=12), port: default, barrier: PARTIAL]
  Dependencies: Pipeline #8, Pipeline #11
  Output: -> PARTITION [port: default, barrier: FULL]
Pipeline #13: PARTITION (id=13)
  Input: <- Pipeline #12 [on: PARTITION (id=13), port: default, barrier: FULL]
  Dependencies: Pipeline #12
  Output: -> CONCAT [port: default, barrier: PARTIAL]
Pipeline #14: CONCAT (id=14)
  Input: <- Pipeline #13 [on: CONCAT (id=14), port: default, barrier: PARTIAL]
  Dependencies: Pipeline #13
  Output: -> HASH_JOIN [port: build, barrier: PARTIAL]
Pipeline #15: GPU_SCAN (id=15)
  Output: -> PARTITION [port: default, barrier: FULL]
Pipeline #16: PARTITION (id=16)
  Input: <- Pipeline #15 [on: PARTITION (id=16), port: default, barrier: FULL]
  Dependencies: Pipeline #15
  Output: -> CONCAT [port: default, barrier: PARTIAL]
Pipeline #17: CONCAT (id=17)
  Input: <- Pipeline #16 [on: CONCAT (id=17), port: default, barrier: PARTIAL]
  Dependencies: Pipeline #16
  Output: -> HASH_JOIN [port: build, barrier: PARTIAL]
Pipeline #18: GPU_SCAN (id=18)
  Output: -> PARTITION [port: default, barrier: FULL]
Pipeline #19: PARTITION (id=19)
  Input: <- Pipeline #18 [on: PARTITION (id=19), port: default, barrier: FULL]
  Dependencies: Pipeline #18
  Output: -> CONCAT [port: default, barrier: PARTIAL]
Pipeline #20: CONCAT (id=20)
  Input: <- Pipeline #19 [on: CONCAT (id=20), port: default, barrier: PARTIAL]
  Dependencies: Pipeline #19
  Output: -> HASH_JOIN [port: build, barrier: PARTIAL]
Pipeline #21: GPU_SCAN (id=21) -> DYNAMIC_FILTER (id=22)
  Output: -> PARTITION [port: default, barrier: PARTIAL]
Pipeline #22: PARTITION (id=23)
  Input: <- Pipeline #21 [on: PARTITION (id=23), port: default, barrier: PARTIAL]
  Dependencies: Pipeline #21
  Output: -> CONCAT [port: default, barrier: PARTIAL]
Pipeline #23: CONCAT (id=24)
  Input: <- Pipeline #22 [on: CONCAT (id=24), port: default, barrier: PARTIAL]
  Dependencies: Pipeline #22
  Output: -> HASH_JOIN [port: default, barrier: PARTIAL]
Pipeline #24: HASH_JOIN (id=25)
  Input: <- Pipeline #20 [on: HASH_JOIN (id=25), port: build, barrier: PARTIAL]
  Input: <- Pipeline #23 [on: HASH_JOIN (id=25), port: default, barrier: PARTIAL]
  Dependencies: Pipeline #20, Pipeline #23
  Output: -> PARTITION [port: default, barrier: PARTIAL]
Pipeline #25: PARTITION (id=26)
  Input: <- Pipeline #24 [on: PARTITION (id=26), port: default, barrier: PARTIAL]
  Dependencies: Pipeline #24
  Output: -> CONCAT [port: default, barrier: PARTIAL]
Pipeline #26: CONCAT (id=27)
  Input: <- Pipeline #25 [on: CONCAT (id=27), port: default, barrier: PARTIAL]
  Dependencies: Pipeline #25
  Output: -> HASH_JOIN [port: default, barrier: PARTIAL]
Pipeline #27: HASH_JOIN (id=28)
  Input: <- Pipeline #17 [on: HASH_JOIN (id=28), port: build, barrier: PARTIAL]
  Input: <- Pipeline #26 [on: HASH_JOIN (id=28), port: default, barrier: PARTIAL]
  Dependencies: Pipeline #17, Pipeline #26
  Output: -> PARTITION [port: default, barrier: PARTIAL]
Pipeline #28: PARTITION (id=29)
  Input: <- Pipeline #27 [on: PARTITION (id=29), port: default, barrier: PARTIAL]
  Dependencies: Pipeline #27
  Output: -> CONCAT [port: default, barrier: PARTIAL]
Pipeline #29: CONCAT (id=30)
  Input: <- Pipeline #28 [on: CONCAT (id=30), port: default, barrier: PARTIAL]
  Dependencies: Pipeline #28
  Output: -> HASH_JOIN [port: default, barrier: PARTIAL]
Pipeline #30: HASH_JOIN (id=31) -> PROJECTION (id=32) -> HASH_GROUP_BY (id=33)
  Input: <- Pipeline #14 [on: HASH_JOIN (id=31), port: build, barrier: PARTIAL]
  Input: <- Pipeline #29 [on: HASH_JOIN (id=31), port: default, barrier: PARTIAL]
  Dependencies: Pipeline #14, Pipeline #29
  Output: -> PARTITION [port: default, barrier: FULL]
Pipeline #31: PARTITION (id=34)
  Input: <- Pipeline #30 [on: PARTITION (id=34), port: default, barrier: FULL]
  Dependencies: Pipeline #30
  Output: -> MERGE_GROUP_BY [port: default, barrier: FULL]
Pipeline #32: MERGE_GROUP_BY (id=35) -> ORDER_BY (id=36)
  Input: <- Pipeline #31 [on: MERGE_GROUP_BY (id=35), port: default, barrier: FULL]
  Dependencies: Pipeline #31
  Output: -> SORT_SAMPLE [port: default, barrier: PIPELINE]
Pipeline #33: SORT_SAMPLE (id=37) -> SORT_PARTITION (id=38)
  Input: <- Pipeline #32 [on: SORT_SAMPLE (id=37), port: default, barrier: PIPELINE]
  Dependencies: Pipeline #32
  Output: -> MERGE_SORT [port: default, barrier: FULL]
Pipeline #34: MERGE_SORT (id=39)
  Input: <- Pipeline #33 [on: MERGE_SORT (id=39), port: default, barrier: FULL]
  Dependencies: Pipeline #33
  Output: -> RESULT_COLLECTOR [port: default, barrier: FULL]
Pipeline #35: RESULT_COLLECTOR (id=40)
  Input: <- Pipeline #34 [on: RESULT_COLLECTOR (id=40), port: default, barrier: FULL]
  Dependencies: Pipeline #34

=== Query Plan DAG ===
┌──────────────────────────┐                                                                                                                                            
│ Pipeline #35             │                                                                                                                                            
│ RESULT_COLLECTOR (id=40) │                                                                                                                                            
│ Input(#34): FULL         │                                                                                                                                            
└────────────┬─────────────┘                                                                                                                                            
             │                                                                                                                                                          
┌──────────────────────────┐                                                                                                                                            
│ Pipeline #34             │                                                                                                                                            
│ MERGE_SORT (id=39)       │                                                                                                                                            
│ Input(#33): FULL         │                                                                                                                                            
└────────────┬─────────────┘                                                                                                                                            
             │                                                                                                                                                          
┌──────────────────────────┐                                                                                                                                            
│ Pipeline #33             │                                                                                                                                            
│ SORT_PARTITION (id=38)   │                                                                                                                                            
│ SORT_SAMPLE (id=37)      │                                                                                                                                            
│ Input(#32): PIPELINE     │                                                                                                                                            
└────────────┬─────────────┘                                                                                                                                            
             │                                                                                                                                                          
┌──────────────────────────┐                                                                                                                                            
│ Pipeline #32             │                                                                                                                                            
│ ORDER_BY (id=36)         │                                                                                                                                            
│ MERGE_GROUP_BY (id=35)   │                                                                                                                                            
│ Input(#31): FULL         │                                                                                                                                            
└────────────┬─────────────┘                                                                                                                                            
             │                                                                                                                                                          
┌──────────────────────────┐                                                                                                                                            
│ Pipeline #31             │                                                                                                                                            
│ PARTITION (id=34)        │                                                                                                                                            
│ Input(#30): FULL         │                                                                                                                                            
└────────────┬─────────────┘                                                                                                                                            
             │                                                                                                                                                          
┌──────────────────────────┐                                                                                                                                            
│ Pipeline #30             │                                                                                                                                            
│ HASH_GROUP_BY (id=33)    │                                                                                                                                            
│ PROJECTION (id=32)       │                                                                                                                                            
│ HASH_JOIN (id=31)        │                                                                                                                                            
│   type: INNER            │                                                                                                                                            
│ Input(#14): PARTIAL      │                                                                                                                                            
│ Input(#29): PARTIAL      │                                                                                                                                            
└────────────┬─────────────┘                                                                                                                                            
             ┌───────────────────────────────────────────────────────────────────────────────────┐                                                                      
             │                                                                                   │                                                                      
┌──────────────────────────┐                                                        ┌──────────────────────────┐                                                        
│ Pipeline #14             │                                                        │ Pipeline #29             │                                                        
│ CONCAT (id=14)           │                                                        │ CONCAT (id=30)           │                                                        
│ Input(#13): PARTIAL      │                                                        │ Input(#28): PARTIAL      │                                                        
└────────────┬─────────────┘                                                        └────────────┬─────────────┘                                                        
             │                                                                                   │                                                                      
┌──────────────────────────┐                                                        ┌──────────────────────────┐                                                        
│ Pipeline #13             │                                                        │ Pipeline #28             │                                                        
│ PARTITION (id=13)        │                                                        │ PARTITION (id=29)        │                                                        
│ Input(#12): FULL         │                                                        │ Input(#27): PARTIAL      │                                                        
└────────────┬─────────────┘                                                        └────────────┬─────────────┘                                                        
             │                                                                                   │                                                                      
┌──────────────────────────┐                                                        ┌──────────────────────────┐                                                        
│ Pipeline #12             │                                                        │ Pipeline #27             │                                                        
│ HASH_JOIN (id=12)        │                                                        │ HASH_JOIN (id=28)        │                                                        
│   type: INNER            │                                                        │   type: INNER            │                                                        
│ Input(#8): PARTIAL       │                                                        │ Input(#17): PARTIAL      │                                                        
│ Input(#11): PARTIAL      │                                                        │ Input(#26): PARTIAL      │                                                        
└────────────┬─────────────┘                                                        └────────────┬─────────────┘                                                        
             ┌───────────────────────────────────────────────────────┐                           ┌───────────────────────────┐                                          
             │                                                       │                           │                           │                                          
┌──────────────────────────┐                            ┌──────────────────────────┐┌──────────────────────────┐┌──────────────────────────┐                            
│ Pipeline #8              │                            │ Pipeline #11             ││ Pipeline #17             ││ Pipeline #26             │                            
│ CONCAT (id=8)            │                            │ CONCAT (id=11)           ││ CONCAT (id=17)           ││ CONCAT (id=27)           │                            
│ Input(#7): PARTIAL       │                            │ Input(#10): PARTIAL      ││ Input(#16): PARTIAL      ││ Input(#25): PARTIAL      │                            
└────────────┬─────────────┘                            └────────────┬─────────────┘└────────────┬─────────────┘└────────────┬─────────────┘                            
             │                                                       │                           │                           │                                          
┌──────────────────────────┐                            ┌──────────────────────────┐┌──────────────────────────┐┌──────────────────────────┐                            
│ Pipeline #7              │                            │ Pipeline #10             ││ Pipeline #16             ││ Pipeline #25             │                            
│ PARTITION (id=7)         │                            │ PARTITION (id=10)        ││ PARTITION (id=16)        ││ PARTITION (id=26)        │                            
│ Input(#6): FULL          │                            │ Input(#9): PARTIAL       ││ Input(#15): FULL         ││ Input(#24): PARTIAL      │                            
└────────────┬─────────────┘                            └────────────┬─────────────┘└────────────┬─────────────┘└────────────┬─────────────┘                            
             │                                                       │                           │                           │                                          
┌──────────────────────────┐                            ┌──────────────────────────┐┌──────────────────────────┐┌──────────────────────────┐                            
│ Pipeline #6              │                            │ Pipeline #9              ││ Pipeline #15             ││ Pipeline #24             │                            
│ HASH_JOIN (id=6)         │                            │ GPU_SCAN (id=9)          ││ GPU_SCAN (id=15)         ││ HASH_JOIN (id=25)        │                            
│   type: INNER            │                            │                          ││                          ││   type: INNER            │                            
│ Input(#2): PARTIAL       │                            │                          ││                          ││ Input(#20): PARTIAL      │                            
│ Input(#5): PARTIAL       │                            │                          ││                          ││ Input(#23): PARTIAL      │                            
└────────────┬─────────────┘                            └──────────────────────────┘└──────────────────────────┘└────────────┬─────────────┘                            
             ┌───────────────────────────┐                                                                                   ┌───────────────────────────┐              
             │                           │                                                                                   │                           │              
┌──────────────────────────┐┌──────────────────────────┐                                                        ┌──────────────────────────┐┌──────────────────────────┐
│ Pipeline #2              ││ Pipeline #5              │                                                        │ Pipeline #20             ││ Pipeline #23             │
│ CONCAT (id=2)            ││ CONCAT (id=5)            │                                                        │ CONCAT (id=20)           ││ CONCAT (id=24)           │
│ Input(#1): PARTIAL       ││ Input(#4): PARTIAL       │                                                        │ Input(#19): PARTIAL      ││ Input(#22): PARTIAL      │
└────────────┬─────────────┘└────────────┬─────────────┘                                                        └────────────┬─────────────┘└────────────┬─────────────┘
             │                           │                                                                                   │                           │              
┌──────────────────────────┐┌──────────────────────────┐                                                        ┌──────────────────────────┐┌──────────────────────────┐
│ Pipeline #1              ││ Pipeline #4              │                                                        │ Pipeline #19             ││ Pipeline #22             │
│ PARTITION (id=1)         ││ PARTITION (id=4)         │                                                        │ PARTITION (id=19)        ││ PARTITION (id=23)        │
│ Input(#0): FULL          ││ Input(#3): PARTIAL       │                                                        │ Input(#18): FULL         ││ Input(#21): PARTIAL      │
└────────────┬─────────────┘└────────────┬─────────────┘                                                        └────────────┬─────────────┘└────────────┬─────────────┘
             │                           │                                                                                   │                           │              
┌──────────────────────────┐┌──────────────────────────┐                                                        ┌──────────────────────────┐┌──────────────────────────┐
│ Pipeline #0              ││ Pipeline #3              │                                                        │ Pipeline #18             ││ Pipeline #21             │
│ GPU_SCAN (id=0)          ││ GPU_SCAN (id=3)          │                                                        │ GPU_SCAN (id=18)         ││ DYNAMIC_FILTER (id=22)   │
│                          ││                          │                                                        │                          ││ GPU_SCAN (id=21)         │
└──────────────────────────┘└──────────────────────────┘                                                        └──────────────────────────┘└──────────────────────────┘

[2026-07-31 08:17:57.948] [info] [sirius_engine.cpp:148] query 63 telemetry_query=019fb74062bb7450b8f123f12cb0b1d2
[2026-07-31 08:17:57.948] [info] [sirius_scan_manager.cpp:1494] [sirius_scan_manager] assigned pinned entry 'nation' to operator '0'
[2026-07-31 08:17:57.948] [info] [sirius_scan_manager.cpp:1494] [sirius_scan_manager] assigned pinned entry 'supplier' to operator '3'
[2026-07-31 08:17:57.948] [info] [sirius_scan_manager.cpp:1494] [sirius_scan_manager] assigned pinned entry 'partsupp' to operator '9'
[2026-07-31 08:17:57.948] [info] [sirius_scan_manager.cpp:1494] [sirius_scan_manager] assigned pinned entry 'orders' to operator '15'
[2026-07-31 08:17:57.948] [info] [sirius_scan_manager.cpp:1494] [sirius_scan_manager] assigned pinned entry 'part' to operator '18'
[2026-07-31 08:17:57.949] [info] [sirius_scan_manager.cpp:1494] [sirius_scan_manager] assigned pinned entry 'lineitem' to operator '21'
[2026-07-31 08:17:57.951] [info] [memory_prefetcher.cpp:52] [memory_prefetcher] started: 3 threads, 6 connectors, min_free_fraction=0.40
[2026-07-31 08:17:57.952] [warning] [sirius_physical_partition.cpp:304] slot_for_device: device_id 0 not found in active GPU list, falling back to slot 0
[2026-07-31 08:17:58.013] [warning] [sirius_physical_partition.cpp:304] slot_for_device: device_id 0 not found in active GPU list, falling back to slot 0
[2026-07-31 08:17:58.015] [warning] [sirius_physical_partition.cpp:304] slot_for_device: device_id 0 not found in active GPU list, falling back to slot 0
[2026-07-31 08:17:58.016] [warning] [sirius_physical_hash_join.cpp:1013] In sirius_physical_hash_join:get_next_task_input_data_for_build_probe: no schedulable partition (build/probe already drained) in operator 12
[2026-07-31 08:17:58.016] [warning] [sirius_physical_partition.cpp:304] slot_for_device: device_id 0 not found in active GPU list, falling back to slot 0
[2026-07-31 08:17:58.424] [info] [dynamic_filter_publisher.cpp:338] [sirius_physical_hash_join] Pushed 1 dynamic filter(s) across 1 active target(s) of 1 wired target(s) (10870459 build rows, 1 keys).
[2026-07-31 08:17:58.732] [warning] [sirius_physical_partition.cpp:304] slot_for_device: device_id 0 not found in active GPU list, falling back to slot 0
[2026-07-31 08:17:58.906] [warning] [sirius_physical_partition.cpp:304] slot_for_device: device_id 0 not found in active GPU list, falling back to slot 0
[2026-07-31 08:17:58.906] [warning] [sirius_physical_partition.cpp:304] slot_for_device: device_id 0 not found in active GPU list, falling back to slot 0
[2026-07-31 08:17:58.906] [warning] [sirius_physical_partition.cpp:304] slot_for_device: device_id 0 not found in active GPU list, falling back to slot 0
[2026-07-31 08:17:58.906] [warning] [sirius_physical_partition.cpp:304] slot_for_device: device_id 0 not found in active GPU list, falling back to slot 0
[2026-07-31 08:17:58.906] [warning] [sirius_physical_partition.cpp:304] slot_for_device: device_id 0 not found in active GPU list, falling back to slot 0
[2026-07-31 08:17:58.906] [warning] [sirius_physical_partition.cpp:304] slot_for_device: device_id 0 not found in active GPU list, falling back to slot 0
[2026-07-31 08:17:58.906] [warning] [sirius_physical_partition.cpp:304] slot_for_device: device_id 0 not found in active GPU list, falling back to slot 0
[2026-07-31 08:17:58.906] [warning] [sirius_physical_partition.cpp:304] slot_for_device: device_id 0 not found in active GPU list, falling back to slot 0
[2026-07-31 08:17:58.906] [warning] [sirius_physical_partition.cpp:304] slot_for_device: device_id 0 not found in active GPU list, falling back to slot 0
[2026-07-31 08:17:58.906] [warning] [sirius_physical_partition.cpp:304] slot_for_device: device_id 0 not found in active GPU list, falling back to slot 0
[2026-07-31 08:17:58.907] [warning] [sirius_physical_partition.cpp:304] slot_for_device: device_id 0 not found in active GPU list, falling back to slot 0
[2026-07-31 08:17:58.907] [warning] [sirius_physical_partition.cpp:304] slot_for_device: device_id 0 not found in active GPU list, falling back to slot 0
[2026-07-31 08:17:58.907] [warning] [sirius_physical_partition.cpp:304] slot_for_device: device_id 0 not found in active GPU list, falling back to slot 0
[2026-07-31 08:17:58.907] [warning] [sirius_physical_partition.cpp:304] slot_for_device: device_id 0 not found in active GPU list, falling back to slot 0
[2026-07-31 08:17:58.907] [warning] [sirius_physical_partition.cpp:304] slot_for_device: device_id 0 not found in active GPU list, falling back to slot 0
[2026-07-31 08:17:58.907] [warning] [sirius_physical_partition.cpp:304] slot_for_device: device_id 0 not found in active GPU list, falling back to slot 0
[2026-07-31 08:17:58.907] [warning] [sirius_physical_partition.cpp:304] slot_for_device: device_id 0 not found in active GPU list, falling back to slot 0
[2026-07-31 08:17:58.907] [warning] [sirius_physical_partition.cpp:304] slot_for_device: device_id 0 not found in active GPU list, falling back to slot 0
[2026-07-31 08:17:58.907] [warning] [sirius_physical_partition.cpp:304] slot_for_device: device_id 0 not found in active GPU list, falling back to slot 0
[2026-07-31 08:17:58.907] [warning] [sirius_physical_partition.cpp:304] slot_for_device: device_id 0 not found in active GPU list, falling back to slot 0
[2026-07-31 08:17:58.907] [warning] [sirius_physical_partition.cpp:304] slot_for_device: device_id 0 not found in active GPU list, falling back to slot 0
[2026-07-31 08:17:58.907] [warning] [sirius_physical_partition.cpp:304] slot_for_device: device_id 0 not found in active GPU list, falling back to slot 0
[2026-07-31 08:17:58.907] [warning] [sirius_physical_partition.cpp:304] slot_for_device: device_id 0 not found in active GPU list, falling back to slot 0
[2026-07-31 08:17:58.907] [warning] [sirius_physical_partition.cpp:304] slot_for_device: device_id 0 not found in active GPU list, falling back to slot 0
[2026-07-31 08:17:58.907] [warning] [sirius_physical_partition.cpp:304] slot_for_device: device_id 0 not found in active GPU list, falling back to slot 0
[2026-07-31 08:17:58.907] [warning] [sirius_physical_partition.cpp:304] slot_for_device: device_id 0 not found in active GPU list, falling back to slot 0
[2026-07-31 08:17:58.907] [warning] [sirius_physical_partition.cpp:304] slot_for_device: device_id 0 not found in active GPU list, falling back to slot 0
[2026-07-31 08:17:58.907] [warning] [sirius_physical_partition.cpp:304] slot_for_device: device_id 0 not found in active GPU list, falling back to slot 0
[2026-07-31 08:17:58.907] [warning] [sirius_physical_partition.cpp:304] slot_for_device: device_id 0 not found in active GPU list, falling back to slot 0
[2026-07-31 08:17:58.907] [warning] [sirius_physical_partition.cpp:304] slot_for_device: device_id 0 not found in active GPU list, falling back to slot 0
[2026-07-31 08:17:58.907] [warning] [sirius_physical_partition.cpp:304] slot_for_device: device_id 0 not found in active GPU list, falling back to slot 0
[2026-07-31 08:17:58.907] [warning] [sirius_physical_partition.cpp:304] slot_for_device: device_id 0 not found in active GPU list, falling back to slot 0
[2026-07-31 08:17:58.907] [warning] [sirius_physical_partition.cpp:304] slot_for_device: device_id 0 not found in active GPU list, falling back to slot 0
[2026-07-31 08:17:58.907] [warning] [sirius_physical_partition.cpp:304] slot_for_device: device_id 0 not found in active GPU list, falling back to slot 0
[2026-07-31 08:17:58.907] [warning] [sirius_physical_partition.cpp:304] slot_for_device: device_id 0 not found in active GPU list, falling back to slot 0
[2026-07-31 08:17:58.907] [warning] [sirius_physical_partition.cpp:304] slot_for_device: device_id 0 not found in active GPU list, falling back to slot 0
[2026-07-31 08:17:58.907] [warning] [sirius_physical_partition.cpp:304] slot_for_device: device_id 0 not found in active GPU list, falling back to slot 0
[2026-07-31 08:17:58.907] [warning] [sirius_physical_partition.cpp:304] slot_for_device: device_id 0 not found in active GPU list, falling back to slot 0
[2026-07-31 08:17:58.907] [warning] [sirius_physical_partition.cpp:304] slot_for_device: device_id 0 not found in active GPU list, falling back to slot 0
[2026-07-31 08:17:58.907] [warning] [sirius_physical_partition.cpp:304] slot_for_device: device_id 0 not found in active GPU list, falling back to slot 0
[2026-07-31 08:17:58.907] [warning] [sirius_physical_partition.cpp:304] slot_for_device: device_id 0 not found in active GPU list, falling back to slot 0
[2026-07-31 08:17:58.907] [warning] [sirius_physical_partition.cpp:304] slot_for_device: device_id 0 not found in active GPU list, falling back to slot 0
[2026-07-31 08:17:58.907] [warning] [sirius_physical_partition.cpp:304] slot_for_device: device_id 0 not found in active GPU list, falling back to slot 0
[2026-07-31 08:17:58.926] [warning] [sirius_physical_partition.cpp:304] slot_for_device: device_id 0 not found in active GPU list, falling back to slot 0
[2026-07-31 08:17:59.004] [warning] [sirius_physical_partition.cpp:304] slot_for_device: device_id 0 not found in active GPU list, falling back to slot 0
[2026-07-31 08:17:59.004] [warning] [sirius_physical_partition.cpp:304] slot_for_device: device_id 0 not found in active GPU list, falling back to slot 0
[2026-07-31 08:17:59.009] [warning] [sirius_physical_partition.cpp:304] slot_for_device: device_id 0 not found in active GPU list, falling back to slot 0
[2026-07-31 08:17:59.013] [warning] [sirius_physical_partition.cpp:304] slot_for_device: device_id 0 not found in active GPU list, falling back to slot 0
[2026-07-31 08:17:59.014] [warning] [sirius_physical_partition.cpp:304] slot_for_device: device_id 0 not found in active GPU list, falling back to slot 0
[2026-07-31 08:17:59.795] [info] [gpu_pipeline_executor.cpp:129] GPU Pipeline Executor: task queue interrupted, stopping manager loop
[2026-07-31 08:17:59.795] [info] [sirius_context.cpp:300] QueryEnd
[2026-07-31 08:17:59.808] [info] [memory_prefetcher.cpp:65] [memory_prefetcher] stopping: prefetched 33 batches / 145468424440 bytes (stops: headroom=78 reservation=0, skips: lock=0 draining=92)
[2026-07-31 08:17:59.808] [info] [sirius_context.cpp:152] [host_pool] HOST:0 QueryEnd instance=0xc36148a50620 connection=1 window=63 query=120 allocated=305412440064 bytes peak=305479548928 bytes free_blocks=1
[2026-07-31 08:17:59.808] [info] [sirius_context.cpp:167] [gpu_pool] GPU:0 QueryEnd instance=0xc36148a50620 connection=1 window=63 query=120 allocated=0 bytes peak=203848467648 bytes reserved=0 bytes
[2026-07-31 08:17:59.808] [info] [sirius_context.cpp:416] [window] end instance=0xc36148a50620 connection=1 window=63 query=120 outcome=ok
[2026-07-31 08:17:59.808] [info] [physical_sirius_execution.cpp:329] Transparent GPU execution: query completed
[2026-07-31 08:17:59.825] [info] [sirius_context.cpp:225] QueryBegin: instance=0xc36148a50620 connection=1 query=121 SQL: CALL unpin_table('part')
[2026-07-31 08:17:59.825] [info] [sirius_context.cpp:225] QueryBegin: instance=0xc36148a50620 connection=1 query=122 SQL: CALL unpin_table('supplier')
[2026-07-31 08:17:59.826] [info] [sirius_context.cpp:225] QueryBegin: instance=0xc36148a50620 connection=1 query=123 SQL: CALL unpin_table('lineitem')
[2026-07-31 08:17:59.826] [info] [sirius_context.cpp:225] QueryBegin: instance=0xc36148a50620 connection=1 query=124 SQL: CALL unpin_table('partsupp')
[2026-07-31 08:17:59.827] [info] [sirius_context.cpp:225] QueryBegin: instance=0xc36148a50620 connection=1 query=125 SQL: CALL unpin_table('orders')
[2026-07-31 08:17:59.827] [info] [sirius_context.cpp:225] QueryBegin: instance=0xc36148a50620 connection=1 query=126 SQL: CALL unpin_table('nation')
[2026-07-31 08:17:59.828] [info] [sirius_context.cpp:225] QueryBegin: instance=0xc36148a50620 connection=1 query=127 SQL: CALL pin_table('/home/nvidia/tpch_parquet_sf1000/customer/*.parquet', tier='host', name='customer', cols=['c_custkey','c_name','c_acctbal','c_address','c_phone','c_comment','c_nationkey'])
[2026-07-31 08:17:59.828] [info] [sirius_context.cpp:416] [window] begin instance=0xc36148a50620 connection=1 window=64 query=127 outcome=-
[2026-07-31 08:17:59.828] [info] [sirius_context.cpp:152] [host_pool] HOST:0 QueryBegin instance=0xc36148a50620 connection=1 window=64 query=127 allocated=17515413504 bytes peak=305479548928 bytes free_blocks=4291
[2026-07-31 08:17:59.828] [info] [sirius_context.cpp:167] [gpu_pool] GPU:0 QueryBegin instance=0xc36148a50620 connection=1 window=64 query=127 allocated=0 bytes peak=203848467648 bytes reserved=0 bytes
[2026-07-31 08:17:59.828] [info] [sirius_context.cpp:285] QueryBegin: pin_table
[2026-07-31 08:18:00.551] [info] [sirius_context.cpp:300] QueryEnd
[2026-07-31 08:18:00.563] [info] [sirius_context.cpp:152] [host_pool] HOST:0 QueryEnd instance=0xc36148a50620 connection=1 window=64 query=127 allocated=42748346368 bytes peak=305479548928 bytes free_blocks=3915
[2026-07-31 08:18:00.563] [info] [sirius_context.cpp:167] [gpu_pool] GPU:0 QueryEnd instance=0xc36148a50620 connection=1 window=64 query=127 allocated=0 bytes peak=203848467648 bytes reserved=0 bytes
[2026-07-31 08:18:00.563] [info] [sirius_context.cpp:416] [window] end instance=0xc36148a50620 connection=1 window=64 query=127 outcome=ok
[2026-07-31 08:18:00.563] [info] [sirius_context.cpp:225] QueryBegin: instance=0xc36148a50620 connection=1 query=128 SQL: CALL pin_table('/home/nvidia/tpch_parquet_sf1000/orders/*.parquet', tier='host', name='orders', cols=['o_custkey','o_orderkey','o_orderdate'])
[2026-07-31 08:18:00.564] [info] [sirius_context.cpp:416] [window] begin instance=0xc36148a50620 connection=1 window=65 query=128 outcome=-
[2026-07-31 08:18:00.564] [info] [sirius_context.cpp:152] [host_pool] HOST:0 QueryBegin instance=0xc36148a50620 connection=1 window=65 query=128 allocated=42748346368 bytes peak=305479548928 bytes free_blocks=3915
[2026-07-31 08:18:00.564] [info] [sirius_context.cpp:167] [gpu_pool] GPU:0 QueryBegin instance=0xc36148a50620 connection=1 window=65 query=128 allocated=0 bytes peak=203848467648 bytes reserved=0 bytes
[2026-07-31 08:18:00.564] [info] [sirius_context.cpp:285] QueryBegin: pin_table
[2026-07-31 08:18:01.211] [info] [sirius_context.cpp:300] QueryEnd
[2026-07-31 08:18:01.217] [info] [sirius_context.cpp:152] [host_pool] HOST:0 QueryEnd instance=0xc36148a50620 connection=1 window=65 query=128 allocated=67511517184 bytes peak=305479548928 bytes free_blocks=3546
[2026-07-31 08:18:01.217] [info] [sirius_context.cpp:167] [gpu_pool] GPU:0 QueryEnd instance=0xc36148a50620 connection=1 window=65 query=128 allocated=0 bytes peak=203848467648 bytes reserved=0 bytes
[2026-07-31 08:18:01.217] [info] [sirius_context.cpp:416] [window] end instance=0xc36148a50620 connection=1 window=65 query=128 outcome=ok
[2026-07-31 08:18:01.217] [info] [sirius_context.cpp:225] QueryBegin: instance=0xc36148a50620 connection=1 query=129 SQL: CALL pin_table('/home/nvidia/tpch_parquet_sf1000/lineitem/*.parquet', tier='host', name='lineitem', cols=['l_orderkey','l_extendedprice','l_discount','l_returnflag'])
[2026-07-31 08:18:01.218] [info] [sirius_context.cpp:416] [window] begin instance=0xc36148a50620 connection=1 window=66 query=129 outcome=-
[2026-07-31 08:18:01.218] [info] [sirius_context.cpp:152] [host_pool] HOST:0 QueryBegin instance=0xc36148a50620 connection=1 window=66 query=129 allocated=67511517184 bytes peak=305479548928 bytes free_blocks=3546
[2026-07-31 08:18:01.218] [info] [sirius_context.cpp:167] [gpu_pool] GPU:0 QueryBegin instance=0xc36148a50620 connection=1 window=66 query=129 allocated=0 bytes peak=203848467648 bytes reserved=0 bytes
[2026-07-31 08:18:01.218] [info] [sirius_context.cpp:285] QueryBegin: pin_table
[2026-07-31 08:18:04.040] [info] [sirius_context.cpp:300] QueryEnd
[2026-07-31 08:18:04.044] [info] [sirius_context.cpp:152] [host_pool] HOST:0 QueryEnd instance=0xc36148a50620 connection=1 window=66 query=129 allocated=246088204288 bytes peak=305479548928 bytes free_blocks=885
[2026-07-31 08:18:04.044] [info] [sirius_context.cpp:167] [gpu_pool] GPU:0 QueryEnd instance=0xc36148a50620 connection=1 window=66 query=129 allocated=0 bytes peak=203848467648 bytes reserved=0 bytes
[2026-07-31 08:18:04.044] [info] [sirius_context.cpp:416] [window] end instance=0xc36148a50620 connection=1 window=66 query=129 outcome=ok
[2026-07-31 08:18:04.044] [info] [sirius_context.cpp:225] QueryBegin: instance=0xc36148a50620 connection=1 query=130 SQL: CALL pin_table('/home/nvidia/tpch_parquet_sf1000/nation/*.parquet', tier='host', name='nation', cols=['n_nationkey','n_name'])
[2026-07-31 08:18:04.045] [info] [sirius_context.cpp:416] [window] begin instance=0xc36148a50620 connection=1 window=67 query=130 outcome=-
[2026-07-31 08:18:04.045] [info] [sirius_context.cpp:152] [host_pool] HOST:0 QueryBegin instance=0xc36148a50620 connection=1 window=67 query=130 allocated=246088204288 bytes peak=305479548928 bytes free_blocks=885
[2026-07-31 08:18:04.045] [info] [sirius_context.cpp:167] [gpu_pool] GPU:0 QueryBegin instance=0xc36148a50620 connection=1 window=67 query=130 allocated=0 bytes peak=203848467648 bytes reserved=0 bytes
[2026-07-31 08:18:04.045] [info] [sirius_context.cpp:285] QueryBegin: pin_table
[2026-07-31 08:18:04.047] [info] [sirius_context.cpp:300] QueryEnd
[2026-07-31 08:18:04.054] [info] [sirius_context.cpp:152] [host_pool] HOST:0 QueryEnd instance=0xc36148a50620 connection=1 window=67 query=130 allocated=246155313152 bytes peak=305479548928 bytes free_blocks=884
[2026-07-31 08:18:04.054] [info] [sirius_context.cpp:167] [gpu_pool] GPU:0 QueryEnd instance=0xc36148a50620 connection=1 window=67 query=130 allocated=0 bytes peak=203848467648 bytes reserved=0 bytes
[2026-07-31 08:18:04.054] [info] [sirius_context.cpp:416] [window] end instance=0xc36148a50620 connection=1 window=67 query=130 outcome=ok
[2026-07-31 08:18:04.054] [info] [sirius_context.cpp:225] QueryBegin: instance=0xc36148a50620 connection=1 query=131 SQL: SET gpu_execution = true;
