[2026-07-31 08:18:59.664] [info] [sirius_context.cpp:225] QueryBegin: instance=0xc36148a50620 connection=1 query=243 SQL: select s.s_name, s.s_address from supplier s, nation n where s.s_suppkey in ( select ps.ps_suppkey from partsupp ps where ps. ps_partkey in ( select p.p_partkey from part p where p.p_name like 'antique%' ) and ps.ps_availqty > ( select 0.5 * sum(l.l_quantity) from lineitem l where l.l_partkey = ps.ps_partkey and l.l_suppkey = ps.ps_suppkey and l.l_shipdate >= date '1993-01-01' and l.l_shipdate < date '1994-01-01' ) ) and s.s_nationkey = n.n_nationkey and n.n_name = 'KENYA' order by s.s_name
[2026-07-31 08:18:59.679] [info] [sirius_plan_get.cpp:498] [sirius_plan_get] LogicalGet has dynamic_filters attached (channel key=0xc36155692a20).
[2026-07-31 08:18:59.679] [info] [sirius_plan_comparison_join.cpp:608] [sirius_plan_comparison_join] Wired hash join with 1 dynamic-filter probe target(s) (build est 199999968 rows).
[2026-07-31 08:18:59.679] [info] [sirius_plan_get.cpp:498] [sirius_plan_get] LogicalGet has dynamic_filters attached (channel key=0xc3615560e340).
[2026-07-31 08:18:59.679] [info] [sirius_plan_comparison_join.cpp:608] [sirius_plan_comparison_join] Wired hash join with 1 dynamic-filter probe target(s) (build est 0 rows).
[2026-07-31 08:18:59.679] [info] [sirius_plan_get.cpp:498] [sirius_plan_get] LogicalGet has dynamic_filters attached (channel key=0xc36150ea6ee0).
[2026-07-31 08:18:59.679] [info] [sirius_plan_comparison_join.cpp:608] [sirius_plan_comparison_join] Wired hash join with 1 dynamic-filter probe target(s) (build est 25 rows).
[2026-07-31 08:18:59.680] [info] [sirius_context.cpp:1244] Transparent execution: Sirius physical plan generated successfully
[2026-07-31 08:18:59.680] [info] [sirius_context.cpp:1272] Transparent execution: physical plan replaced with GPU operator
[2026-07-31 08:18:59.680] [info] [physical_sirius_execution.cpp:155] Transparent GPU execution: executing query
[2026-07-31 08:18:59.680] [info] [sirius_context.cpp:416] [window] begin instance=0xc36148a50620 connection=1 window=124 query=243 outcome=-
[2026-07-31 08:18:59.680] [info] [sirius_context.cpp:152] [host_pool] HOST:0 QueryBegin instance=0xc36148a50620 connection=1 window=124 query=243 allocated=161195491328 bytes peak=342523641856 bytes free_blocks=2702
[2026-07-31 08:18:59.680] [info] [sirius_context.cpp:167] [gpu_pool] GPU:0 QueryBegin instance=0xc36148a50620 connection=1 window=124 query=243 allocated=0 bytes peak=217193673216 bytes reserved=0 bytes
[2026-07-31 08:18:59.680] [info] [sirius_context.cpp:285] QueryBegin: transparent_execution
[2026-07-31 08:18:59.684] [info] [sirius_plan_get.cpp:498] [sirius_plan_get] LogicalGet has dynamic_filters attached (channel key=0xc36155692a20).
[2026-07-31 08:18:59.684] [info] [sirius_plan_comparison_join.cpp:608] [sirius_plan_comparison_join] Wired hash join with 1 dynamic-filter probe target(s) (build est 199999968 rows).
[2026-07-31 08:18:59.684] [info] [sirius_plan_get.cpp:498] [sirius_plan_get] LogicalGet has dynamic_filters attached (channel key=0xc3615560e340).
[2026-07-31 08:18:59.684] [info] [sirius_plan_comparison_join.cpp:608] [sirius_plan_comparison_join] Wired hash join with 1 dynamic-filter probe target(s) (build est 0 rows).
[2026-07-31 08:18:59.684] [info] [sirius_plan_get.cpp:498] [sirius_plan_get] LogicalGet has dynamic_filters attached (channel key=0xc36150ea6ee0).
[2026-07-31 08:18:59.684] [info] [sirius_plan_comparison_join.cpp:608] [sirius_plan_comparison_join] Wired hash join with 1 dynamic-filter probe target(s) (build est 25 rows).
[2026-07-31 08:18:59.685] [info] [sirius_engine.cpp:265] Query Plan:
=== Pipeline Overview ===
Pipeline #0: GPU_SCAN (id=0)
  Output: -> PARTITION [port: default, barrier: FULL]
Pipeline #1: PARTITION (id=1)
  Input: <- Pipeline #0 [on: PARTITION (id=1), port: default, barrier: FULL]
  Dependencies: Pipeline #0
  Output: -> CONCAT [port: default, barrier: PARTIAL]
Pipeline #2: CONCAT (id=2)
  Input: <- Pipeline #1 [on: CONCAT (id=2), port: default, barrier: PARTIAL]
  Dependencies: Pipeline #1
  Output: -> HASH_JOIN [port: build, barrier: PARTIAL]
Pipeline #3: GPU_SCAN (id=3) -> DYNAMIC_FILTER (id=4)
  Output: -> PARTITION [port: default, barrier: PARTIAL]
Pipeline #4: PARTITION (id=5)
  Input: <- Pipeline #3 [on: PARTITION (id=5), port: default, barrier: PARTIAL]
  Dependencies: Pipeline #3
  Output: -> CONCAT [port: default, barrier: PARTIAL]
Pipeline #5: CONCAT (id=6)
  Input: <- Pipeline #4 [on: CONCAT (id=6), port: default, barrier: PARTIAL]
  Dependencies: Pipeline #4
  Output: -> HASH_JOIN [port: default, barrier: PARTIAL]
Pipeline #6: HASH_JOIN (id=7)
  Input: <- Pipeline #2 [on: HASH_JOIN (id=7), port: build, barrier: PARTIAL]
  Input: <- Pipeline #5 [on: HASH_JOIN (id=7), port: default, barrier: PARTIAL]
  Dependencies: Pipeline #2, Pipeline #5
  Output: -> PARTITION [port: default, barrier: FULL]
Pipeline #7: PARTITION (id=8)
  Input: <- Pipeline #6 [on: PARTITION (id=8), port: default, barrier: FULL]
  Dependencies: Pipeline #6
  Output: -> CONCAT [port: default, barrier: PARTIAL]
Pipeline #8: CONCAT (id=9)
  Input: <- Pipeline #7 [on: CONCAT (id=9), port: default, barrier: PARTIAL]
  Dependencies: Pipeline #7
  Output: -> HASH_JOIN [port: build, barrier: PARTIAL]
Pipeline #9: GPU_SCAN (id=10)
  Output: -> PARTITION [port: default, barrier: FULL]
Pipeline #10: PARTITION (id=11)
  Input: <- Pipeline #9 [on: PARTITION (id=11), port: default, barrier: FULL]
  Dependencies: Pipeline #9
  Output: -> CONCAT [port: default, barrier: PARTIAL]
Pipeline #11: CONCAT (id=12)
  Input: <- Pipeline #10 [on: CONCAT (id=12), port: default, barrier: PARTIAL]
  Dependencies: Pipeline #10
  Output: -> HASH_JOIN [port: build, barrier: PARTIAL]
Pipeline #12: GPU_SCAN (id=13) -> DYNAMIC_FILTER (id=14)
  Output: -> PARTITION [port: default, barrier: PARTIAL]
Pipeline #13: PARTITION (id=15)
  Input: <- Pipeline #12 [on: PARTITION (id=15), port: default, barrier: PARTIAL]
  Dependencies: Pipeline #12
  Output: -> CONCAT [port: default, barrier: PARTIAL]
Pipeline #14: CONCAT (id=16)
  Input: <- Pipeline #13 [on: CONCAT (id=16), port: default, barrier: PARTIAL]
  Dependencies: Pipeline #13
  Output: -> HASH_JOIN [port: default, barrier: PARTIAL]
Pipeline #15: HASH_JOIN (id=17) -> LEFT_DELIM_JOIN (id=18)
  Input: <- Pipeline #11 [on: HASH_JOIN (id=17), port: build, barrier: PARTIAL]
  Input: <- Pipeline #14 [on: HASH_JOIN (id=17), port: default, barrier: PARTIAL]
  Dependencies: Pipeline #11, Pipeline #14
  Output: -> COLUMN_DATA_SCAN [port: default, barrier: FULL]
  Output: -> HASH_GROUP_BY [port: default, barrier: FULL]
Pipeline #16: HASH_GROUP_BY (id=19)
  Input: <- Pipeline #15 [on: HASH_GROUP_BY (id=19), port: default, barrier: FULL]
  Dependencies: Pipeline #15
  Output: -> PARTITION [port: default, barrier: FULL]
Pipeline #17: PARTITION (id=20)
  Input: <- Pipeline #16 [on: PARTITION (id=20), port: default, barrier: FULL]
  Dependencies: Pipeline #16
  Output: -> MERGE_GROUP_BY [port: default, barrier: FULL]
Pipeline #18: MERGE_GROUP_BY (id=21)
  Input: <- Pipeline #17 [on: MERGE_GROUP_BY (id=21), port: default, barrier: FULL]
  Dependencies: Pipeline #17
  Output: -> PARTITION [port: default, barrier: FULL]
Pipeline #19: PARTITION (id=22)
  Input: <- Pipeline #18 [on: PARTITION (id=22), port: default, barrier: FULL]
  Dependencies: Pipeline #18
  Output: -> CONCAT [port: default, barrier: PARTIAL]
Pipeline #20: CONCAT (id=23)
  Input: <- Pipeline #19 [on: CONCAT (id=23), port: default, barrier: PARTIAL]
  Dependencies: Pipeline #19
  Output: -> HASH_JOIN [port: build, barrier: PARTIAL]
Pipeline #21: GPU_SCAN (id=24) -> DYNAMIC_FILTER (id=25)
  Output: -> PARTITION [port: default, barrier: PARTIAL]
Pipeline #22: PARTITION (id=26)
  Input: <- Pipeline #21 [on: PARTITION (id=26), port: default, barrier: PARTIAL]
  Dependencies: Pipeline #21
  Output: -> CONCAT [port: default, barrier: PARTIAL]
Pipeline #23: CONCAT (id=27)
  Input: <- Pipeline #22 [on: CONCAT (id=27), port: default, barrier: PARTIAL]
  Dependencies: Pipeline #22
  Output: -> HASH_JOIN [port: default, barrier: PARTIAL]
Pipeline #24: HASH_JOIN (id=28) -> PROJECTION (id=29) -> HASH_GROUP_BY (id=30)
  Input: <- Pipeline #20 [on: HASH_JOIN (id=28), port: build, barrier: PARTIAL]
  Input: <- Pipeline #23 [on: HASH_JOIN (id=28), port: default, barrier: PARTIAL]
  Dependencies: Pipeline #20, Pipeline #23
  Output: -> PARTITION [port: default, barrier: FULL]
Pipeline #25: PARTITION (id=31)
  Input: <- Pipeline #24 [on: PARTITION (id=31), port: default, barrier: FULL]
  Dependencies: Pipeline #24
  Output: -> MERGE_GROUP_BY [port: default, barrier: FULL]
Pipeline #26: MERGE_GROUP_BY (id=32) -> PROJECTION (id=33)
  Input: <- Pipeline #25 [on: MERGE_GROUP_BY (id=32), port: default, barrier: FULL]
  Dependencies: Pipeline #25
  Output: -> PARTITION [port: default, barrier: FULL]
Pipeline #27: PARTITION (id=34)
  Input: <- Pipeline #26 [on: PARTITION (id=34), port: default, barrier: FULL]
  Dependencies: Pipeline #26
  Output: -> CONCAT [port: default, barrier: PARTIAL]
Pipeline #28: CONCAT (id=35)
  Input: <- Pipeline #27 [on: CONCAT (id=35), port: default, barrier: PARTIAL]
  Dependencies: Pipeline #27
  Output: -> HASH_JOIN [port: build, barrier: PARTIAL]
Pipeline #29: COLUMN_DATA_SCAN (id=36)
  Input: <- Pipeline #15 [on: COLUMN_DATA_SCAN (id=36), port: default, barrier: FULL]
  Dependencies: Pipeline #15
  Output: -> PARTITION [port: default, barrier: PARTIAL]
Pipeline #30: PARTITION (id=37)
  Input: <- Pipeline #29 [on: PARTITION (id=37), port: default, barrier: PARTIAL]
  Dependencies: Pipeline #29
  Output: -> CONCAT [port: default, barrier: PARTIAL]
Pipeline #31: CONCAT (id=38)
  Input: <- Pipeline #30 [on: CONCAT (id=38), port: default, barrier: PARTIAL]
  Dependencies: Pipeline #30
  Output: -> HASH_JOIN [port: default, barrier: PARTIAL]
Pipeline #32: HASH_JOIN (id=39) -> FILTER (id=40)
  Input: <- Pipeline #28 [on: HASH_JOIN (id=39), port: build, barrier: PARTIAL]
  Input: <- Pipeline #31 [on: HASH_JOIN (id=39), port: default, barrier: PARTIAL]
  Dependencies: Pipeline #28, Pipeline #31
  Output: -> PARTITION [port: default, barrier: FULL]
Pipeline #33: PARTITION (id=41)
  Input: <- Pipeline #32 [on: PARTITION (id=41), port: default, barrier: FULL]
  Dependencies: Pipeline #32
  Output: -> CONCAT [port: default, barrier: PARTIAL]
Pipeline #34: CONCAT (id=42)
  Input: <- Pipeline #33 [on: CONCAT (id=42), port: default, barrier: PARTIAL]
  Dependencies: Pipeline #33
  Output: -> HASH_JOIN [port: default, barrier: PARTIAL]
Pipeline #35: HASH_JOIN (id=43) -> ORDER_BY (id=44)
  Input: <- Pipeline #34 [on: HASH_JOIN (id=43), port: default, barrier: PARTIAL]
  Input: <- Pipeline #8 [on: HASH_JOIN (id=43), port: build, barrier: PARTIAL]
  Dependencies: Pipeline #8, Pipeline #34
  Output: -> SORT_SAMPLE [port: default, barrier: PIPELINE]
Pipeline #36: SORT_SAMPLE (id=45) -> SORT_PARTITION (id=46)
  Input: <- Pipeline #35 [on: SORT_SAMPLE (id=45), port: default, barrier: PIPELINE]
  Dependencies: Pipeline #35
  Output: -> MERGE_SORT [port: default, barrier: FULL]
Pipeline #37: MERGE_SORT (id=47)
  Input: <- Pipeline #36 [on: MERGE_SORT (id=47), port: default, barrier: FULL]
  Dependencies: Pipeline #36
  Output: -> RESULT_COLLECTOR [port: default, barrier: FULL]
Pipeline #38: RESULT_COLLECTOR (id=48)
  Input: <- Pipeline #37 [on: RESULT_COLLECTOR (id=48), port: default, barrier: FULL]
  Dependencies: Pipeline #37

=== Query Plan DAG ===
┌──────────────────────────┐                                                                                                                                            
│ Pipeline #38             │                                                                                                                                            
│ RESULT_COLLECTOR (id=48) │                                                                                                                                            
│ Input(#37): FULL         │                                                                                                                                            
└────────────┬─────────────┘                                                                                                                                            
             │                                                                                                                                                          
┌──────────────────────────┐                                                                                                                                            
│ Pipeline #37             │                                                                                                                                            
│ MERGE_SORT (id=47)       │                                                                                                                                            
│ Input(#36): FULL         │                                                                                                                                            
└────────────┬─────────────┘                                                                                                                                            
             │                                                                                                                                                          
┌──────────────────────────┐                                                                                                                                            
│ Pipeline #36             │                                                                                                                                            
│ SORT_PARTITION (id=46)   │                                                                                                                                            
│ SORT_SAMPLE (id=45)      │                                                                                                                                            
│ Input(#35): PIPELINE     │                                                                                                                                            
└────────────┬─────────────┘                                                                                                                                            
             │                                                                                                                                                          
┌──────────────────────────┐                                                                                                                                            
│ Pipeline #35             │                                                                                                                                            
│ ORDER_BY (id=44)         │                                                                                                                                            
│ HASH_JOIN (id=43)        │                                                                                                                                            
│   type: RIGHT_SEMI       │                                                                                                                                            
│ Input(#34): PARTIAL      │                                                                                                                                            
│ Input(#8): PARTIAL       │                                                                                                                                            
└────────────┬─────────────┘                                                                                                                                            
             ┌───────────────────────────────────────────────────────┐                                                                                                  
             │                                                       │                                                                                                  
┌──────────────────────────┐                            ┌──────────────────────────┐                                                                                    
│ Pipeline #8              │                            │ Pipeline #34             │                                                                                    
│ CONCAT (id=9)            │                            │ CONCAT (id=42)           │                                                                                    
│ Input(#7): PARTIAL       │                            │ Input(#33): PARTIAL      │                                                                                    
└────────────┬─────────────┘                            └────────────┬─────────────┘                                                                                    
             │                                                       │                                                                                                  
┌──────────────────────────┐                            ┌──────────────────────────┐                                                                                    
│ Pipeline #7              │                            │ Pipeline #33             │                                                                                    
│ PARTITION (id=8)         │                            │ PARTITION (id=41)        │                                                                                    
│ Input(#6): FULL          │                            │ Input(#32): FULL         │                                                                                    
└────────────┬─────────────┘                            └────────────┬─────────────┘                                                                                    
             │                                                       │                                                                                                  
┌──────────────────────────┐                            ┌──────────────────────────┐                                                                                    
│ Pipeline #6              │                            │ Pipeline #32             │                                                                                    
│ HASH_JOIN (id=7)         │                            │ FILTER (id=40)           │                                                                                    
│   type: INNER            │                            │ HASH_JOIN (id=39)        │                                                                                    
│ Input(#2): PARTIAL       │                            │   type: LEFT             │                                                                                    
│ Input(#5): PARTIAL       │                            │ Input(#28): PARTIAL      │                                                                                    
│                          │                            │ Input(#31): PARTIAL      │                                                                                    
└────────────┬─────────────┘                            └────────────┬─────────────┘                                                                                    
             ┌───────────────────────────┐                           ┌───────────────────────────────────────────────────────────────────────────────────┐              
             │                           │                           │                                                                                   │              
┌──────────────────────────┐┌──────────────────────────┐┌──────────────────────────┐                                                        ┌──────────────────────────┐
│ Pipeline #2              ││ Pipeline #5              ││ Pipeline #28             │                                                        │ Pipeline #31             │
│ CONCAT (id=2)            ││ CONCAT (id=6)            ││ CONCAT (id=35)           │                                                        │ CONCAT (id=38)           │
│ Input(#1): PARTIAL       ││ Input(#4): PARTIAL       ││ Input(#27): PARTIAL      │                                                        │ Input(#30): PARTIAL      │
└────────────┬─────────────┘└────────────┬─────────────┘└────────────┬─────────────┘                                                        └────────────┬─────────────┘
             │                           │                           │                                                                                   │              
┌──────────────────────────┐┌──────────────────────────┐┌──────────────────────────┐                                                        ┌──────────────────────────┐
│ Pipeline #1              ││ Pipeline #4              ││ Pipeline #27             │                                                        │ Pipeline #30             │
│ PARTITION (id=1)         ││ PARTITION (id=5)         ││ PARTITION (id=34)        │                                                        │ PARTITION (id=37)        │
│ Input(#0): FULL          ││ Input(#3): PARTIAL       ││ Input(#26): FULL         │                                                        │ Input(#29): PARTIAL      │
└────────────┬─────────────┘└────────────┬─────────────┘└────────────┬─────────────┘                                                        └────────────┬─────────────┘
             │                           │                           │                                                                                   │              
┌──────────────────────────┐┌──────────────────────────┐┌──────────────────────────┐                                                        ┌──────────────────────────┐
│ Pipeline #0              ││ Pipeline #3              ││ Pipeline #26             │                                                        │ Pipeline #29             │
│ GPU_SCAN (id=0)          ││ DYNAMIC_FILTER (id=4)    ││ PROJECTION (id=33)       │                                                        │ COLUMN_DATA_SCAN (id=36) │
│                          ││ GPU_SCAN (id=3)          ││ MERGE_GROUP_BY (id=32)   │                                                        │ Input(#15): FULL         │
│                          ││                          ││ Input(#25): FULL         │                                                        │                          │
└──────────────────────────┘└──────────────────────────┘└────────────┬─────────────┘                                                        └────────────┬─────────────┘
                                                                     │                                                                                   │              
                                                        ┌──────────────────────────┐                                                        ┌──────────────────────────┐
                                                        │ Pipeline #25             │                                                        │ (-> Pipeline #15)        │
                                                        │ PARTITION (id=31)        │                                                        │                          │
                                                        │ Input(#24): FULL         │                                                        │                          │
                                                        └────────────┬─────────────┘                                                        └────────────┬─────────────┘
                                                                     │                                                                                                  
                                                        ┌──────────────────────────┐                                                                                    
                                                        │ Pipeline #24             │                                                                                    
                                                        │ HASH_GROUP_BY (id=30)    │                                                                                    
                                                        │ PROJECTION (id=29)       │                                                                                    
                                                        │ HASH_JOIN (id=28)        │                                                                                    
                                                        │   type: INNER            │                                                                                    
                                                        │ Input(#20): PARTIAL      │                                                                                    
                                                        │ Input(#23): PARTIAL      │                                                                                    
                                                        └────────────┬─────────────┘                                                                                    
                                                                     ┌───────────────────────────────────────────────────────┐                                          
                                                                     │                                                       │                                          
                                                        ┌──────────────────────────┐                            ┌──────────────────────────┐                            
                                                        │ Pipeline #20             │                            │ Pipeline #23             │                            
                                                        │ CONCAT (id=23)           │                            │ CONCAT (id=27)           │                            
                                                        │ Input(#19): PARTIAL      │                            │ Input(#22): PARTIAL      │                            
                                                        └────────────┬─────────────┘                            └────────────┬─────────────┘                            
                                                                     │                                                       │                                          
                                                        ┌──────────────────────────┐                            ┌──────────────────────────┐                            
                                                        │ Pipeline #19             │                            │ Pipeline #22             │                            
                                                        │ PARTITION (id=22)        │                            │ PARTITION (id=26)        │                            
                                                        │ Input(#18): FULL         │                            │ Input(#21): PARTIAL      │                            
                                                        └────────────┬─────────────┘                            └────────────┬─────────────┘                            
                                                                     │                                                       │                                          
                                                        ┌──────────────────────────┐                            ┌──────────────────────────┐                            
                                                        │ Pipeline #18             │                            │ Pipeline #21             │                            
                                                        │ MERGE_GROUP_BY (id=21)   │                            │ DYNAMIC_FILTER (id=25)   │                            
                                                        │ Input(#17): FULL         │                            │ GPU_SCAN (id=24)         │                            
                                                        └────────────┬─────────────┘                            └──────────────────────────┘                            
                                                                     │                                                                                                  
                                                        ┌──────────────────────────┐                                                                                    
                                                        │ Pipeline #17             │                                                                                    
                                                        │ PARTITION (id=20)        │                                                                                    
                                                        │ Input(#16): FULL         │                                                                                    
                                                        └────────────┬─────────────┘                                                                                    
                                                                     │                                                                                                  
                                                        ┌──────────────────────────┐                                                                                    
                                                        │ Pipeline #16             │                                                                                    
                                                        │ HASH_GROUP_BY (id=19)    │                                                                                    
                                                        │ Input(#15): FULL         │                                                                                    
                                                        └────────────┬─────────────┘                                                                                    
                                                                     │                                                                                                  
                                                        ┌──────────────────────────┐                                                                                    
                                                        │ Pipeline #15             │                                                                                    
                                                        │ LEFT_DELIM_JOIN (id=18)  │                                                                                    
                                                        │ HASH_JOIN (id=17)        │                                                                                    
                                                        │   type: SEMI             │                                                                                    
                                                        │ Input(#11): PARTIAL      │                                                                                    
                                                        │ Input(#14): PARTIAL      │                                                                                    
                                                        └────────────┬─────────────┘                                                                                    
                                                                     ┌───────────────────────────┐                                                                      
                                                                     │                           │                                                                      
                                                        ┌──────────────────────────┐┌──────────────────────────┐                                                        
                                                        │ Pipeline #11             ││ Pipeline #14             │                                                        
                                                        │ CONCAT (id=12)           ││ CONCAT (id=16)           │                                                        
                                                        │ Input(#10): PARTIAL      ││ Input(#13): PARTIAL      │                                                        
                                                        └────────────┬─────────────┘└────────────┬─────────────┘                                                        
                                                                     │                           │                                                                      
                                                        ┌──────────────────────────┐┌──────────────────────────┐                                                        
                                                        │ Pipeline #10             ││ Pipeline #13             │                                                        
                                                        │ PARTITION (id=11)        ││ PARTITION (id=15)        │                                                        
                                                        │ Input(#9): FULL          ││ Input(#12): PARTIAL      │                                                        
                                                        └────────────┬─────────────┘└────────────┬─────────────┘                                                        
                                                                     │                           │                                                                      
                                                        ┌──────────────────────────┐┌──────────────────────────┐                                                        
                                                        │ Pipeline #9              ││ Pipeline #12             │                                                        
                                                        │ GPU_SCAN (id=10)         ││ DYNAMIC_FILTER (id=14)   │                                                        
                                                        │                          ││ GPU_SCAN (id=13)         │                                                        
                                                        └──────────────────────────┘└──────────────────────────┘                                                        

[2026-07-31 08:18:59.685] [info] [sirius_engine.cpp:148] query 124 telemetry_query=019fb74153e472b388b754f396e2966e
[2026-07-31 08:18:59.685] [info] [sirius_scan_manager.cpp:1494] [sirius_scan_manager] assigned pinned entry 'nation' to operator '0'
[2026-07-31 08:18:59.685] [info] [sirius_scan_manager.cpp:1494] [sirius_scan_manager] assigned pinned entry 'supplier' to operator '3'
[2026-07-31 08:18:59.685] [info] [sirius_scan_manager.cpp:1494] [sirius_scan_manager] assigned pinned entry 'part' to operator '10'
[2026-07-31 08:18:59.685] [info] [sirius_scan_manager.cpp:1494] [sirius_scan_manager] assigned pinned entry 'partsupp' to operator '13'
[2026-07-31 08:18:59.685] [info] [sirius_scan_manager.cpp:1494] [sirius_scan_manager] assigned pinned entry 'lineitem' to operator '24'
[2026-07-31 08:18:59.685] [info] [memory_prefetcher.cpp:52] [memory_prefetcher] started: 3 threads, 5 connectors, min_free_fraction=0.40
[2026-07-31 08:18:59.686] [info] [dynamic_filter_publisher.cpp:338] [sirius_physical_hash_join] Pushed 1 dynamic filter(s) across 1 active target(s) of 1 wired target(s) (1 build rows, 1 keys).
[2026-07-31 08:18:59.760] [warning] [sirius_physical_partition.cpp:304] slot_for_device: device_id 0 not found in active GPU list, falling back to slot 0
[2026-07-31 08:18:59.767] [info] [dynamic_filter_publisher.cpp:338] [sirius_physical_hash_join] Pushed 1 dynamic filter(s) across 1 active target(s) of 1 wired target(s) (2174140 build rows, 1 keys).
[2026-07-31 08:18:59.780] [warning] [sirius_physical_partition.cpp:304] slot_for_device: device_id 0 not found in active GPU list, falling back to slot 0
[2026-07-31 08:18:59.780] [warning] [sirius_physical_partition.cpp:304] slot_for_device: device_id 0 not found in active GPU list, falling back to slot 0
[2026-07-31 08:18:59.781] [warning] [gpu_pipeline_task.cpp:77] gpu_pipeline_task: operator 'LEFT_DELIM_JOIN' (id=18) output batch 0 column 2 datatype mismatch: got int32_t, expected numeric::decimal128
[2026-07-31 08:18:59.783] [info] [dynamic_filter_publisher.cpp:338] [sirius_physical_hash_join] Pushed 2 dynamic filter(s) across 1 active target(s) of 1 wired target(s) (8696560 build rows, 2 keys).
[2026-07-31 08:18:59.810] [warning] [sirius_physical_partition.cpp:304] slot_for_device: device_id 0 not found in active GPU list, falling back to slot 0
[2026-07-31 08:18:59.810] [warning] [sirius_physical_partition.cpp:304] slot_for_device: device_id 0 not found in active GPU list, falling back to slot 0
[2026-07-31 08:18:59.810] [warning] [sirius_physical_partition.cpp:304] slot_for_device: device_id 0 not found in active GPU list, falling back to slot 0
[2026-07-31 08:18:59.810] [warning] [sirius_physical_partition.cpp:304] slot_for_device: device_id 0 not found in active GPU list, falling back to slot 0
[2026-07-31 08:18:59.995] [warning] [sirius_physical_partition.cpp:304] slot_for_device: device_id 0 not found in active GPU list, falling back to slot 0
[2026-07-31 08:18:59.995] [warning] [sirius_physical_partition.cpp:304] slot_for_device: device_id 0 not found in active GPU list, falling back to slot 0
[2026-07-31 08:18:59.995] [warning] [sirius_physical_partition.cpp:304] slot_for_device: device_id 0 not found in active GPU list, falling back to slot 0
[2026-07-31 08:18:59.995] [warning] [sirius_physical_partition.cpp:304] slot_for_device: device_id 0 not found in active GPU list, falling back to slot 0
[2026-07-31 08:18:59.995] [warning] [sirius_physical_partition.cpp:304] slot_for_device: device_id 0 not found in active GPU list, falling back to slot 0
[2026-07-31 08:18:59.995] [warning] [sirius_physical_partition.cpp:304] slot_for_device: device_id 0 not found in active GPU list, falling back to slot 0
[2026-07-31 08:18:59.995] [warning] [sirius_physical_partition.cpp:304] slot_for_device: device_id 0 not found in active GPU list, falling back to slot 0
[2026-07-31 08:18:59.996] [warning] [sirius_physical_partition.cpp:304] slot_for_device: device_id 0 not found in active GPU list, falling back to slot 0
[2026-07-31 08:18:59.996] [warning] [sirius_physical_partition.cpp:304] slot_for_device: device_id 0 not found in active GPU list, falling back to slot 0
[2026-07-31 08:18:59.996] [warning] [sirius_physical_partition.cpp:304] slot_for_device: device_id 0 not found in active GPU list, falling back to slot 0
[2026-07-31 08:18:59.996] [warning] [sirius_physical_partition.cpp:304] slot_for_device: device_id 0 not found in active GPU list, falling back to slot 0
[2026-07-31 08:18:59.996] [warning] [sirius_physical_partition.cpp:304] slot_for_device: device_id 0 not found in active GPU list, falling back to slot 0
[2026-07-31 08:18:59.996] [warning] [sirius_physical_partition.cpp:304] slot_for_device: device_id 0 not found in active GPU list, falling back to slot 0
[2026-07-31 08:18:59.996] [warning] [sirius_physical_partition.cpp:304] slot_for_device: device_id 0 not found in active GPU list, falling back to slot 0
[2026-07-31 08:19:00.003] [warning] [sirius_physical_partition.cpp:304] slot_for_device: device_id 0 not found in active GPU list, falling back to slot 0
[2026-07-31 08:19:00.003] [warning] [sirius_physical_partition.cpp:304] slot_for_device: device_id 0 not found in active GPU list, falling back to slot 0
[2026-07-31 08:19:00.013] [warning] [sirius_physical_partition.cpp:304] slot_for_device: device_id 0 not found in active GPU list, falling back to slot 0
[2026-07-31 08:19:00.026] [warning] [sirius_physical_partition.cpp:304] slot_for_device: device_id 0 not found in active GPU list, falling back to slot 0
[2026-07-31 08:19:00.039] [warning] [sirius_physical_partition.cpp:304] slot_for_device: device_id 0 not found in active GPU list, falling back to slot 0
[2026-07-31 08:19:00.052] [warning] [sirius_physical_partition.cpp:304] slot_for_device: device_id 0 not found in active GPU list, falling back to slot 0
[2026-07-31 08:19:00.065] [warning] [sirius_physical_partition.cpp:304] slot_for_device: device_id 0 not found in active GPU list, falling back to slot 0
[2026-07-31 08:19:00.098] [info] [gpu_pipeline_executor.cpp:129] GPU Pipeline Executor: task queue interrupted, stopping manager loop
[2026-07-31 08:19:00.098] [info] [sirius_context.cpp:300] QueryEnd
[2026-07-31 08:19:00.106] [info] [memory_prefetcher.cpp:65] [memory_prefetcher] stopping: prefetched 14 batches / 57594976297 bytes (stops: headroom=0 reservation=0, skips: lock=0 draining=33)
[2026-07-31 08:19:00.106] [info] [sirius_context.cpp:152] [host_pool] HOST:0 QueryEnd instance=0xc36148a50620 connection=1 window=124 query=243 allocated=161195491328 bytes peak=342523641856 bytes free_blocks=2702
[2026-07-31 08:19:00.106] [info] [sirius_context.cpp:167] [gpu_pool] GPU:0 QueryEnd instance=0xc36148a50620 connection=1 window=124 query=243 allocated=0 bytes peak=217193673216 bytes reserved=0 bytes
[2026-07-31 08:19:00.106] [info] [sirius_context.cpp:416] [window] end instance=0xc36148a50620 connection=1 window=124 query=243 outcome=ok
[2026-07-31 08:19:00.106] [info] [physical_sirius_execution.cpp:329] Transparent GPU execution: query completed
[2026-07-31 08:19:00.183] [info] [sirius_context.cpp:225] QueryBegin: instance=0xc36148a50620 connection=1 query=244 SQL: SET gpu_execution = true;
[2026-07-31 08:19:00.184] [info] [sirius_context.cpp:225] QueryBegin: instance=0xc36148a50620 connection=1 query=245 SQL: select s.s_name, s.s_address from supplier s, nation n where s.s_suppkey in ( select ps.ps_suppkey from partsupp ps where ps. ps_partkey in ( select p.p_partkey from part p where p.p_name like 'antique%' ) and ps.ps_availqty > ( select 0.5 * sum(l.l_quantity) from lineitem l where l.l_partkey = ps.ps_partkey and l.l_suppkey = ps.ps_suppkey and l.l_shipdate >= date '1993-01-01' and l.l_shipdate < date '1994-01-01' ) ) and s.s_nationkey = n.n_nationkey and n.n_name = 'KENYA' order by s.s_name
[2026-07-31 08:19:00.198] [info] [sirius_plan_get.cpp:498] [sirius_plan_get] LogicalGet has dynamic_filters attached (channel key=0xc36153831370).
[2026-07-31 08:19:00.198] [info] [sirius_plan_comparison_join.cpp:608] [sirius_plan_comparison_join] Wired hash join with 1 dynamic-filter probe target(s) (build est 199999968 rows).
[2026-07-31 08:19:00.198] [info] [sirius_plan_get.cpp:498] [sirius_plan_get] LogicalGet has dynamic_filters attached (channel key=0xc36155a70880).
[2026-07-31 08:19:00.198] [info] [sirius_plan_comparison_join.cpp:608] [sirius_plan_comparison_join] Wired hash join with 1 dynamic-filter probe target(s) (build est 0 rows).
[2026-07-31 08:19:00.198] [info] [sirius_plan_get.cpp:498] [sirius_plan_get] LogicalGet has dynamic_filters attached (channel key=0xc3614ed9c9c0).
[2026-07-31 08:19:00.198] [info] [sirius_plan_comparison_join.cpp:608] [sirius_plan_comparison_join] Wired hash join with 1 dynamic-filter probe target(s) (build est 25 rows).
[2026-07-31 08:19:00.198] [info] [sirius_context.cpp:1244] Transparent execution: Sirius physical plan generated successfully
[2026-07-31 08:19:00.198] [info] [sirius_context.cpp:1272] Transparent execution: physical plan replaced with GPU operator
[2026-07-31 08:19:00.198] [info] [physical_sirius_execution.cpp:155] Transparent GPU execution: executing query
[2026-07-31 08:19:00.198] [info] [sirius_context.cpp:416] [window] begin instance=0xc36148a50620 connection=1 window=125 query=245 outcome=-
[2026-07-31 08:19:00.198] [info] [sirius_context.cpp:152] [host_pool] HOST:0 QueryBegin instance=0xc36148a50620 connection=1 window=125 query=245 allocated=161195491328 bytes peak=342523641856 bytes free_blocks=2702
[2026-07-31 08:19:00.198] [info] [sirius_context.cpp:167] [gpu_pool] GPU:0 QueryBegin instance=0xc36148a50620 connection=1 window=125 query=245 allocated=0 bytes peak=217193673216 bytes reserved=0 bytes
[2026-07-31 08:19:00.198] [info] [sirius_context.cpp:285] QueryBegin: transparent_execution
[2026-07-31 08:19:00.202] [info] [sirius_plan_get.cpp:498] [sirius_plan_get] LogicalGet has dynamic_filters attached (channel key=0xc36153831370).
[2026-07-31 08:19:00.202] [info] [sirius_plan_comparison_join.cpp:608] [sirius_plan_comparison_join] Wired hash join with 1 dynamic-filter probe target(s) (build est 199999968 rows).
[2026-07-31 08:19:00.203] [info] [sirius_plan_get.cpp:498] [sirius_plan_get] LogicalGet has dynamic_filters attached (channel key=0xc36155a70880).
[2026-07-31 08:19:00.203] [info] [sirius_plan_comparison_join.cpp:608] [sirius_plan_comparison_join] Wired hash join with 1 dynamic-filter probe target(s) (build est 0 rows).
[2026-07-31 08:19:00.203] [info] [sirius_plan_get.cpp:498] [sirius_plan_get] LogicalGet has dynamic_filters attached (channel key=0xc3614ed9c9c0).
[2026-07-31 08:19:00.203] [info] [sirius_plan_comparison_join.cpp:608] [sirius_plan_comparison_join] Wired hash join with 1 dynamic-filter probe target(s) (build est 25 rows).
[2026-07-31 08:19:00.203] [info] [sirius_engine.cpp:265] Query Plan:
=== Pipeline Overview ===
Pipeline #0: GPU_SCAN (id=0)
  Output: -> PARTITION [port: default, barrier: FULL]
Pipeline #1: PARTITION (id=1)
  Input: <- Pipeline #0 [on: PARTITION (id=1), port: default, barrier: FULL]
  Dependencies: Pipeline #0
  Output: -> CONCAT [port: default, barrier: PARTIAL]
Pipeline #2: CONCAT (id=2)
  Input: <- Pipeline #1 [on: CONCAT (id=2), port: default, barrier: PARTIAL]
  Dependencies: Pipeline #1
  Output: -> HASH_JOIN [port: build, barrier: PARTIAL]
Pipeline #3: GPU_SCAN (id=3) -> DYNAMIC_FILTER (id=4)
  Output: -> PARTITION [port: default, barrier: PARTIAL]
Pipeline #4: PARTITION (id=5)
  Input: <- Pipeline #3 [on: PARTITION (id=5), port: default, barrier: PARTIAL]
  Dependencies: Pipeline #3
  Output: -> CONCAT [port: default, barrier: PARTIAL]
Pipeline #5: CONCAT (id=6)
  Input: <- Pipeline #4 [on: CONCAT (id=6), port: default, barrier: PARTIAL]
  Dependencies: Pipeline #4
  Output: -> HASH_JOIN [port: default, barrier: PARTIAL]
Pipeline #6: HASH_JOIN (id=7)
  Input: <- Pipeline #2 [on: HASH_JOIN (id=7), port: build, barrier: PARTIAL]
  Input: <- Pipeline #5 [on: HASH_JOIN (id=7), port: default, barrier: PARTIAL]
  Dependencies: Pipeline #2, Pipeline #5
  Output: -> PARTITION [port: default, barrier: FULL]
Pipeline #7: PARTITION (id=8)
  Input: <- Pipeline #6 [on: PARTITION (id=8), port: default, barrier: FULL]
  Dependencies: Pipeline #6
  Output: -> CONCAT [port: default, barrier: PARTIAL]
Pipeline #8: CONCAT (id=9)
  Input: <- Pipeline #7 [on: CONCAT (id=9), port: default, barrier: PARTIAL]
  Dependencies: Pipeline #7
  Output: -> HASH_JOIN [port: build, barrier: PARTIAL]
Pipeline #9: GPU_SCAN (id=10)
  Output: -> PARTITION [port: default, barrier: FULL]
Pipeline #10: PARTITION (id=11)
  Input: <- Pipeline #9 [on: PARTITION (id=11), port: default, barrier: FULL]
  Dependencies: Pipeline #9
  Output: -> CONCAT [port: default, barrier: PARTIAL]
Pipeline #11: CONCAT (id=12)
  Input: <- Pipeline #10 [on: CONCAT (id=12), port: default, barrier: PARTIAL]
  Dependencies: Pipeline #10
  Output: -> HASH_JOIN [port: build, barrier: PARTIAL]
Pipeline #12: GPU_SCAN (id=13) -> DYNAMIC_FILTER (id=14)
  Output: -> PARTITION [port: default, barrier: PARTIAL]
Pipeline #13: PARTITION (id=15)
  Input: <- Pipeline #12 [on: PARTITION (id=15), port: default, barrier: PARTIAL]
  Dependencies: Pipeline #12
  Output: -> CONCAT [port: default, barrier: PARTIAL]
Pipeline #14: CONCAT (id=16)
  Input: <- Pipeline #13 [on: CONCAT (id=16), port: default, barrier: PARTIAL]
  Dependencies: Pipeline #13
  Output: -> HASH_JOIN [port: default, barrier: PARTIAL]
Pipeline #15: HASH_JOIN (id=17) -> LEFT_DELIM_JOIN (id=18)
  Input: <- Pipeline #11 [on: HASH_JOIN (id=17), port: build, barrier: PARTIAL]
  Input: <- Pipeline #14 [on: HASH_JOIN (id=17), port: default, barrier: PARTIAL]
  Dependencies: Pipeline #11, Pipeline #14
  Output: -> COLUMN_DATA_SCAN [port: default, barrier: FULL]
  Output: -> HASH_GROUP_BY [port: default, barrier: FULL]
Pipeline #16: HASH_GROUP_BY (id=19)
  Input: <- Pipeline #15 [on: HASH_GROUP_BY (id=19), port: default, barrier: FULL]
  Dependencies: Pipeline #15
  Output: -> PARTITION [port: default, barrier: FULL]
Pipeline #17: PARTITION (id=20)
  Input: <- Pipeline #16 [on: PARTITION (id=20), port: default, barrier: FULL]
  Dependencies: Pipeline #16
  Output: -> MERGE_GROUP_BY [port: default, barrier: FULL]
Pipeline #18: MERGE_GROUP_BY (id=21)
  Input: <- Pipeline #17 [on: MERGE_GROUP_BY (id=21), port: default, barrier: FULL]
  Dependencies: Pipeline #17
  Output: -> PARTITION [port: default, barrier: FULL]
Pipeline #19: PARTITION (id=22)
  Input: <- Pipeline #18 [on: PARTITION (id=22), port: default, barrier: FULL]
  Dependencies: Pipeline #18
  Output: -> CONCAT [port: default, barrier: PARTIAL]
Pipeline #20: CONCAT (id=23)
  Input: <- Pipeline #19 [on: CONCAT (id=23), port: default, barrier: PARTIAL]
  Dependencies: Pipeline #19
  Output: -> HASH_JOIN [port: build, barrier: PARTIAL]
Pipeline #21: GPU_SCAN (id=24) -> DYNAMIC_FILTER (id=25)
  Output: -> PARTITION [port: default, barrier: PARTIAL]
Pipeline #22: PARTITION (id=26)
  Input: <- Pipeline #21 [on: PARTITION (id=26), port: default, barrier: PARTIAL]
  Dependencies: Pipeline #21
  Output: -> CONCAT [port: default, barrier: PARTIAL]
Pipeline #23: CONCAT (id=27)
  Input: <- Pipeline #22 [on: CONCAT (id=27), port: default, barrier: PARTIAL]
  Dependencies: Pipeline #22
  Output: -> HASH_JOIN [port: default, barrier: PARTIAL]
Pipeline #24: HASH_JOIN (id=28) -> PROJECTION (id=29) -> HASH_GROUP_BY (id=30)
  Input: <- Pipeline #20 [on: HASH_JOIN (id=28), port: build, barrier: PARTIAL]
  Input: <- Pipeline #23 [on: HASH_JOIN (id=28), port: default, barrier: PARTIAL]
  Dependencies: Pipeline #20, Pipeline #23
  Output: -> PARTITION [port: default, barrier: FULL]
Pipeline #25: PARTITION (id=31)
  Input: <- Pipeline #24 [on: PARTITION (id=31), port: default, barrier: FULL]
  Dependencies: Pipeline #24
  Output: -> MERGE_GROUP_BY [port: default, barrier: FULL]
Pipeline #26: MERGE_GROUP_BY (id=32) -> PROJECTION (id=33)
  Input: <- Pipeline #25 [on: MERGE_GROUP_BY (id=32), port: default, barrier: FULL]
  Dependencies: Pipeline #25
  Output: -> PARTITION [port: default, barrier: FULL]
Pipeline #27: PARTITION (id=34)
  Input: <- Pipeline #26 [on: PARTITION (id=34), port: default, barrier: FULL]
  Dependencies: Pipeline #26
  Output: -> CONCAT [port: default, barrier: PARTIAL]
Pipeline #28: CONCAT (id=35)
  Input: <- Pipeline #27 [on: CONCAT (id=35), port: default, barrier: PARTIAL]
  Dependencies: Pipeline #27
  Output: -> HASH_JOIN [port: build, barrier: PARTIAL]
Pipeline #29: COLUMN_DATA_SCAN (id=36)
  Input: <- Pipeline #15 [on: COLUMN_DATA_SCAN (id=36), port: default, barrier: FULL]
  Dependencies: Pipeline #15
  Output: -> PARTITION [port: default, barrier: PARTIAL]
Pipeline #30: PARTITION (id=37)
  Input: <- Pipeline #29 [on: PARTITION (id=37), port: default, barrier: PARTIAL]
  Dependencies: Pipeline #29
  Output: -> CONCAT [port: default, barrier: PARTIAL]
Pipeline #31: CONCAT (id=38)
  Input: <- Pipeline #30 [on: CONCAT (id=38), port: default, barrier: PARTIAL]
  Dependencies: Pipeline #30
  Output: -> HASH_JOIN [port: default, barrier: PARTIAL]
Pipeline #32: HASH_JOIN (id=39) -> FILTER (id=40)
  Input: <- Pipeline #28 [on: HASH_JOIN (id=39), port: build, barrier: PARTIAL]
  Input: <- Pipeline #31 [on: HASH_JOIN (id=39), port: default, barrier: PARTIAL]
  Dependencies: Pipeline #28, Pipeline #31
  Output: -> PARTITION [port: default, barrier: FULL]
Pipeline #33: PARTITION (id=41)
  Input: <- Pipeline #32 [on: PARTITION (id=41), port: default, barrier: FULL]
  Dependencies: Pipeline #32
  Output: -> CONCAT [port: default, barrier: PARTIAL]
Pipeline #34: CONCAT (id=42)
  Input: <- Pipeline #33 [on: CONCAT (id=42), port: default, barrier: PARTIAL]
  Dependencies: Pipeline #33
  Output: -> HASH_JOIN [port: default, barrier: PARTIAL]
Pipeline #35: HASH_JOIN (id=43) -> ORDER_BY (id=44)
  Input: <- Pipeline #34 [on: HASH_JOIN (id=43), port: default, barrier: PARTIAL]
  Input: <- Pipeline #8 [on: HASH_JOIN (id=43), port: build, barrier: PARTIAL]
  Dependencies: Pipeline #8, Pipeline #34
  Output: -> SORT_SAMPLE [port: default, barrier: PIPELINE]
Pipeline #36: SORT_SAMPLE (id=45) -> SORT_PARTITION (id=46)
  Input: <- Pipeline #35 [on: SORT_SAMPLE (id=45), port: default, barrier: PIPELINE]
  Dependencies: Pipeline #35
  Output: -> MERGE_SORT [port: default, barrier: FULL]
Pipeline #37: MERGE_SORT (id=47)
  Input: <- Pipeline #36 [on: MERGE_SORT (id=47), port: default, barrier: FULL]
  Dependencies: Pipeline #36
  Output: -> RESULT_COLLECTOR [port: default, barrier: FULL]
Pipeline #38: RESULT_COLLECTOR (id=48)
  Input: <- Pipeline #37 [on: RESULT_COLLECTOR (id=48), port: default, barrier: FULL]
  Dependencies: Pipeline #37

=== Query Plan DAG ===
┌──────────────────────────┐                                                                                                                                            
│ Pipeline #38             │                                                                                                                                            
│ RESULT_COLLECTOR (id=48) │                                                                                                                                            
│ Input(#37): FULL         │                                                                                                                                            
└────────────┬─────────────┘                                                                                                                                            
             │                                                                                                                                                          
┌──────────────────────────┐                                                                                                                                            
│ Pipeline #37             │                                                                                                                                            
│ MERGE_SORT (id=47)       │                                                                                                                                            
│ Input(#36): FULL         │                                                                                                                                            
└────────────┬─────────────┘                                                                                                                                            
             │                                                                                                                                                          
┌──────────────────────────┐                                                                                                                                            
│ Pipeline #36             │                                                                                                                                            
│ SORT_PARTITION (id=46)   │                                                                                                                                            
│ SORT_SAMPLE (id=45)      │                                                                                                                                            
│ Input(#35): PIPELINE     │                                                                                                                                            
└────────────┬─────────────┘                                                                                                                                            
             │                                                                                                                                                          
┌──────────────────────────┐                                                                                                                                            
│ Pipeline #35             │                                                                                                                                            
│ ORDER_BY (id=44)         │                                                                                                                                            
│ HASH_JOIN (id=43)        │                                                                                                                                            
│   type: RIGHT_SEMI       │                                                                                                                                            
│ Input(#34): PARTIAL      │                                                                                                                                            
│ Input(#8): PARTIAL       │                                                                                                                                            
└────────────┬─────────────┘                                                                                                                                            
             ┌───────────────────────────────────────────────────────┐                                                                                                  
             │                                                       │                                                                                                  
┌──────────────────────────┐                            ┌──────────────────────────┐                                                                                    
│ Pipeline #8              │                            │ Pipeline #34             │                                                                                    
│ CONCAT (id=9)            │                            │ CONCAT (id=42)           │                                                                                    
│ Input(#7): PARTIAL       │                            │ Input(#33): PARTIAL      │                                                                                    
└────────────┬─────────────┘                            └────────────┬─────────────┘                                                                                    
             │                                                       │                                                                                                  
┌──────────────────────────┐                            ┌──────────────────────────┐                                                                                    
│ Pipeline #7              │                            │ Pipeline #33             │                                                                                    
│ PARTITION (id=8)         │                            │ PARTITION (id=41)        │                                                                                    
│ Input(#6): FULL          │                            │ Input(#32): FULL         │                                                                                    
└────────────┬─────────────┘                            └────────────┬─────────────┘                                                                                    
             │                                                       │                                                                                                  
┌──────────────────────────┐                            ┌──────────────────────────┐                                                                                    
│ Pipeline #6              │                            │ Pipeline #32             │                                                                                    
│ HASH_JOIN (id=7)         │                            │ FILTER (id=40)           │                                                                                    
│   type: INNER            │                            │ HASH_JOIN (id=39)        │                                                                                    
│ Input(#2): PARTIAL       │                            │   type: LEFT             │                                                                                    
│ Input(#5): PARTIAL       │                            │ Input(#28): PARTIAL      │                                                                                    
│                          │                            │ Input(#31): PARTIAL      │                                                                                    
└────────────┬─────────────┘                            └────────────┬─────────────┘                                                                                    
             ┌───────────────────────────┐                           ┌───────────────────────────────────────────────────────────────────────────────────┐              
             │                           │                           │                                                                                   │              
┌──────────────────────────┐┌──────────────────────────┐┌──────────────────────────┐                                                        ┌──────────────────────────┐
│ Pipeline #2              ││ Pipeline #5              ││ Pipeline #28             │                                                        │ Pipeline #31             │
│ CONCAT (id=2)            ││ CONCAT (id=6)            ││ CONCAT (id=35)           │                                                        │ CONCAT (id=38)           │
│ Input(#1): PARTIAL       ││ Input(#4): PARTIAL       ││ Input(#27): PARTIAL      │                                                        │ Input(#30): PARTIAL      │
└────────────┬─────────────┘└────────────┬─────────────┘└────────────┬─────────────┘                                                        └────────────┬─────────────┘
             │                           │                           │                                                                                   │              
┌──────────────────────────┐┌──────────────────────────┐┌──────────────────────────┐                                                        ┌──────────────────────────┐
│ Pipeline #1              ││ Pipeline #4              ││ Pipeline #27             │                                                        │ Pipeline #30             │
│ PARTITION (id=1)         ││ PARTITION (id=5)         ││ PARTITION (id=34)        │                                                        │ PARTITION (id=37)        │
│ Input(#0): FULL          ││ Input(#3): PARTIAL       ││ Input(#26): FULL         │                                                        │ Input(#29): PARTIAL      │
└────────────┬─────────────┘└────────────┬─────────────┘└────────────┬─────────────┘                                                        └────────────┬─────────────┘
             │                           │                           │                                                                                   │              
┌──────────────────────────┐┌──────────────────────────┐┌──────────────────────────┐                                                        ┌──────────────────────────┐
│ Pipeline #0              ││ Pipeline #3              ││ Pipeline #26             │                                                        │ Pipeline #29             │
│ GPU_SCAN (id=0)          ││ DYNAMIC_FILTER (id=4)    ││ PROJECTION (id=33)       │                                                        │ COLUMN_DATA_SCAN (id=36) │
│                          ││ GPU_SCAN (id=3)          ││ MERGE_GROUP_BY (id=32)   │                                                        │ Input(#15): FULL         │
│                          ││                          ││ Input(#25): FULL         │                                                        │                          │
└──────────────────────────┘└──────────────────────────┘└────────────┬─────────────┘                                                        └────────────┬─────────────┘
                                                                     │                                                                                   │              
                                                        ┌──────────────────────────┐                                                        ┌──────────────────────────┐
                                                        │ Pipeline #25             │                                                        │ (-> Pipeline #15)        │
                                                        │ PARTITION (id=31)        │                                                        │                          │
                                                        │ Input(#24): FULL         │                                                        │                          │
                                                        └────────────┬─────────────┘                                                        └────────────┬─────────────┘
                                                                     │                                                                                                  
                                                        ┌──────────────────────────┐                                                                                    
                                                        │ Pipeline #24             │                                                                                    
                                                        │ HASH_GROUP_BY (id=30)    │                                                                                    
                                                        │ PROJECTION (id=29)       │                                                                                    
                                                        │ HASH_JOIN (id=28)        │                                                                                    
                                                        │   type: INNER            │                                                                                    
                                                        │ Input(#20): PARTIAL      │                                                                                    
                                                        │ Input(#23): PARTIAL      │                                                                                    
                                                        └────────────┬─────────────┘                                                                                    
                                                                     ┌───────────────────────────────────────────────────────┐                                          
                                                                     │                                                       │                                          
                                                        ┌──────────────────────────┐                            ┌──────────────────────────┐                            
                                                        │ Pipeline #20             │                            │ Pipeline #23             │                            
                                                        │ CONCAT (id=23)           │                            │ CONCAT (id=27)           │                            
                                                        │ Input(#19): PARTIAL      │                            │ Input(#22): PARTIAL      │                            
                                                        └────────────┬─────────────┘                            └────────────┬─────────────┘                            
                                                                     │                                                       │                                          
                                                        ┌──────────────────────────┐                            ┌──────────────────────────┐                            
                                                        │ Pipeline #19             │                            │ Pipeline #22             │                            
                                                        │ PARTITION (id=22)        │                            │ PARTITION (id=26)        │                            
                                                        │ Input(#18): FULL         │                            │ Input(#21): PARTIAL      │                            
                                                        └────────────┬─────────────┘                            └────────────┬─────────────┘                            
                                                                     │                                                       │                                          
                                                        ┌──────────────────────────┐                            ┌──────────────────────────┐                            
                                                        │ Pipeline #18             │                            │ Pipeline #21             │                            
                                                        │ MERGE_GROUP_BY (id=21)   │                            │ DYNAMIC_FILTER (id=25)   │                            
                                                        │ Input(#17): FULL         │                            │ GPU_SCAN (id=24)         │                            
                                                        └────────────┬─────────────┘                            └──────────────────────────┘                            
                                                                     │                                                                                                  
                                                        ┌──────────────────────────┐                                                                                    
                                                        │ Pipeline #17             │                                                                                    
                                                        │ PARTITION (id=20)        │                                                                                    
                                                        │ Input(#16): FULL         │                                                                                    
                                                        └────────────┬─────────────┘                                                                                    
                                                                     │                                                                                                  
                                                        ┌──────────────────────────┐                                                                                    
                                                        │ Pipeline #16             │                                                                                    
                                                        │ HASH_GROUP_BY (id=19)    │                                                                                    
                                                        │ Input(#15): FULL         │                                                                                    
                                                        └────────────┬─────────────┘                                                                                    
                                                                     │                                                                                                  
                                                        ┌──────────────────────────┐                                                                                    
                                                        │ Pipeline #15             │                                                                                    
                                                        │ LEFT_DELIM_JOIN (id=18)  │                                                                                    
                                                        │ HASH_JOIN (id=17)        │                                                                                    
                                                        │   type: SEMI             │                                                                                    
                                                        │ Input(#11): PARTIAL      │                                                                                    
                                                        │ Input(#14): PARTIAL      │                                                                                    
                                                        └────────────┬─────────────┘                                                                                    
                                                                     ┌───────────────────────────┐                                                                      
                                                                     │                           │                                                                      
                                                        ┌──────────────────────────┐┌──────────────────────────┐                                                        
                                                        │ Pipeline #11             ││ Pipeline #14             │                                                        
                                                        │ CONCAT (id=12)           ││ CONCAT (id=16)           │                                                        
                                                        │ Input(#10): PARTIAL      ││ Input(#13): PARTIAL      │                                                        
                                                        └────────────┬─────────────┘└────────────┬─────────────┘                                                        
                                                                     │                           │                                                                      
                                                        ┌──────────────────────────┐┌──────────────────────────┐                                                        
                                                        │ Pipeline #10             ││ Pipeline #13             │                                                        
                                                        │ PARTITION (id=11)        ││ PARTITION (id=15)        │                                                        
                                                        │ Input(#9): FULL          ││ Input(#12): PARTIAL      │                                                        
                                                        └────────────┬─────────────┘└────────────┬─────────────┘                                                        
                                                                     │                           │                                                                      
                                                        ┌──────────────────────────┐┌──────────────────────────┐                                                        
                                                        │ Pipeline #9              ││ Pipeline #12             │                                                        
                                                        │ GPU_SCAN (id=10)         ││ DYNAMIC_FILTER (id=14)   │                                                        
                                                        │                          ││ GPU_SCAN (id=13)         │                                                        
                                                        └──────────────────────────┘└──────────────────────────┘                                                        

[2026-07-31 08:19:00.203] [info] [sirius_engine.cpp:148] query 125 telemetry_query=019fb74155eb7a819390487f83867256
[2026-07-31 08:19:00.204] [info] [sirius_scan_manager.cpp:1494] [sirius_scan_manager] assigned pinned entry 'nation' to operator '0'
[2026-07-31 08:19:00.204] [info] [sirius_scan_manager.cpp:1494] [sirius_scan_manager] assigned pinned entry 'supplier' to operator '3'
[2026-07-31 08:19:00.204] [info] [sirius_scan_manager.cpp:1494] [sirius_scan_manager] assigned pinned entry 'part' to operator '10'
[2026-07-31 08:19:00.204] [info] [sirius_scan_manager.cpp:1494] [sirius_scan_manager] assigned pinned entry 'partsupp' to operator '13'
[2026-07-31 08:19:00.204] [info] [sirius_scan_manager.cpp:1494] [sirius_scan_manager] assigned pinned entry 'lineitem' to operator '24'
[2026-07-31 08:19:00.206] [info] [memory_prefetcher.cpp:52] [memory_prefetcher] started: 3 threads, 5 connectors, min_free_fraction=0.40
[2026-07-31 08:19:00.207] [info] [dynamic_filter_publisher.cpp:338] [sirius_physical_hash_join] Pushed 1 dynamic filter(s) across 1 active target(s) of 1 wired target(s) (1 build rows, 1 keys).
[2026-07-31 08:19:00.211] [warning] [sirius_physical_partition.cpp:304] slot_for_device: device_id 0 not found in active GPU list, falling back to slot 0
[2026-07-31 08:19:00.245] [info] [dynamic_filter_publisher.cpp:338] [sirius_physical_hash_join] Pushed 1 dynamic filter(s) across 1 active target(s) of 1 wired target(s) (2174140 build rows, 1 keys).
[2026-07-31 08:19:00.267] [warning] [sirius_physical_partition.cpp:304] slot_for_device: device_id 0 not found in active GPU list, falling back to slot 0
[2026-07-31 08:19:00.273] [warning] [sirius_physical_partition.cpp:304] slot_for_device: device_id 0 not found in active GPU list, falling back to slot 0
[2026-07-31 08:19:00.274] [warning] [gpu_pipeline_task.cpp:77] gpu_pipeline_task: operator 'LEFT_DELIM_JOIN' (id=18) output batch 0 column 2 datatype mismatch: got int32_t, expected numeric::decimal128
[2026-07-31 08:19:00.276] [info] [dynamic_filter_publisher.cpp:338] [sirius_physical_hash_join] Pushed 2 dynamic filter(s) across 1 active target(s) of 1 wired target(s) (8696560 build rows, 2 keys).
[2026-07-31 08:19:00.312] [warning] [sirius_physical_partition.cpp:304] slot_for_device: device_id 0 not found in active GPU list, falling back to slot 0
[2026-07-31 08:19:00.312] [warning] [sirius_physical_partition.cpp:304] slot_for_device: device_id 0 not found in active GPU list, falling back to slot 0
[2026-07-31 08:19:00.325] [warning] [sirius_physical_partition.cpp:304] slot_for_device: device_id 0 not found in active GPU list, falling back to slot 0
[2026-07-31 08:19:00.514] [warning] [sirius_physical_partition.cpp:304] slot_for_device: device_id 0 not found in active GPU list, falling back to slot 0
[2026-07-31 08:19:00.514] [warning] [sirius_physical_partition.cpp:304] slot_for_device: device_id 0 not found in active GPU list, falling back to slot 0
[2026-07-31 08:19:00.514] [warning] [sirius_physical_partition.cpp:304] slot_for_device: device_id 0 not found in active GPU list, falling back to slot 0
[2026-07-31 08:19:00.514] [warning] [sirius_physical_partition.cpp:304] slot_for_device: device_id 0 not found in active GPU list, falling back to slot 0
[2026-07-31 08:19:00.514] [warning] [sirius_physical_partition.cpp:304] slot_for_device: device_id 0 not found in active GPU list, falling back to slot 0
[2026-07-31 08:19:00.514] [warning] [sirius_physical_partition.cpp:304] slot_for_device: device_id 0 not found in active GPU list, falling back to slot 0
[2026-07-31 08:19:00.514] [warning] [sirius_physical_partition.cpp:304] slot_for_device: device_id 0 not found in active GPU list, falling back to slot 0
[2026-07-31 08:19:00.514] [warning] [sirius_physical_partition.cpp:304] slot_for_device: device_id 0 not found in active GPU list, falling back to slot 0
[2026-07-31 08:19:00.514] [warning] [sirius_physical_partition.cpp:304] slot_for_device: device_id 0 not found in active GPU list, falling back to slot 0
[2026-07-31 08:19:00.514] [warning] [sirius_physical_partition.cpp:304] slot_for_device: device_id 0 not found in active GPU list, falling back to slot 0
[2026-07-31 08:19:00.514] [warning] [sirius_physical_partition.cpp:304] slot_for_device: device_id 0 not found in active GPU list, falling back to slot 0
[2026-07-31 08:19:00.514] [warning] [sirius_physical_partition.cpp:304] slot_for_device: device_id 0 not found in active GPU list, falling back to slot 0
[2026-07-31 08:19:00.514] [warning] [sirius_physical_partition.cpp:304] slot_for_device: device_id 0 not found in active GPU list, falling back to slot 0
[2026-07-31 08:19:00.514] [warning] [sirius_physical_partition.cpp:304] slot_for_device: device_id 0 not found in active GPU list, falling back to slot 0
[2026-07-31 08:19:00.514] [warning] [sirius_physical_partition.cpp:304] slot_for_device: device_id 0 not found in active GPU list, falling back to slot 0
[2026-07-31 08:19:00.519] [warning] [sirius_physical_partition.cpp:304] slot_for_device: device_id 0 not found in active GPU list, falling back to slot 0
[2026-07-31 08:19:00.532] [warning] [sirius_physical_partition.cpp:304] slot_for_device: device_id 0 not found in active GPU list, falling back to slot 0
[2026-07-31 08:19:00.545] [warning] [sirius_physical_partition.cpp:304] slot_for_device: device_id 0 not found in active GPU list, falling back to slot 0
[2026-07-31 08:19:00.558] [warning] [sirius_physical_partition.cpp:304] slot_for_device: device_id 0 not found in active GPU list, falling back to slot 0
[2026-07-31 08:19:00.571] [warning] [sirius_physical_partition.cpp:304] slot_for_device: device_id 0 not found in active GPU list, falling back to slot 0
[2026-07-31 08:19:00.588] [warning] [sirius_physical_partition.cpp:304] slot_for_device: device_id 0 not found in active GPU list, falling back to slot 0
[2026-07-31 08:19:00.588] [warning] [sirius_physical_partition.cpp:304] slot_for_device: device_id 0 not found in active GPU list, falling back to slot 0
[2026-07-31 08:19:00.621] [info] [gpu_pipeline_executor.cpp:129] GPU Pipeline Executor: task queue interrupted, stopping manager loop
[2026-07-31 08:19:00.621] [info] [sirius_context.cpp:300] QueryEnd
[2026-07-31 08:19:00.629] [info] [memory_prefetcher.cpp:65] [memory_prefetcher] stopping: prefetched 13 batches / 52600877717 bytes (stops: headroom=0 reservation=0, skips: lock=0 draining=85)
[2026-07-31 08:19:00.629] [info] [sirius_context.cpp:152] [host_pool] HOST:0 QueryEnd instance=0xc36148a50620 connection=1 window=125 query=245 allocated=161195491328 bytes peak=342523641856 bytes free_blocks=2702
[2026-07-31 08:19:00.629] [info] [sirius_context.cpp:167] [gpu_pool] GPU:0 QueryEnd instance=0xc36148a50620 connection=1 window=125 query=245 allocated=0 bytes peak=217193673216 bytes reserved=0 bytes
[2026-07-31 08:19:00.629] [info] [sirius_context.cpp:416] [window] end instance=0xc36148a50620 connection=1 window=125 query=245 outcome=ok
[2026-07-31 08:19:00.629] [info] [physical_sirius_execution.cpp:329] Transparent GPU execution: query completed
[2026-07-31 08:19:00.726] [info] [sirius_context.cpp:225] QueryBegin: instance=0xc36148a50620 connection=1 query=246 SQL: SET gpu_execution = true;
[2026-07-31 08:19:00.726] [info] [sirius_context.cpp:225] QueryBegin: instance=0xc36148a50620 connection=1 query=247 SQL: select s.s_name, s.s_address from supplier s, nation n where s.s_suppkey in ( select ps.ps_suppkey from partsupp ps where ps. ps_partkey in ( select p.p_partkey from part p where p.p_name like 'antique%' ) and ps.ps_availqty > ( select 0.5 * sum(l.l_quantity) from lineitem l where l.l_partkey = ps.ps_partkey and l.l_suppkey = ps.ps_suppkey and l.l_shipdate >= date '1993-01-01' and l.l_shipdate < date '1994-01-01' ) ) and s.s_nationkey = n.n_nationkey and n.n_name = 'KENYA' order by s.s_name
[2026-07-31 08:19:00.740] [info] [sirius_plan_get.cpp:498] [sirius_plan_get] LogicalGet has dynamic_filters attached (channel key=0xc36155504100).
[2026-07-31 08:19:00.741] [info] [sirius_plan_comparison_join.cpp:608] [sirius_plan_comparison_join] Wired hash join with 1 dynamic-filter probe target(s) (build est 199999968 rows).
[2026-07-31 08:19:00.741] [info] [sirius_plan_get.cpp:498] [sirius_plan_get] LogicalGet has dynamic_filters attached (channel key=0xc36154f6b980).
[2026-07-31 08:19:00.741] [info] [sirius_plan_comparison_join.cpp:608] [sirius_plan_comparison_join] Wired hash join with 1 dynamic-filter probe target(s) (build est 0 rows).
[2026-07-31 08:19:00.741] [info] [sirius_plan_get.cpp:498] [sirius_plan_get] LogicalGet has dynamic_filters attached (channel key=0xc361531008f0).
[2026-07-31 08:19:00.741] [info] [sirius_plan_comparison_join.cpp:608] [sirius_plan_comparison_join] Wired hash join with 1 dynamic-filter probe target(s) (build est 25 rows).
[2026-07-31 08:19:00.741] [info] [sirius_context.cpp:1244] Transparent execution: Sirius physical plan generated successfully
[2026-07-31 08:19:00.741] [info] [sirius_context.cpp:1272] Transparent execution: physical plan replaced with GPU operator
[2026-07-31 08:19:00.741] [info] [physical_sirius_execution.cpp:155] Transparent GPU execution: executing query
[2026-07-31 08:19:00.741] [info] [sirius_context.cpp:416] [window] begin instance=0xc36148a50620 connection=1 window=126 query=247 outcome=-
[2026-07-31 08:19:00.741] [info] [sirius_context.cpp:152] [host_pool] HOST:0 QueryBegin instance=0xc36148a50620 connection=1 window=126 query=247 allocated=161195491328 bytes peak=342523641856 bytes free_blocks=2702
[2026-07-31 08:19:00.741] [info] [sirius_context.cpp:167] [gpu_pool] GPU:0 QueryBegin instance=0xc36148a50620 connection=1 window=126 query=247 allocated=0 bytes peak=217193673216 bytes reserved=0 bytes
[2026-07-31 08:19:00.741] [info] [sirius_context.cpp:285] QueryBegin: transparent_execution
[2026-07-31 08:19:00.745] [info] [sirius_plan_get.cpp:498] [sirius_plan_get] LogicalGet has dynamic_filters attached (channel key=0xc36155504100).
[2026-07-31 08:19:00.745] [info] [sirius_plan_comparison_join.cpp:608] [sirius_plan_comparison_join] Wired hash join with 1 dynamic-filter probe target(s) (build est 199999968 rows).
[2026-07-31 08:19:00.745] [info] [sirius_plan_get.cpp:498] [sirius_plan_get] LogicalGet has dynamic_filters attached (channel key=0xc36154f6b980).
[2026-07-31 08:19:00.745] [info] [sirius_plan_comparison_join.cpp:608] [sirius_plan_comparison_join] Wired hash join with 1 dynamic-filter probe target(s) (build est 0 rows).
[2026-07-31 08:19:00.745] [info] [sirius_plan_get.cpp:498] [sirius_plan_get] LogicalGet has dynamic_filters attached (channel key=0xc361531008f0).
[2026-07-31 08:19:00.745] [info] [sirius_plan_comparison_join.cpp:608] [sirius_plan_comparison_join] Wired hash join with 1 dynamic-filter probe target(s) (build est 25 rows).
[2026-07-31 08:19:00.746] [info] [sirius_engine.cpp:265] Query Plan:
=== Pipeline Overview ===
Pipeline #0: GPU_SCAN (id=0)
  Output: -> PARTITION [port: default, barrier: FULL]
Pipeline #1: PARTITION (id=1)
  Input: <- Pipeline #0 [on: PARTITION (id=1), port: default, barrier: FULL]
  Dependencies: Pipeline #0
  Output: -> CONCAT [port: default, barrier: PARTIAL]
Pipeline #2: CONCAT (id=2)
  Input: <- Pipeline #1 [on: CONCAT (id=2), port: default, barrier: PARTIAL]
  Dependencies: Pipeline #1
  Output: -> HASH_JOIN [port: build, barrier: PARTIAL]
Pipeline #3: GPU_SCAN (id=3) -> DYNAMIC_FILTER (id=4)
  Output: -> PARTITION [port: default, barrier: PARTIAL]
Pipeline #4: PARTITION (id=5)
  Input: <- Pipeline #3 [on: PARTITION (id=5), port: default, barrier: PARTIAL]
  Dependencies: Pipeline #3
  Output: -> CONCAT [port: default, barrier: PARTIAL]
Pipeline #5: CONCAT (id=6)
  Input: <- Pipeline #4 [on: CONCAT (id=6), port: default, barrier: PARTIAL]
  Dependencies: Pipeline #4
  Output: -> HASH_JOIN [port: default, barrier: PARTIAL]
Pipeline #6: HASH_JOIN (id=7)
  Input: <- Pipeline #2 [on: HASH_JOIN (id=7), port: build, barrier: PARTIAL]
  Input: <- Pipeline #5 [on: HASH_JOIN (id=7), port: default, barrier: PARTIAL]
  Dependencies: Pipeline #2, Pipeline #5
  Output: -> PARTITION [port: default, barrier: FULL]
Pipeline #7: PARTITION (id=8)
  Input: <- Pipeline #6 [on: PARTITION (id=8), port: default, barrier: FULL]
  Dependencies: Pipeline #6
  Output: -> CONCAT [port: default, barrier: PARTIAL]
Pipeline #8: CONCAT (id=9)
  Input: <- Pipeline #7 [on: CONCAT (id=9), port: default, barrier: PARTIAL]
  Dependencies: Pipeline #7
  Output: -> HASH_JOIN [port: build, barrier: PARTIAL]
Pipeline #9: GPU_SCAN (id=10)
  Output: -> PARTITION [port: default, barrier: FULL]
Pipeline #10: PARTITION (id=11)
  Input: <- Pipeline #9 [on: PARTITION (id=11), port: default, barrier: FULL]
  Dependencies: Pipeline #9
  Output: -> CONCAT [port: default, barrier: PARTIAL]
Pipeline #11: CONCAT (id=12)
  Input: <- Pipeline #10 [on: CONCAT (id=12), port: default, barrier: PARTIAL]
  Dependencies: Pipeline #10
  Output: -> HASH_JOIN [port: build, barrier: PARTIAL]
Pipeline #12: GPU_SCAN (id=13) -> DYNAMIC_FILTER (id=14)
  Output: -> PARTITION [port: default, barrier: PARTIAL]
Pipeline #13: PARTITION (id=15)
  Input: <- Pipeline #12 [on: PARTITION (id=15), port: default, barrier: PARTIAL]
  Dependencies: Pipeline #12
  Output: -> CONCAT [port: default, barrier: PARTIAL]
Pipeline #14: CONCAT (id=16)
  Input: <- Pipeline #13 [on: CONCAT (id=16), port: default, barrier: PARTIAL]
  Dependencies: Pipeline #13
  Output: -> HASH_JOIN [port: default, barrier: PARTIAL]
Pipeline #15: HASH_JOIN (id=17) -> LEFT_DELIM_JOIN (id=18)
  Input: <- Pipeline #11 [on: HASH_JOIN (id=17), port: build, barrier: PARTIAL]
  Input: <- Pipeline #14 [on: HASH_JOIN (id=17), port: default, barrier: PARTIAL]
  Dependencies: Pipeline #11, Pipeline #14
  Output: -> COLUMN_DATA_SCAN [port: default, barrier: FULL]
  Output: -> HASH_GROUP_BY [port: default, barrier: FULL]
Pipeline #16: HASH_GROUP_BY (id=19)
  Input: <- Pipeline #15 [on: HASH_GROUP_BY (id=19), port: default, barrier: FULL]
  Dependencies: Pipeline #15
  Output: -> PARTITION [port: default, barrier: FULL]
Pipeline #17: PARTITION (id=20)
  Input: <- Pipeline #16 [on: PARTITION (id=20), port: default, barrier: FULL]
  Dependencies: Pipeline #16
  Output: -> MERGE_GROUP_BY [port: default, barrier: FULL]
Pipeline #18: MERGE_GROUP_BY (id=21)
  Input: <- Pipeline #17 [on: MERGE_GROUP_BY (id=21), port: default, barrier: FULL]
  Dependencies: Pipeline #17
  Output: -> PARTITION [port: default, barrier: FULL]
Pipeline #19: PARTITION (id=22)
  Input: <- Pipeline #18 [on: PARTITION (id=22), port: default, barrier: FULL]
  Dependencies: Pipeline #18
  Output: -> CONCAT [port: default, barrier: PARTIAL]
Pipeline #20: CONCAT (id=23)
  Input: <- Pipeline #19 [on: CONCAT (id=23), port: default, barrier: PARTIAL]
  Dependencies: Pipeline #19
  Output: -> HASH_JOIN [port: build, barrier: PARTIAL]
Pipeline #21: GPU_SCAN (id=24) -> DYNAMIC_FILTER (id=25)
  Output: -> PARTITION [port: default, barrier: PARTIAL]
Pipeline #22: PARTITION (id=26)
  Input: <- Pipeline #21 [on: PARTITION (id=26), port: default, barrier: PARTIAL]
  Dependencies: Pipeline #21
  Output: -> CONCAT [port: default, barrier: PARTIAL]
Pipeline #23: CONCAT (id=27)
  Input: <- Pipeline #22 [on: CONCAT (id=27), port: default, barrier: PARTIAL]
  Dependencies: Pipeline #22
  Output: -> HASH_JOIN [port: default, barrier: PARTIAL]
Pipeline #24: HASH_JOIN (id=28) -> PROJECTION (id=29) -> HASH_GROUP_BY (id=30)
  Input: <- Pipeline #20 [on: HASH_JOIN (id=28), port: build, barrier: PARTIAL]
  Input: <- Pipeline #23 [on: HASH_JOIN (id=28), port: default, barrier: PARTIAL]
  Dependencies: Pipeline #20, Pipeline #23
  Output: -> PARTITION [port: default, barrier: FULL]
Pipeline #25: PARTITION (id=31)
  Input: <- Pipeline #24 [on: PARTITION (id=31), port: default, barrier: FULL]
  Dependencies: Pipeline #24
  Output: -> MERGE_GROUP_BY [port: default, barrier: FULL]
Pipeline #26: MERGE_GROUP_BY (id=32) -> PROJECTION (id=33)
  Input: <- Pipeline #25 [on: MERGE_GROUP_BY (id=32), port: default, barrier: FULL]
  Dependencies: Pipeline #25
  Output: -> PARTITION [port: default, barrier: FULL]
Pipeline #27: PARTITION (id=34)
  Input: <- Pipeline #26 [on: PARTITION (id=34), port: default, barrier: FULL]
  Dependencies: Pipeline #26
  Output: -> CONCAT [port: default, barrier: PARTIAL]
Pipeline #28: CONCAT (id=35)
  Input: <- Pipeline #27 [on: CONCAT (id=35), port: default, barrier: PARTIAL]
  Dependencies: Pipeline #27
  Output: -> HASH_JOIN [port: build, barrier: PARTIAL]
Pipeline #29: COLUMN_DATA_SCAN (id=36)
  Input: <- Pipeline #15 [on: COLUMN_DATA_SCAN (id=36), port: default, barrier: FULL]
  Dependencies: Pipeline #15
  Output: -> PARTITION [port: default, barrier: PARTIAL]
Pipeline #30: PARTITION (id=37)
  Input: <- Pipeline #29 [on: PARTITION (id=37), port: default, barrier: PARTIAL]
  Dependencies: Pipeline #29
  Output: -> CONCAT [port: default, barrier: PARTIAL]
Pipeline #31: CONCAT (id=38)
  Input: <- Pipeline #30 [on: CONCAT (id=38), port: default, barrier: PARTIAL]
  Dependencies: Pipeline #30
  Output: -> HASH_JOIN [port: default, barrier: PARTIAL]
Pipeline #32: HASH_JOIN (id=39) -> FILTER (id=40)
  Input: <- Pipeline #28 [on: HASH_JOIN (id=39), port: build, barrier: PARTIAL]
  Input: <- Pipeline #31 [on: HASH_JOIN (id=39), port: default, barrier: PARTIAL]
  Dependencies: Pipeline #28, Pipeline #31
  Output: -> PARTITION [port: default, barrier: FULL]
Pipeline #33: PARTITION (id=41)
  Input: <- Pipeline #32 [on: PARTITION (id=41), port: default, barrier: FULL]
  Dependencies: Pipeline #32
  Output: -> CONCAT [port: default, barrier: PARTIAL]
Pipeline #34: CONCAT (id=42)
  Input: <- Pipeline #33 [on: CONCAT (id=42), port: default, barrier: PARTIAL]
  Dependencies: Pipeline #33
  Output: -> HASH_JOIN [port: default, barrier: PARTIAL]
Pipeline #35: HASH_JOIN (id=43) -> ORDER_BY (id=44)
  Input: <- Pipeline #34 [on: HASH_JOIN (id=43), port: default, barrier: PARTIAL]
  Input: <- Pipeline #8 [on: HASH_JOIN (id=43), port: build, barrier: PARTIAL]
  Dependencies: Pipeline #8, Pipeline #34
  Output: -> SORT_SAMPLE [port: default, barrier: PIPELINE]
Pipeline #36: SORT_SAMPLE (id=45) -> SORT_PARTITION (id=46)
  Input: <- Pipeline #35 [on: SORT_SAMPLE (id=45), port: default, barrier: PIPELINE]
  Dependencies: Pipeline #35
  Output: -> MERGE_SORT [port: default, barrier: FULL]
Pipeline #37: MERGE_SORT (id=47)
  Input: <- Pipeline #36 [on: MERGE_SORT (id=47), port: default, barrier: FULL]
  Dependencies: Pipeline #36
  Output: -> RESULT_COLLECTOR [port: default, barrier: FULL]
Pipeline #38: RESULT_COLLECTOR (id=48)
  Input: <- Pipeline #37 [on: RESULT_COLLECTOR (id=48), port: default, barrier: FULL]
  Dependencies: Pipeline #37

=== Query Plan DAG ===
┌──────────────────────────┐                                                                                                                                            
│ Pipeline #38             │                                                                                                                                            
│ RESULT_COLLECTOR (id=48) │                                                                                                                                            
│ Input(#37): FULL         │                                                                                                                                            
└────────────┬─────────────┘                                                                                                                                            
             │                                                                                                                                                          
┌──────────────────────────┐                                                                                                                                            
│ Pipeline #37             │                                                                                                                                            
│ MERGE_SORT (id=47)       │                                                                                                                                            
│ Input(#36): FULL         │                                                                                                                                            
└────────────┬─────────────┘                                                                                                                                            
             │                                                                                                                                                          
┌──────────────────────────┐                                                                                                                                            
│ Pipeline #36             │                                                                                                                                            
│ SORT_PARTITION (id=46)   │                                                                                                                                            
│ SORT_SAMPLE (id=45)      │                                                                                                                                            
│ Input(#35): PIPELINE     │                                                                                                                                            
└────────────┬─────────────┘                                                                                                                                            
             │                                                                                                                                                          
┌──────────────────────────┐                                                                                                                                            
│ Pipeline #35             │                                                                                                                                            
│ ORDER_BY (id=44)         │                                                                                                                                            
│ HASH_JOIN (id=43)        │                                                                                                                                            
│   type: RIGHT_SEMI       │                                                                                                                                            
│ Input(#34): PARTIAL      │                                                                                                                                            
│ Input(#8): PARTIAL       │                                                                                                                                            
└────────────┬─────────────┘                                                                                                                                            
             ┌───────────────────────────────────────────────────────┐                                                                                                  
             │                                                       │                                                                                                  
┌──────────────────────────┐                            ┌──────────────────────────┐                                                                                    
│ Pipeline #8              │                            │ Pipeline #34             │                                                                                    
│ CONCAT (id=9)            │                            │ CONCAT (id=42)           │                                                                                    
│ Input(#7): PARTIAL       │                            │ Input(#33): PARTIAL      │                                                                                    
└────────────┬─────────────┘                            └────────────┬─────────────┘                                                                                    
             │                                                       │                                                                                                  
┌──────────────────────────┐                            ┌──────────────────────────┐                                                                                    
│ Pipeline #7              │                            │ Pipeline #33             │                                                                                    
│ PARTITION (id=8)         │                            │ PARTITION (id=41)        │                                                                                    
│ Input(#6): FULL          │                            │ Input(#32): FULL         │                                                                                    
└────────────┬─────────────┘                            └────────────┬─────────────┘                                                                                    
             │                                                       │                                                                                                  
┌──────────────────────────┐                            ┌──────────────────────────┐                                                                                    
│ Pipeline #6              │                            │ Pipeline #32             │                                                                                    
│ HASH_JOIN (id=7)         │                            │ FILTER (id=40)           │                                                                                    
│   type: INNER            │                            │ HASH_JOIN (id=39)        │                                                                                    
│ Input(#2): PARTIAL       │                            │   type: LEFT             │                                                                                    
│ Input(#5): PARTIAL       │                            │ Input(#28): PARTIAL      │                                                                                    
│                          │                            │ Input(#31): PARTIAL      │                                                                                    
└────────────┬─────────────┘                            └────────────┬─────────────┘                                                                                    
             ┌───────────────────────────┐                           ┌───────────────────────────────────────────────────────────────────────────────────┐              
             │                           │                           │                                                                                   │              
┌──────────────────────────┐┌──────────────────────────┐┌──────────────────────────┐                                                        ┌──────────────────────────┐
│ Pipeline #2              ││ Pipeline #5              ││ Pipeline #28             │                                                        │ Pipeline #31             │
│ CONCAT (id=2)            ││ CONCAT (id=6)            ││ CONCAT (id=35)           │                                                        │ CONCAT (id=38)           │
│ Input(#1): PARTIAL       ││ Input(#4): PARTIAL       ││ Input(#27): PARTIAL      │                                                        │ Input(#30): PARTIAL      │
└────────────┬─────────────┘└────────────┬─────────────┘└────────────┬─────────────┘                                                        └────────────┬─────────────┘
             │                           │                           │                                                                                   │              
┌──────────────────────────┐┌──────────────────────────┐┌──────────────────────────┐                                                        ┌──────────────────────────┐
│ Pipeline #1              ││ Pipeline #4              ││ Pipeline #27             │                                                        │ Pipeline #30             │
│ PARTITION (id=1)         ││ PARTITION (id=5)         ││ PARTITION (id=34)        │                                                        │ PARTITION (id=37)        │
│ Input(#0): FULL          ││ Input(#3): PARTIAL       ││ Input(#26): FULL         │                                                        │ Input(#29): PARTIAL      │
└────────────┬─────────────┘└────────────┬─────────────┘└────────────┬─────────────┘                                                        └────────────┬─────────────┘
             │                           │                           │                                                                                   │              
┌──────────────────────────┐┌──────────────────────────┐┌──────────────────────────┐                                                        ┌──────────────────────────┐
│ Pipeline #0              ││ Pipeline #3              ││ Pipeline #26             │                                                        │ Pipeline #29             │
│ GPU_SCAN (id=0)          ││ DYNAMIC_FILTER (id=4)    ││ PROJECTION (id=33)       │                                                        │ COLUMN_DATA_SCAN (id=36) │
│                          ││ GPU_SCAN (id=3)          ││ MERGE_GROUP_BY (id=32)   │                                                        │ Input(#15): FULL         │
│                          ││                          ││ Input(#25): FULL         │                                                        │                          │
└──────────────────────────┘└──────────────────────────┘└────────────┬─────────────┘                                                        └────────────┬─────────────┘
                                                                     │                                                                                   │              
                                                        ┌──────────────────────────┐                                                        ┌──────────────────────────┐
                                                        │ Pipeline #25             │                                                        │ (-> Pipeline #15)        │
                                                        │ PARTITION (id=31)        │                                                        │                          │
                                                        │ Input(#24): FULL         │                                                        │                          │
                                                        └────────────┬─────────────┘                                                        └────────────┬─────────────┘
                                                                     │                                                                                                  
                                                        ┌──────────────────────────┐                                                                                    
                                                        │ Pipeline #24             │                                                                                    
                                                        │ HASH_GROUP_BY (id=30)    │                                                                                    
                                                        │ PROJECTION (id=29)       │                                                                                    
                                                        │ HASH_JOIN (id=28)        │                                                                                    
                                                        │   type: INNER            │                                                                                    
                                                        │ Input(#20): PARTIAL      │                                                                                    
                                                        │ Input(#23): PARTIAL      │                                                                                    
                                                        └────────────┬─────────────┘                                                                                    
                                                                     ┌───────────────────────────────────────────────────────┐                                          
                                                                     │                                                       │                                          
                                                        ┌──────────────────────────┐                            ┌──────────────────────────┐                            
                                                        │ Pipeline #20             │                            │ Pipeline #23             │                            
                                                        │ CONCAT (id=23)           │                            │ CONCAT (id=27)           │                            
                                                        │ Input(#19): PARTIAL      │                            │ Input(#22): PARTIAL      │                            
                                                        └────────────┬─────────────┘                            └────────────┬─────────────┘                            
                                                                     │                                                       │                                          
                                                        ┌──────────────────────────┐                            ┌──────────────────────────┐                            
                                                        │ Pipeline #19             │                            │ Pipeline #22             │                            
                                                        │ PARTITION (id=22)        │                            │ PARTITION (id=26)        │                            
                                                        │ Input(#18): FULL         │                            │ Input(#21): PARTIAL      │                            
                                                        └────────────┬─────────────┘                            └────────────┬─────────────┘                            
                                                                     │                                                       │                                          
                                                        ┌──────────────────────────┐                            ┌──────────────────────────┐                            
                                                        │ Pipeline #18             │                            │ Pipeline #21             │                            
                                                        │ MERGE_GROUP_BY (id=21)   │                            │ DYNAMIC_FILTER (id=25)   │                            
                                                        │ Input(#17): FULL         │                            │ GPU_SCAN (id=24)         │                            
                                                        └────────────┬─────────────┘                            └──────────────────────────┘                            
                                                                     │                                                                                                  
                                                        ┌──────────────────────────┐                                                                                    
                                                        │ Pipeline #17             │                                                                                    
                                                        │ PARTITION (id=20)        │                                                                                    
                                                        │ Input(#16): FULL         │                                                                                    
                                                        └────────────┬─────────────┘                                                                                    
                                                                     │                                                                                                  
                                                        ┌──────────────────────────┐                                                                                    
                                                        │ Pipeline #16             │                                                                                    
                                                        │ HASH_GROUP_BY (id=19)    │                                                                                    
                                                        │ Input(#15): FULL         │                                                                                    
                                                        └────────────┬─────────────┘                                                                                    
                                                                     │                                                                                                  
                                                        ┌──────────────────────────┐                                                                                    
                                                        │ Pipeline #15             │                                                                                    
                                                        │ LEFT_DELIM_JOIN (id=18)  │                                                                                    
                                                        │ HASH_JOIN (id=17)        │                                                                                    
                                                        │   type: SEMI             │                                                                                    
                                                        │ Input(#11): PARTIAL      │                                                                                    
                                                        │ Input(#14): PARTIAL      │                                                                                    
                                                        └────────────┬─────────────┘                                                                                    
                                                                     ┌───────────────────────────┐                                                                      
                                                                     │                           │                                                                      
                                                        ┌──────────────────────────┐┌──────────────────────────┐                                                        
                                                        │ Pipeline #11             ││ Pipeline #14             │                                                        
                                                        │ CONCAT (id=12)           ││ CONCAT (id=16)           │                                                        
                                                        │ Input(#10): PARTIAL      ││ Input(#13): PARTIAL      │                                                        
                                                        └────────────┬─────────────┘└────────────┬─────────────┘                                                        
                                                                     │                           │                                                                      
                                                        ┌──────────────────────────┐┌──────────────────────────┐                                                        
                                                        │ Pipeline #10             ││ Pipeline #13             │                                                        
                                                        │ PARTITION (id=11)        ││ PARTITION (id=15)        │                                                        
                                                        │ Input(#9): FULL          ││ Input(#12): PARTIAL      │                                                        
                                                        └────────────┬─────────────┘└────────────┬─────────────┘                                                        
                                                                     │                           │                                                                      
                                                        ┌──────────────────────────┐┌──────────────────────────┐                                                        
                                                        │ Pipeline #9              ││ Pipeline #12             │                                                        
                                                        │ GPU_SCAN (id=10)         ││ DYNAMIC_FILTER (id=14)   │                                                        
                                                        │                          ││ GPU_SCAN (id=13)         │                                                        
                                                        └──────────────────────────┘└──────────────────────────┘                                                        

[2026-07-31 08:19:00.746] [info] [sirius_engine.cpp:148] query 126 telemetry_query=019fb741580a79e1930b7481fddbfac5
[2026-07-31 08:19:00.746] [info] [sirius_scan_manager.cpp:1494] [sirius_scan_manager] assigned pinned entry 'nation' to operator '0'
[2026-07-31 08:19:00.746] [info] [sirius_scan_manager.cpp:1494] [sirius_scan_manager] assigned pinned entry 'supplier' to operator '3'
[2026-07-31 08:19:00.746] [info] [sirius_scan_manager.cpp:1494] [sirius_scan_manager] assigned pinned entry 'part' to operator '10'
[2026-07-31 08:19:00.746] [info] [sirius_scan_manager.cpp:1494] [sirius_scan_manager] assigned pinned entry 'partsupp' to operator '13'
[2026-07-31 08:19:00.747] [info] [sirius_scan_manager.cpp:1494] [sirius_scan_manager] assigned pinned entry 'lineitem' to operator '24'
[2026-07-31 08:19:00.749] [info] [memory_prefetcher.cpp:52] [memory_prefetcher] started: 3 threads, 5 connectors, min_free_fraction=0.40
[2026-07-31 08:19:00.750] [info] [dynamic_filter_publisher.cpp:338] [sirius_physical_hash_join] Pushed 1 dynamic filter(s) across 1 active target(s) of 1 wired target(s) (1 build rows, 1 keys).
[2026-07-31 08:19:00.751] [warning] [sirius_physical_partition.cpp:304] slot_for_device: device_id 0 not found in active GPU list, falling back to slot 0
[2026-07-31 08:19:00.786] [info] [dynamic_filter_publisher.cpp:338] [sirius_physical_hash_join] Pushed 1 dynamic filter(s) across 1 active target(s) of 1 wired target(s) (2174140 build rows, 1 keys).
[2026-07-31 08:19:00.798] [warning] [sirius_physical_partition.cpp:304] slot_for_device: device_id 0 not found in active GPU list, falling back to slot 0
[2026-07-31 08:19:00.804] [warning] [sirius_physical_partition.cpp:304] slot_for_device: device_id 0 not found in active GPU list, falling back to slot 0
[2026-07-31 08:19:00.805] [warning] [gpu_pipeline_task.cpp:77] gpu_pipeline_task: operator 'LEFT_DELIM_JOIN' (id=18) output batch 0 column 2 datatype mismatch: got int32_t, expected numeric::decimal128
[2026-07-31 08:19:00.807] [info] [dynamic_filter_publisher.cpp:338] [sirius_physical_hash_join] Pushed 2 dynamic filter(s) across 1 active target(s) of 1 wired target(s) (8696560 build rows, 2 keys).
[2026-07-31 08:19:00.969] [warning] [sirius_physical_partition.cpp:304] slot_for_device: device_id 0 not found in active GPU list, falling back to slot 0
[2026-07-31 08:19:01.048] [warning] [sirius_physical_partition.cpp:304] slot_for_device: device_id 0 not found in active GPU list, falling back to slot 0
[2026-07-31 08:19:01.048] [warning] [sirius_physical_partition.cpp:304] slot_for_device: device_id 0 not found in active GPU list, falling back to slot 0
[2026-07-31 08:19:01.048] [warning] [sirius_physical_partition.cpp:304] slot_for_device: device_id 0 not found in active GPU list, falling back to slot 0
[2026-07-31 08:19:01.048] [warning] [sirius_physical_partition.cpp:304] slot_for_device: device_id 0 not found in active GPU list, falling back to slot 0
[2026-07-31 08:19:01.048] [warning] [sirius_physical_partition.cpp:304] slot_for_device: device_id 0 not found in active GPU list, falling back to slot 0
[2026-07-31 08:19:01.048] [warning] [sirius_physical_partition.cpp:304] slot_for_device: device_id 0 not found in active GPU list, falling back to slot 0
[2026-07-31 08:19:01.048] [warning] [sirius_physical_partition.cpp:304] slot_for_device: device_id 0 not found in active GPU list, falling back to slot 0
[2026-07-31 08:19:01.048] [warning] [sirius_physical_partition.cpp:304] slot_for_device: device_id 0 not found in active GPU list, falling back to slot 0
[2026-07-31 08:19:01.048] [warning] [sirius_physical_partition.cpp:304] slot_for_device: device_id 0 not found in active GPU list, falling back to slot 0
[2026-07-31 08:19:01.048] [warning] [sirius_physical_partition.cpp:304] slot_for_device: device_id 0 not found in active GPU list, falling back to slot 0
[2026-07-31 08:19:01.048] [warning] [sirius_physical_partition.cpp:304] slot_for_device: device_id 0 not found in active GPU list, falling back to slot 0
[2026-07-31 08:19:01.048] [warning] [sirius_physical_partition.cpp:304] slot_for_device: device_id 0 not found in active GPU list, falling back to slot 0
[2026-07-31 08:19:01.048] [warning] [sirius_physical_partition.cpp:304] slot_for_device: device_id 0 not found in active GPU list, falling back to slot 0
[2026-07-31 08:19:01.048] [warning] [sirius_physical_partition.cpp:304] slot_for_device: device_id 0 not found in active GPU list, falling back to slot 0
[2026-07-31 08:19:01.048] [warning] [sirius_physical_partition.cpp:304] slot_for_device: device_id 0 not found in active GPU list, falling back to slot 0
[2026-07-31 08:19:01.048] [warning] [sirius_physical_partition.cpp:304] slot_for_device: device_id 0 not found in active GPU list, falling back to slot 0
[2026-07-31 08:19:01.048] [warning] [sirius_physical_partition.cpp:304] slot_for_device: device_id 0 not found in active GPU list, falling back to slot 0
[2026-07-31 08:19:01.048] [warning] [sirius_physical_partition.cpp:304] slot_for_device: device_id 0 not found in active GPU list, falling back to slot 0
[2026-07-31 08:19:01.061] [warning] [sirius_physical_partition.cpp:304] slot_for_device: device_id 0 not found in active GPU list, falling back to slot 0
[2026-07-31 08:19:01.075] [warning] [sirius_physical_partition.cpp:304] slot_for_device: device_id 0 not found in active GPU list, falling back to slot 0
[2026-07-31 08:19:01.087] [warning] [sirius_physical_partition.cpp:304] slot_for_device: device_id 0 not found in active GPU list, falling back to slot 0
[2026-07-31 08:19:01.100] [warning] [sirius_physical_partition.cpp:304] slot_for_device: device_id 0 not found in active GPU list, falling back to slot 0
[2026-07-31 08:19:01.113] [warning] [sirius_physical_partition.cpp:304] slot_for_device: device_id 0 not found in active GPU list, falling back to slot 0
[2026-07-31 08:19:01.126] [warning] [sirius_physical_partition.cpp:304] slot_for_device: device_id 0 not found in active GPU list, falling back to slot 0
[2026-07-31 08:19:01.159] [info] [gpu_pipeline_executor.cpp:129] GPU Pipeline Executor: task queue interrupted, stopping manager loop
[2026-07-31 08:19:01.159] [info] [sirius_context.cpp:300] QueryEnd
[2026-07-31 08:19:01.165] [info] [memory_prefetcher.cpp:65] [memory_prefetcher] stopping: prefetched 11 batches / 42611642957 bytes (stops: headroom=0 reservation=0, skips: lock=0 draining=41)
[2026-07-31 08:19:01.165] [info] [sirius_context.cpp:152] [host_pool] HOST:0 QueryEnd instance=0xc36148a50620 connection=1 window=126 query=247 allocated=161195491328 bytes peak=342523641856 bytes free_blocks=2702
[2026-07-31 08:19:01.165] [info] [sirius_context.cpp:167] [gpu_pool] GPU:0 QueryEnd instance=0xc36148a50620 connection=1 window=126 query=247 allocated=0 bytes peak=217193673216 bytes reserved=0 bytes
[2026-07-31 08:19:01.165] [info] [sirius_context.cpp:416] [window] end instance=0xc36148a50620 connection=1 window=126 query=247 outcome=ok
[2026-07-31 08:19:01.165] [info] [physical_sirius_execution.cpp:329] Transparent GPU execution: query completed
[2026-07-31 08:19:01.258] [info] [sirius_context.cpp:225] QueryBegin: instance=0xc36148a50620 connection=1 query=248 SQL: CALL unpin_table('supplier')
[2026-07-31 08:19:01.259] [info] [sirius_context.cpp:225] QueryBegin: instance=0xc36148a50620 connection=1 query=249 SQL: CALL unpin_table('partsupp')
[2026-07-31 08:19:01.259] [info] [sirius_context.cpp:225] QueryBegin: instance=0xc36148a50620 connection=1 query=250 SQL: CALL unpin_table('part')
[2026-07-31 08:19:01.259] [info] [sirius_context.cpp:225] QueryBegin: instance=0xc36148a50620 connection=1 query=251 SQL: CALL unpin_table('lineitem')
[2026-07-31 08:19:01.260] [info] [sirius_context.cpp:225] QueryBegin: instance=0xc36148a50620 connection=1 query=252 SQL: CALL unpin_table('nation')
[2026-07-31 08:19:01.260] [info] [sirius_context.cpp:225] QueryBegin: instance=0xc36148a50620 connection=1 query=253 SQL: CALL pin_table('/home/nvidia/tpch_parquet_sf1000/supplier/*.parquet', tier='host', name='supplier', cols=['s_suppkey','s_nationkey','s_name'])
[2026-07-31 08:19:01.261] [info] [sirius_context.cpp:416] [window] begin instance=0xc36148a50620 connection=1 window=127 query=253 outcome=-
[2026-07-31 08:19:01.261] [info] [sirius_context.cpp:152] [host_pool] HOST:0 QueryBegin instance=0xc36148a50620 connection=1 window=127 query=253 allocated=17515413504 bytes peak=342523641856 bytes free_blocks=4843
[2026-07-31 08:19:01.261] [info] [sirius_context.cpp:167] [gpu_pool] GPU:0 QueryBegin instance=0xc36148a50620 connection=1 window=127 query=253 allocated=0 bytes peak=217193673216 bytes reserved=0 bytes
[2026-07-31 08:19:01.261] [info] [sirius_context.cpp:285] QueryBegin: pin_table
[2026-07-31 08:19:01.271] [info] [sirius_context.cpp:300] QueryEnd
[2026-07-31 08:19:01.288] [info] [sirius_context.cpp:152] [host_pool] HOST:0 QueryEnd instance=0xc36148a50620 connection=1 window=127 query=253 allocated=17850957824 bytes peak=342523641856 bytes free_blocks=4838
[2026-07-31 08:19:01.288] [info] [sirius_context.cpp:167] [gpu_pool] GPU:0 QueryEnd instance=0xc36148a50620 connection=1 window=127 query=253 allocated=0 bytes peak=217193673216 bytes reserved=0 bytes
[2026-07-31 08:19:01.288] [info] [sirius_context.cpp:416] [window] end instance=0xc36148a50620 connection=1 window=127 query=253 outcome=ok
[2026-07-31 08:19:01.289] [info] [sirius_context.cpp:225] QueryBegin: instance=0xc36148a50620 connection=1 query=254 SQL: CALL pin_table('/home/nvidia/tpch_parquet_sf1000/lineitem/*.parquet', tier='host', name='lineitem', cols=['l_suppkey','l_orderkey','l_receiptdate','l_commitdate'])
[2026-07-31 08:19:01.289] [info] [sirius_context.cpp:416] [window] begin instance=0xc36148a50620 connection=1 window=128 query=254 outcome=-
[2026-07-31 08:19:01.289] [info] [sirius_context.cpp:152] [host_pool] HOST:0 QueryBegin instance=0xc36148a50620 connection=1 window=128 query=254 allocated=17850957824 bytes peak=342523641856 bytes free_blocks=4838
[2026-07-31 08:19:01.289] [info] [sirius_context.cpp:167] [gpu_pool] GPU:0 QueryBegin instance=0xc36148a50620 connection=1 window=128 query=254 allocated=0 bytes peak=217193673216 bytes reserved=0 bytes
[2026-07-31 08:19:01.289] [info] [sirius_context.cpp:285] QueryBegin: pin_table
[2026-07-31 08:19:04.374] [info] [sirius_context.cpp:300] QueryEnd
[2026-07-31 08:19:04.387] [info] [sirius_context.cpp:152] [host_pool] HOST:0 QueryEnd instance=0xc36148a50620 connection=1 window=128 query=254 allocated=141801029632 bytes peak=342523641856 bytes free_blocks=2991
[2026-07-31 08:19:04.387] [info] [sirius_context.cpp:167] [gpu_pool] GPU:0 QueryEnd instance=0xc36148a50620 connection=1 window=128 query=254 allocated=0 bytes peak=217193673216 bytes reserved=0 bytes
[2026-07-31 08:19:04.387] [info] [sirius_context.cpp:416] [window] end instance=0xc36148a50620 connection=1 window=128 query=254 outcome=ok
[2026-07-31 08:19:04.387] [info] [sirius_context.cpp:225] QueryBegin: instance=0xc36148a50620 connection=1 query=255 SQL: CALL pin_table('/home/nvidia/tpch_parquet_sf1000/orders/*.parquet', tier='host', name='orders', cols=['o_orderkey','o_orderstatus'])
[2026-07-31 08:19:04.388] [info] [sirius_context.cpp:416] [window] begin instance=0xc36148a50620 connection=1 window=129 query=255 outcome=-
[2026-07-31 08:19:04.388] [info] [sirius_context.cpp:152] [host_pool] HOST:0 QueryBegin instance=0xc36148a50620 connection=1 window=129 query=255 allocated=141801029632 bytes peak=342523641856 bytes free_blocks=2991
[2026-07-31 08:19:04.388] [info] [sirius_context.cpp:167] [gpu_pool] GPU:0 QueryBegin instance=0xc36148a50620 connection=1 window=129 query=255 allocated=0 bytes peak=217193673216 bytes reserved=0 bytes
[2026-07-31 08:19:04.388] [info] [sirius_context.cpp:285] QueryBegin: pin_table
[2026-07-31 08:19:04.598] [info] [sirius_context.cpp:300] QueryEnd
[2026-07-31 08:19:04.608] [info] [sirius_context.cpp:152] [host_pool] HOST:0 QueryEnd instance=0xc36148a50620 connection=1 window=129 query=255 allocated=161866579968 bytes peak=342523641856 bytes free_blocks=2692
[2026-07-31 08:19:04.608] [info] [sirius_context.cpp:167] [gpu_pool] GPU:0 QueryEnd instance=0xc36148a50620 connection=1 window=129 query=255 allocated=0 bytes peak=217193673216 bytes reserved=0 bytes
[2026-07-31 08:19:04.608] [info] [sirius_context.cpp:416] [window] end instance=0xc36148a50620 connection=1 window=129 query=255 outcome=ok
[2026-07-31 08:19:04.608] [info] [sirius_context.cpp:225] QueryBegin: instance=0xc36148a50620 connection=1 query=256 SQL: CALL pin_table('/home/nvidia/tpch_parquet_sf1000/nation/*.parquet', tier='host', name='nation', cols=['n_nationkey','n_name'])
[2026-07-31 08:19:04.609] [info] [sirius_context.cpp:416] [window] begin instance=0xc36148a50620 connection=1 window=130 query=256 outcome=-
[2026-07-31 08:19:04.609] [info] [sirius_context.cpp:152] [host_pool] HOST:0 QueryBegin instance=0xc36148a50620 connection=1 window=130 query=256 allocated=161866579968 bytes peak=342523641856 bytes free_blocks=2692
[2026-07-31 08:19:04.609] [info] [sirius_context.cpp:167] [gpu_pool] GPU:0 QueryBegin instance=0xc36148a50620 connection=1 window=130 query=256 allocated=0 bytes peak=217193673216 bytes reserved=0 bytes
[2026-07-31 08:19:04.609] [info] [sirius_context.cpp:285] QueryBegin: pin_table
[2026-07-31 08:19:04.611] [info] [sirius_context.cpp:300] QueryEnd
[2026-07-31 08:19:04.628] [info] [sirius_context.cpp:152] [host_pool] HOST:0 QueryEnd instance=0xc36148a50620 connection=1 window=130 query=256 allocated=161933688832 bytes peak=342523641856 bytes free_blocks=2691
[2026-07-31 08:19:04.628] [info] [sirius_context.cpp:167] [gpu_pool] GPU:0 QueryEnd instance=0xc36148a50620 connection=1 window=130 query=256 allocated=0 bytes peak=217193673216 bytes reserved=0 bytes
[2026-07-31 08:19:04.628] [info] [sirius_context.cpp:416] [window] end instance=0xc36148a50620 connection=1 window=130 query=256 outcome=ok
[2026-07-31 08:19:04.629] [info] [sirius_context.cpp:225] QueryBegin: instance=0xc36148a50620 connection=1 query=257 SQL: SET gpu_execution = true;
