[2026-07-31 08:20:04.783] [info] [sirius_context.cpp:225] QueryBegin: instance=0xfd127512aa00 connection=1 query=99 SQL: select o_year, sum(case when nation = 'EGYPT' then volume else 0 end) / sum(volume) as mkt_share from ( select extract(year from o.o_orderdate) as o_year, l.l_extendedprice * (1 - l.l_discount) as volume, n2.n_name as nation from lineitem l, part p, supplier s, orders o, customer c, nation n1, nation n2, region r where p.p_partkey = l.l_partkey and s.s_suppkey = l.l_suppkey and l.l_orderkey = o.o_orderkey and o.o_custkey = c.c_custkey and c.c_nationkey = n1.n_nationkey and n1.n_regionkey = r.r_regionkey and r.r_name = 'MIDDLE EAST' and s.s_nationkey = n2.n_nationkey and o.o_orderdate between date '1995-01-01' and date '1996-12-31' and p.p_type = 'PROMO BRUSHED COPPER' ) as all_nations group by o_year order by o_year
[2026-07-31 08:20:04.801] [info] [sirius_plan_get.cpp:498] [sirius_plan_get] LogicalGet has dynamic_filters attached (channel key=0xb45a728fc960).
[2026-07-31 08:20:04.801] [info] [sirius_plan_get.cpp:498] [sirius_plan_get] LogicalGet has dynamic_filters attached (channel key=0xb45a72b52db0).
[2026-07-31 08:20:04.801] [info] [sirius_plan_get.cpp:498] [sirius_plan_get] LogicalGet has dynamic_filters attached (channel key=0xb45a72b52cb0).
[2026-07-31 08:20:04.801] [info] [sirius_plan_get.cpp:498] [sirius_plan_get] LogicalGet has dynamic_filters attached (channel key=0xb45a725ef020).
[2026-07-31 08:20:04.801] [info] [sirius_plan_comparison_join.cpp:608] [sirius_plan_comparison_join] Wired hash join with 1 dynamic-filter probe target(s) (build est 5 rows).
[2026-07-31 08:20:04.801] [info] [sirius_plan_comparison_join.cpp:608] [sirius_plan_comparison_join] Wired hash join with 1 dynamic-filter probe target(s) (build est 25 rows).
[2026-07-31 08:20:04.801] [info] [sirius_plan_comparison_join.cpp:608] [sirius_plan_comparison_join] Wired hash join with 1 dynamic-filter probe target(s) (build est 149999850 rows).
[2026-07-31 08:20:04.801] [info] [sirius_plan_comparison_join.cpp:608] [sirius_plan_comparison_join] Wired hash join with 1 dynamic-filter probe target(s) (build est 1499999460 rows).
[2026-07-31 08:20:04.801] [info] [sirius_plan_comparison_join.cpp:608] [sirius_plan_comparison_join] Wired hash join with 1 dynamic-filter probe target(s) (build est 199999968 rows).
[2026-07-31 08:20:04.801] [info] [sirius_plan_get.cpp:498] [sirius_plan_get] LogicalGet has dynamic_filters attached (channel key=0xb45a725eeee0).
[2026-07-31 08:20:04.801] [info] [sirius_plan_comparison_join.cpp:547] [sirius_plan_comparison_join] Not wiring dynamic filter(s): build side is unfiltered (build est 25 rows).
[2026-07-31 08:20:04.801] [info] [sirius_plan_comparison_join.cpp:547] [sirius_plan_comparison_join] Not wiring dynamic filter(s): build side is unfiltered (build est 10000000 rows).
[2026-07-31 08:20:04.802] [info] [sirius_context.cpp:1244] Transparent execution: Sirius physical plan generated successfully
[2026-07-31 08:20:04.802] [info] [sirius_context.cpp:1272] Transparent execution: physical plan replaced with GPU operator
[2026-07-31 08:20:04.802] [info] [physical_sirius_execution.cpp:155] Transparent GPU execution: executing query
[2026-07-31 08:20:04.802] [info] [sirius_context.cpp:416] [window] begin instance=0xfd127512aa00 connection=1 window=52 query=99 outcome=-
[2026-07-31 08:20:04.802] [info] [sirius_context.cpp:152] [host_pool] HOST:0 QueryBegin instance=0xfd127512aa00 connection=1 window=52 query=99 allocated=17515413504 bytes peak=30802968576 bytes free_blocks=2875
[2026-07-31 08:20:04.802] [info] [sirius_context.cpp:167] [gpu_pool] GPU:0 QueryBegin instance=0xfd127512aa00 connection=1 window=52 query=99 allocated=86704101120 bytes peak=193501846720 bytes reserved=0 bytes
[2026-07-31 08:20:04.802] [info] [sirius_context.cpp:285] QueryBegin: transparent_execution
[2026-07-31 08:20:04.807] [info] [sirius_plan_get.cpp:498] [sirius_plan_get] LogicalGet has dynamic_filters attached (channel key=0xb45a728fc960).
[2026-07-31 08:20:04.807] [info] [sirius_plan_get.cpp:498] [sirius_plan_get] LogicalGet has dynamic_filters attached (channel key=0xb45a72b52db0).
[2026-07-31 08:20:04.807] [info] [sirius_plan_get.cpp:498] [sirius_plan_get] LogicalGet has dynamic_filters attached (channel key=0xb45a72b52cb0).
[2026-07-31 08:20:04.807] [info] [sirius_plan_get.cpp:498] [sirius_plan_get] LogicalGet has dynamic_filters attached (channel key=0xb45a725ef020).
[2026-07-31 08:20:04.807] [info] [sirius_plan_comparison_join.cpp:608] [sirius_plan_comparison_join] Wired hash join with 1 dynamic-filter probe target(s) (build est 5 rows).
[2026-07-31 08:20:04.807] [info] [sirius_plan_comparison_join.cpp:608] [sirius_plan_comparison_join] Wired hash join with 1 dynamic-filter probe target(s) (build est 25 rows).
[2026-07-31 08:20:04.807] [info] [sirius_plan_comparison_join.cpp:608] [sirius_plan_comparison_join] Wired hash join with 1 dynamic-filter probe target(s) (build est 149999850 rows).
[2026-07-31 08:20:04.807] [info] [sirius_plan_comparison_join.cpp:608] [sirius_plan_comparison_join] Wired hash join with 1 dynamic-filter probe target(s) (build est 1499999460 rows).
[2026-07-31 08:20:04.807] [info] [sirius_plan_comparison_join.cpp:608] [sirius_plan_comparison_join] Wired hash join with 1 dynamic-filter probe target(s) (build est 199999968 rows).
[2026-07-31 08:20:04.807] [info] [sirius_plan_get.cpp:498] [sirius_plan_get] LogicalGet has dynamic_filters attached (channel key=0xb45a725eeee0).
[2026-07-31 08:20:04.807] [info] [sirius_plan_comparison_join.cpp:547] [sirius_plan_comparison_join] Not wiring dynamic filter(s): build side is unfiltered (build est 25 rows).
[2026-07-31 08:20:04.807] [info] [sirius_plan_comparison_join.cpp:547] [sirius_plan_comparison_join] Not wiring dynamic filter(s): build side is unfiltered (build est 10000000 rows).
[2026-07-31 08:20:04.808] [info] [sirius_engine.cpp:265] Query Plan:
=== Pipeline Overview ===
Pipeline #0: GPU_SCAN (id=0)
  Output: -> PARTITION [port: default, barrier: FULL]
Pipeline #1: PARTITION (id=1)
  Input: <- Pipeline #0 [on: PARTITION (id=1), port: default, barrier: FULL]
  Dependencies: Pipeline #0
  Output: -> CONCAT [port: default, barrier: PARTIAL]
Pipeline #2: CONCAT (id=2)
  Input: <- Pipeline #1 [on: CONCAT (id=2), port: default, barrier: PARTIAL]
  Dependencies: Pipeline #1
  Output: -> HASH_JOIN [port: build, barrier: PARTIAL]
Pipeline #3: GPU_SCAN (id=3)
  Output: -> PARTITION [port: default, barrier: PARTIAL]
Pipeline #4: PARTITION (id=4)
  Input: <- Pipeline #3 [on: PARTITION (id=4), port: default, barrier: PARTIAL]
  Dependencies: Pipeline #3
  Output: -> CONCAT [port: default, barrier: PARTIAL]
Pipeline #5: CONCAT (id=5)
  Input: <- Pipeline #4 [on: CONCAT (id=5), port: default, barrier: PARTIAL]
  Dependencies: Pipeline #4
  Output: -> HASH_JOIN [port: default, barrier: PARTIAL]
Pipeline #6: HASH_JOIN (id=6)
  Input: <- Pipeline #2 [on: HASH_JOIN (id=6), port: build, barrier: PARTIAL]
  Input: <- Pipeline #5 [on: HASH_JOIN (id=6), port: default, barrier: PARTIAL]
  Dependencies: Pipeline #2, Pipeline #5
  Output: -> PARTITION [port: default, barrier: FULL]
Pipeline #7: PARTITION (id=7)
  Input: <- Pipeline #6 [on: PARTITION (id=7), port: default, barrier: FULL]
  Dependencies: Pipeline #6
  Output: -> CONCAT [port: default, barrier: PARTIAL]
Pipeline #8: CONCAT (id=8)
  Input: <- Pipeline #7 [on: CONCAT (id=8), port: default, barrier: PARTIAL]
  Dependencies: Pipeline #7
  Output: -> HASH_JOIN [port: build, barrier: PARTIAL]
Pipeline #9: GPU_SCAN (id=9)
  Output: -> PARTITION [port: default, barrier: FULL]
Pipeline #10: PARTITION (id=10)
  Input: <- Pipeline #9 [on: PARTITION (id=10), port: default, barrier: FULL]
  Dependencies: Pipeline #9
  Output: -> CONCAT [port: default, barrier: PARTIAL]
Pipeline #11: CONCAT (id=11)
  Input: <- Pipeline #10 [on: CONCAT (id=11), port: default, barrier: PARTIAL]
  Dependencies: Pipeline #10
  Output: -> HASH_JOIN [port: build, barrier: PARTIAL]
Pipeline #12: GPU_SCAN (id=12)
  Output: -> PARTITION [port: default, barrier: FULL]
Pipeline #13: PARTITION (id=13)
  Input: <- Pipeline #12 [on: PARTITION (id=13), port: default, barrier: FULL]
  Dependencies: Pipeline #12
  Output: -> CONCAT [port: default, barrier: PARTIAL]
Pipeline #14: CONCAT (id=14)
  Input: <- Pipeline #13 [on: CONCAT (id=14), port: default, barrier: PARTIAL]
  Dependencies: Pipeline #13
  Output: -> HASH_JOIN [port: build, barrier: PARTIAL]
Pipeline #15: GPU_SCAN (id=15) -> DYNAMIC_FILTER (id=16)
  Output: -> PARTITION [port: default, barrier: PARTIAL]
Pipeline #16: PARTITION (id=17)
  Input: <- Pipeline #15 [on: PARTITION (id=17), port: default, barrier: PARTIAL]
  Dependencies: Pipeline #15
  Output: -> CONCAT [port: default, barrier: PARTIAL]
Pipeline #17: CONCAT (id=18)
  Input: <- Pipeline #16 [on: CONCAT (id=18), port: default, barrier: PARTIAL]
  Dependencies: Pipeline #16
  Output: -> HASH_JOIN [port: default, barrier: PARTIAL]
Pipeline #18: HASH_JOIN (id=19)
  Input: <- Pipeline #14 [on: HASH_JOIN (id=19), port: build, barrier: PARTIAL]
  Input: <- Pipeline #17 [on: HASH_JOIN (id=19), port: default, barrier: PARTIAL]
  Dependencies: Pipeline #14, Pipeline #17
  Output: -> PARTITION [port: default, barrier: FULL]
Pipeline #19: PARTITION (id=20)
  Input: <- Pipeline #18 [on: PARTITION (id=20), port: default, barrier: FULL]
  Dependencies: Pipeline #18
  Output: -> CONCAT [port: default, barrier: PARTIAL]
Pipeline #20: CONCAT (id=21)
  Input: <- Pipeline #19 [on: CONCAT (id=21), port: default, barrier: PARTIAL]
  Dependencies: Pipeline #19
  Output: -> HASH_JOIN [port: build, barrier: PARTIAL]
Pipeline #21: GPU_SCAN (id=22) -> DYNAMIC_FILTER (id=23)
  Output: -> PARTITION [port: default, barrier: PARTIAL]
Pipeline #22: PARTITION (id=24)
  Input: <- Pipeline #21 [on: PARTITION (id=24), port: default, barrier: PARTIAL]
  Dependencies: Pipeline #21
  Output: -> CONCAT [port: default, barrier: PARTIAL]
Pipeline #23: CONCAT (id=25)
  Input: <- Pipeline #22 [on: CONCAT (id=25), port: default, barrier: PARTIAL]
  Dependencies: Pipeline #22
  Output: -> HASH_JOIN [port: default, barrier: PARTIAL]
Pipeline #24: HASH_JOIN (id=26)
  Input: <- Pipeline #20 [on: HASH_JOIN (id=26), port: build, barrier: PARTIAL]
  Input: <- Pipeline #23 [on: HASH_JOIN (id=26), port: default, barrier: PARTIAL]
  Dependencies: Pipeline #20, Pipeline #23
  Output: -> PARTITION [port: default, barrier: FULL]
Pipeline #25: PARTITION (id=27)
  Input: <- Pipeline #24 [on: PARTITION (id=27), port: default, barrier: FULL]
  Dependencies: Pipeline #24
  Output: -> CONCAT [port: default, barrier: PARTIAL]
Pipeline #26: CONCAT (id=28)
  Input: <- Pipeline #25 [on: CONCAT (id=28), port: default, barrier: PARTIAL]
  Dependencies: Pipeline #25
  Output: -> HASH_JOIN [port: build, barrier: PARTIAL]
Pipeline #27: GPU_SCAN (id=29) -> DYNAMIC_FILTER (id=30)
  Output: -> PARTITION [port: default, barrier: PARTIAL]
Pipeline #28: PARTITION (id=31)
  Input: <- Pipeline #27 [on: PARTITION (id=31), port: default, barrier: PARTIAL]
  Dependencies: Pipeline #27
  Output: -> CONCAT [port: default, barrier: PARTIAL]
Pipeline #29: CONCAT (id=32)
  Input: <- Pipeline #28 [on: CONCAT (id=32), port: default, barrier: PARTIAL]
  Dependencies: Pipeline #28
  Output: -> HASH_JOIN [port: default, barrier: PARTIAL]
Pipeline #30: HASH_JOIN (id=33)
  Input: <- Pipeline #26 [on: HASH_JOIN (id=33), port: build, barrier: PARTIAL]
  Input: <- Pipeline #29 [on: HASH_JOIN (id=33), port: default, barrier: PARTIAL]
  Dependencies: Pipeline #26, Pipeline #29
  Output: -> PARTITION [port: default, barrier: FULL]
Pipeline #31: PARTITION (id=34)
  Input: <- Pipeline #30 [on: PARTITION (id=34), port: default, barrier: FULL]
  Dependencies: Pipeline #30
  Output: -> CONCAT [port: default, barrier: PARTIAL]
Pipeline #32: CONCAT (id=35)
  Input: <- Pipeline #31 [on: CONCAT (id=35), port: default, barrier: PARTIAL]
  Dependencies: Pipeline #31
  Output: -> HASH_JOIN [port: build, barrier: PARTIAL]
Pipeline #33: GPU_SCAN (id=36) -> DYNAMIC_FILTER (id=37)
  Output: -> PARTITION [port: default, barrier: PARTIAL]
Pipeline #34: PARTITION (id=38)
  Input: <- Pipeline #33 [on: PARTITION (id=38), port: default, barrier: PARTIAL]
  Dependencies: Pipeline #33
  Output: -> CONCAT [port: default, barrier: PARTIAL]
Pipeline #35: CONCAT (id=39)
  Input: <- Pipeline #34 [on: CONCAT (id=39), port: default, barrier: PARTIAL]
  Dependencies: Pipeline #34
  Output: -> HASH_JOIN [port: default, barrier: PARTIAL]
Pipeline #36: HASH_JOIN (id=40)
  Input: <- Pipeline #32 [on: HASH_JOIN (id=40), port: build, barrier: PARTIAL]
  Input: <- Pipeline #35 [on: HASH_JOIN (id=40), port: default, barrier: PARTIAL]
  Dependencies: Pipeline #32, Pipeline #35
  Output: -> PARTITION [port: default, barrier: PARTIAL]
Pipeline #37: PARTITION (id=41)
  Input: <- Pipeline #36 [on: PARTITION (id=41), port: default, barrier: PARTIAL]
  Dependencies: Pipeline #36
  Output: -> CONCAT [port: default, barrier: PARTIAL]
Pipeline #38: CONCAT (id=42)
  Input: <- Pipeline #37 [on: CONCAT (id=42), port: default, barrier: PARTIAL]
  Dependencies: Pipeline #37
  Output: -> HASH_JOIN [port: default, barrier: PARTIAL]
Pipeline #39: HASH_JOIN (id=43)
  Input: <- Pipeline #11 [on: HASH_JOIN (id=43), port: build, barrier: PARTIAL]
  Input: <- Pipeline #38 [on: HASH_JOIN (id=43), port: default, barrier: PARTIAL]
  Dependencies: Pipeline #11, Pipeline #38
  Output: -> PARTITION [port: default, barrier: PARTIAL]
Pipeline #40: PARTITION (id=44)
  Input: <- Pipeline #39 [on: PARTITION (id=44), port: default, barrier: PARTIAL]
  Dependencies: Pipeline #39
  Output: -> CONCAT [port: default, barrier: PARTIAL]
Pipeline #41: CONCAT (id=45)
  Input: <- Pipeline #40 [on: CONCAT (id=45), port: default, barrier: PARTIAL]
  Dependencies: Pipeline #40
  Output: -> HASH_JOIN [port: default, barrier: PARTIAL]
Pipeline #42: HASH_JOIN (id=46) -> PROJECTION (id=47) -> PROJECTION (id=48) -> HASH_GROUP_BY (id=49)
  Input: <- Pipeline #8 [on: HASH_JOIN (id=46), port: build, barrier: PARTIAL]
  Input: <- Pipeline #41 [on: HASH_JOIN (id=46), port: default, barrier: PARTIAL]
  Dependencies: Pipeline #8, Pipeline #41
  Output: -> PARTITION [port: default, barrier: FULL]
Pipeline #43: PARTITION (id=50)
  Input: <- Pipeline #42 [on: PARTITION (id=50), port: default, barrier: FULL]
  Dependencies: Pipeline #42
  Output: -> MERGE_GROUP_BY [port: default, barrier: FULL]
Pipeline #44: MERGE_GROUP_BY (id=51) -> PROJECTION (id=52) -> ORDER_BY (id=53)
  Input: <- Pipeline #43 [on: MERGE_GROUP_BY (id=51), port: default, barrier: FULL]
  Dependencies: Pipeline #43
  Output: -> SORT_SAMPLE [port: default, barrier: PIPELINE]
Pipeline #45: SORT_SAMPLE (id=54) -> SORT_PARTITION (id=55)
  Input: <- Pipeline #44 [on: SORT_SAMPLE (id=54), port: default, barrier: PIPELINE]
  Dependencies: Pipeline #44
  Output: -> MERGE_SORT [port: default, barrier: FULL]
Pipeline #46: MERGE_SORT (id=56)
  Input: <- Pipeline #45 [on: MERGE_SORT (id=56), port: default, barrier: FULL]
  Dependencies: Pipeline #45
  Output: -> RESULT_COLLECTOR [port: default, barrier: FULL]
Pipeline #47: RESULT_COLLECTOR (id=57)
  Input: <- Pipeline #46 [on: RESULT_COLLECTOR (id=57), port: default, barrier: FULL]
  Dependencies: Pipeline #46

=== Query Plan DAG ===
┌──────────────────────────┐                                                                                                                                                                                                    
│ Pipeline #47             │                                                                                                                                                                                                    
│ RESULT_COLLECTOR (id=57) │                                                                                                                                                                                                    
│ Input(#46): FULL         │                                                                                                                                                                                                    
└────────────┬─────────────┘                                                                                                                                                                                                    
             │                                                                                                                                                                                                                  
┌──────────────────────────┐                                                                                                                                                                                                    
│ Pipeline #46             │                                                                                                                                                                                                    
│ MERGE_SORT (id=56)       │                                                                                                                                                                                                    
│ Input(#45): FULL         │                                                                                                                                                                                                    
└────────────┬─────────────┘                                                                                                                                                                                                    
             │                                                                                                                                                                                                                  
┌──────────────────────────┐                                                                                                                                                                                                    
│ Pipeline #45             │                                                                                                                                                                                                    
│ SORT_PARTITION (id=55)   │                                                                                                                                                                                                    
│ SORT_SAMPLE (id=54)      │                                                                                                                                                                                                    
│ Input(#44): PIPELINE     │                                                                                                                                                                                                    
└────────────┬─────────────┘                                                                                                                                                                                                    
             │                                                                                                                                                                                                                  
┌──────────────────────────┐                                                                                                                                                                                                    
│ Pipeline #44             │                                                                                                                                                                                                    
│ ORDER_BY (id=53)         │                                                                                                                                                                                                    
│ PROJECTION (id=52)       │                                                                                                                                                                                                    
│ MERGE_GROUP_BY (id=51)   │                                                                                                                                                                                                    
│ Input(#43): FULL         │                                                                                                                                                                                                    
└────────────┬─────────────┘                                                                                                                                                                                                    
             │                                                                                                                                                                                                                  
┌──────────────────────────┐                                                                                                                                                                                                    
│ Pipeline #43             │                                                                                                                                                                                                    
│ PARTITION (id=50)        │                                                                                                                                                                                                    
│ Input(#42): FULL         │                                                                                                                                                                                                    
└────────────┬─────────────┘                                                                                                                                                                                                    
             │                                                                                                                                                                                                                  
┌──────────────────────────┐                                                                                                                                                                                                    
│ Pipeline #42             │                                                                                                                                                                                                    
│ HASH_GROUP_BY (id=49)    │                                                                                                                                                                                                    
│ PROJECTION (id=48)       │                                                                                                                                                                                                    
│ PROJECTION (id=47)       │                                                                                                                                                                                                    
│ HASH_JOIN (id=46)        │                                                                                                                                                                                                    
│   type: INNER            │                                                                                                                                                                                                    
│ Input(#8): PARTIAL       │                                                                                                                                                                                                    
│ Input(#41): PARTIAL      │                                                                                                                                                                                                    
└────────────┬─────────────┘                                                                                                                                                                                                    
             ┌───────────────────────────────────────────────────────┐                                                                                                                                                          
             │                                                       │                                                                                                                                                          
┌──────────────────────────┐                            ┌──────────────────────────┐                                                                                                                                            
│ Pipeline #8              │                            │ Pipeline #41             │                                                                                                                                            
│ CONCAT (id=8)            │                            │ CONCAT (id=45)           │                                                                                                                                            
│ Input(#7): PARTIAL       │                            │ Input(#40): PARTIAL      │                                                                                                                                            
└────────────┬─────────────┘                            └────────────┬─────────────┘                                                                                                                                            
             │                                                       │                                                                                                                                                          
┌──────────────────────────┐                            ┌──────────────────────────┐                                                                                                                                            
│ Pipeline #7              │                            │ Pipeline #40             │                                                                                                                                            
│ PARTITION (id=7)         │                            │ PARTITION (id=44)        │                                                                                                                                            
│ Input(#6): FULL          │                            │ Input(#39): PARTIAL      │                                                                                                                                            
└────────────┬─────────────┘                            └────────────┬─────────────┘                                                                                                                                            
             │                                                       │                                                                                                                                                          
┌──────────────────────────┐                            ┌──────────────────────────┐                                                                                                                                            
│ Pipeline #6              │                            │ Pipeline #39             │                                                                                                                                            
│ HASH_JOIN (id=6)         │                            │ HASH_JOIN (id=43)        │                                                                                                                                            
│   type: INNER            │                            │   type: INNER            │                                                                                                                                            
│ Input(#2): PARTIAL       │                            │ Input(#11): PARTIAL      │                                                                                                                                            
│ Input(#5): PARTIAL       │                            │ Input(#38): PARTIAL      │                                                                                                                                            
└────────────┬─────────────┘                            └────────────┬─────────────┘                                                                                                                                            
             ┌───────────────────────────┐                           ┌───────────────────────────┐                                                                                                                              
             │                           │                           │                           │                                                                                                                              
┌──────────────────────────┐┌──────────────────────────┐┌──────────────────────────┐┌──────────────────────────┐                                                                                                                
│ Pipeline #2              ││ Pipeline #5              ││ Pipeline #11             ││ Pipeline #38             │                                                                                                                
│ CONCAT (id=2)            ││ CONCAT (id=5)            ││ CONCAT (id=11)           ││ CONCAT (id=42)           │                                                                                                                
│ Input(#1): PARTIAL       ││ Input(#4): PARTIAL       ││ Input(#10): PARTIAL      ││ Input(#37): PARTIAL      │                                                                                                                
└────────────┬─────────────┘└────────────┬─────────────┘└────────────┬─────────────┘└────────────┬─────────────┘                                                                                                                
             │                           │                           │                           │                                                                                                                              
┌──────────────────────────┐┌──────────────────────────┐┌──────────────────────────┐┌──────────────────────────┐                                                                                                                
│ Pipeline #1              ││ Pipeline #4              ││ Pipeline #10             ││ Pipeline #37             │                                                                                                                
│ PARTITION (id=1)         ││ PARTITION (id=4)         ││ PARTITION (id=10)        ││ PARTITION (id=41)        │                                                                                                                
│ Input(#0): FULL          ││ Input(#3): PARTIAL       ││ Input(#9): FULL          ││ Input(#36): PARTIAL      │                                                                                                                
└────────────┬─────────────┘└────────────┬─────────────┘└────────────┬─────────────┘└────────────┬─────────────┘                                                                                                                
             │                           │                           │                           │                                                                                                                              
┌──────────────────────────┐┌──────────────────────────┐┌──────────────────────────┐┌──────────────────────────┐                                                                                                                
│ Pipeline #0              ││ Pipeline #3              ││ Pipeline #9              ││ Pipeline #36             │                                                                                                                
│ GPU_SCAN (id=0)          ││ GPU_SCAN (id=3)          ││ GPU_SCAN (id=9)          ││ HASH_JOIN (id=40)        │                                                                                                                
│                          ││                          ││                          ││   type: INNER            │                                                                                                                
│                          ││                          ││                          ││ Input(#32): PARTIAL      │                                                                                                                
│                          ││                          ││                          ││ Input(#35): PARTIAL      │                                                                                                                
└──────────────────────────┘└──────────────────────────┘└──────────────────────────┘└────────────┬─────────────┘                                                                                                                
                                                                                                 ┌───────────────────────────────────────────────────────────────────────────────────────────────────────────────┐              
                                                                                                 │                                                                                                               │              
                                                                                    ┌──────────────────────────┐                                                                                    ┌──────────────────────────┐
                                                                                    │ Pipeline #32             │                                                                                    │ Pipeline #35             │
                                                                                    │ CONCAT (id=35)           │                                                                                    │ CONCAT (id=39)           │
                                                                                    │ Input(#31): PARTIAL      │                                                                                    │ Input(#34): PARTIAL      │
                                                                                    └────────────┬─────────────┘                                                                                    └────────────┬─────────────┘
                                                                                                 │                                                                                                               │              
                                                                                    ┌──────────────────────────┐                                                                                    ┌──────────────────────────┐
                                                                                    │ Pipeline #31             │                                                                                    │ Pipeline #34             │
                                                                                    │ PARTITION (id=34)        │                                                                                    │ PARTITION (id=38)        │
                                                                                    │ Input(#30): FULL         │                                                                                    │ Input(#33): PARTIAL      │
                                                                                    └────────────┬─────────────┘                                                                                    └────────────┬─────────────┘
                                                                                                 │                                                                                                               │              
                                                                                    ┌──────────────────────────┐                                                                                    ┌──────────────────────────┐
                                                                                    │ Pipeline #30             │                                                                                    │ Pipeline #33             │
                                                                                    │ HASH_JOIN (id=33)        │                                                                                    │ DYNAMIC_FILTER (id=37)   │
                                                                                    │   type: INNER            │                                                                                    │ GPU_SCAN (id=36)         │
                                                                                    │ Input(#26): PARTIAL      │                                                                                    │                          │
                                                                                    │ Input(#29): PARTIAL      │                                                                                    │                          │
                                                                                    └────────────┬─────────────┘                                                                                    └──────────────────────────┘
                                                                                                 ┌───────────────────────────────────────────────────────────────────────────────────┐                                          
                                                                                                 │                                                                                   │                                          
                                                                                    ┌──────────────────────────┐                                                        ┌──────────────────────────┐                            
                                                                                    │ Pipeline #26             │                                                        │ Pipeline #29             │                            
                                                                                    │ CONCAT (id=28)           │                                                        │ CONCAT (id=32)           │                            
                                                                                    │ Input(#25): PARTIAL      │                                                        │ Input(#28): PARTIAL      │                            
                                                                                    └────────────┬─────────────┘                                                        └────────────┬─────────────┘                            
                                                                                                 │                                                                                   │                                          
                                                                                    ┌──────────────────────────┐                                                        ┌──────────────────────────┐                            
                                                                                    │ Pipeline #25             │                                                        │ Pipeline #28             │                            
                                                                                    │ PARTITION (id=27)        │                                                        │ PARTITION (id=31)        │                            
                                                                                    │ Input(#24): FULL         │                                                        │ Input(#27): PARTIAL      │                            
                                                                                    └────────────┬─────────────┘                                                        └────────────┬─────────────┘                            
                                                                                                 │                                                                                   │                                          
                                                                                    ┌──────────────────────────┐                                                        ┌──────────────────────────┐                            
                                                                                    │ Pipeline #24             │                                                        │ Pipeline #27             │                            
                                                                                    │ HASH_JOIN (id=26)        │                                                        │ DYNAMIC_FILTER (id=30)   │                            
                                                                                    │   type: INNER            │                                                        │ GPU_SCAN (id=29)         │                            
                                                                                    │ Input(#20): PARTIAL      │                                                        │                          │                            
                                                                                    │ Input(#23): PARTIAL      │                                                        │                          │                            
                                                                                    └────────────┬─────────────┘                                                        └──────────────────────────┘                            
                                                                                                 ┌───────────────────────────────────────────────────────┐                                                                      
                                                                                                 │                                                       │                                                                      
                                                                                    ┌──────────────────────────┐                            ┌──────────────────────────┐                                                        
                                                                                    │ Pipeline #20             │                            │ Pipeline #23             │                                                        
                                                                                    │ CONCAT (id=21)           │                            │ CONCAT (id=25)           │                                                        
                                                                                    │ Input(#19): PARTIAL      │                            │ Input(#22): PARTIAL      │                                                        
                                                                                    └────────────┬─────────────┘                            └────────────┬─────────────┘                                                        
                                                                                                 │                                                       │                                                                      
                                                                                    ┌──────────────────────────┐                            ┌──────────────────────────┐                                                        
                                                                                    │ Pipeline #19             │                            │ Pipeline #22             │                                                        
                                                                                    │ PARTITION (id=20)        │                            │ PARTITION (id=24)        │                                                        
                                                                                    │ Input(#18): FULL         │                            │ Input(#21): PARTIAL      │                                                        
                                                                                    └────────────┬─────────────┘                            └────────────┬─────────────┘                                                        
                                                                                                 │                                                       │                                                                      
                                                                                    ┌──────────────────────────┐                            ┌──────────────────────────┐                                                        
                                                                                    │ Pipeline #18             │                            │ Pipeline #21             │                                                        
                                                                                    │ HASH_JOIN (id=19)        │                            │ DYNAMIC_FILTER (id=23)   │                                                        
                                                                                    │   type: INNER            │                            │ GPU_SCAN (id=22)         │                                                        
                                                                                    │ Input(#14): PARTIAL      │                            │                          │                                                        
                                                                                    │ Input(#17): PARTIAL      │                            │                          │                                                        
                                                                                    └────────────┬─────────────┘                            └──────────────────────────┘                                                        
                                                                                                 ┌───────────────────────────┐                                                                                                  
                                                                                                 │                           │                                                                                                  
                                                                                    ┌──────────────────────────┐┌──────────────────────────┐                                                                                    
                                                                                    │ Pipeline #14             ││ Pipeline #17             │                                                                                    
                                                                                    │ CONCAT (id=14)           ││ CONCAT (id=18)           │                                                                                    
                                                                                    │ Input(#13): PARTIAL      ││ Input(#16): PARTIAL      │                                                                                    
                                                                                    └────────────┬─────────────┘└────────────┬─────────────┘                                                                                    
                                                                                                 │                           │                                                                                                  
                                                                                    ┌──────────────────────────┐┌──────────────────────────┐                                                                                    
                                                                                    │ Pipeline #13             ││ Pipeline #16             │                                                                                    
                                                                                    │ PARTITION (id=13)        ││ PARTITION (id=17)        │                                                                                    
                                                                                    │ Input(#12): FULL         ││ Input(#15): PARTIAL      │                                                                                    
                                                                                    └────────────┬─────────────┘└────────────┬─────────────┘                                                                                    
                                                                                                 │                           │                                                                                                  
                                                                                    ┌──────────────────────────┐┌──────────────────────────┐                                                                                    
                                                                                    │ Pipeline #12             ││ Pipeline #15             │                                                                                    
                                                                                    │ GPU_SCAN (id=12)         ││ DYNAMIC_FILTER (id=16)   │                                                                                    
                                                                                    │                          ││ GPU_SCAN (id=15)         │                                                                                    
                                                                                    └──────────────────────────┘└──────────────────────────┘                                                                                    

[2026-07-31 08:20:04.808] [info] [sirius_engine.cpp:148] query 52 telemetry_query=019fb74252487ee1b49ee23e356c1861
[2026-07-31 08:20:04.808] [info] [sirius_scan_manager.cpp:1494] [sirius_scan_manager] assigned pinned entry 'nation' to operator '0'
[2026-07-31 08:20:04.808] [info] [sirius_scan_manager.cpp:1494] [sirius_scan_manager] assigned pinned entry 'supplier' to operator '3'
[2026-07-31 08:20:04.808] [info] [sirius_scan_manager.cpp:1494] [sirius_scan_manager] assigned pinned entry 'part' to operator '9'
[2026-07-31 08:20:04.808] [info] [sirius_scan_manager.cpp:1494] [sirius_scan_manager] assigned pinned entry 'region' to operator '12'
[2026-07-31 08:20:04.808] [info] [sirius_scan_manager.cpp:1494] [sirius_scan_manager] assigned pinned entry 'nation' to operator '15'
[2026-07-31 08:20:04.808] [info] [sirius_scan_manager.cpp:1494] [sirius_scan_manager] assigned pinned entry 'customer' to operator '22'
[2026-07-31 08:20:04.809] [info] [sirius_scan_manager.cpp:1494] [sirius_scan_manager] assigned pinned entry 'orders' to operator '29'
[2026-07-31 08:20:04.809] [info] [sirius_scan_manager.cpp:1494] [sirius_scan_manager] assigned pinned entry 'lineitem' to operator '36'
[2026-07-31 08:20:04.809] [info] [memory_prefetcher.cpp:52] [memory_prefetcher] started: 3 threads, 8 connectors, min_free_fraction=0.40
[2026-07-31 08:20:04.810] [warning] [sirius_physical_partition.cpp:304] slot_for_device: device_id 0 not found in active GPU list, falling back to slot 0
[2026-07-31 08:20:04.816] [info] [dynamic_filter_publisher.cpp:338] [sirius_physical_hash_join] Pushed 1 dynamic filter(s) across 1 active target(s) of 1 wired target(s) (1332415 build rows, 1 keys).
[2026-07-31 08:20:04.816] [info] [dynamic_filter_publisher.cpp:338] [sirius_physical_hash_join] Pushed 1 dynamic filter(s) across 1 active target(s) of 1 wired target(s) (1 build rows, 1 keys).
[2026-07-31 08:20:04.817] [warning] [sirius_physical_partition.cpp:304] slot_for_device: device_id 0 not found in active GPU list, falling back to slot 0
[2026-07-31 08:20:04.817] [info] [dynamic_filter_publisher.cpp:338] [sirius_physical_hash_join] Pushed 1 dynamic filter(s) across 1 active target(s) of 1 wired target(s) (5 build rows, 1 keys).
[2026-07-31 08:20:04.819] [warning] [sirius_physical_partition.cpp:304] slot_for_device: device_id 0 not found in active GPU list, falling back to slot 0
[2026-07-31 08:20:04.824] [info] [dynamic_filter_publisher.cpp:338] [sirius_physical_hash_join] Pushed 1 dynamic filter(s) across 1 active target(s) of 1 wired target(s) (30002171 build rows, 1 keys).
[2026-07-31 08:20:04.904] [info] [dynamic_filter_publisher.cpp:338] [sirius_physical_hash_join] Pushed 1 dynamic filter(s) across 1 active target(s) of 1 wired target(s) (91139462 build rows, 1 keys).
[2026-07-31 08:20:05.304] [warning] [sirius_physical_partition.cpp:304] slot_for_device: device_id 0 not found in active GPU list, falling back to slot 0
[2026-07-31 08:20:05.305] [warning] [sirius_physical_partition.cpp:304] slot_for_device: device_id 0 not found in active GPU list, falling back to slot 0
[2026-07-31 08:20:05.346] [info] [gpu_pipeline_executor.cpp:129] GPU Pipeline Executor: task queue interrupted, stopping manager loop
[2026-07-31 08:20:05.347] [info] [sirius_context.cpp:300] QueryEnd
[2026-07-31 08:20:05.357] [info] [memory_prefetcher.cpp:65] [memory_prefetcher] stopping: prefetched 0 batches / 0 bytes (stops: headroom=0 reservation=0, skips: lock=0 draining=937)
[2026-07-31 08:20:05.357] [info] [sirius_context.cpp:152] [host_pool] HOST:0 QueryEnd instance=0xfd127512aa00 connection=1 window=52 query=99 allocated=17515413504 bytes peak=30802968576 bytes free_blocks=2875
[2026-07-31 08:20:05.357] [info] [sirius_context.cpp:167] [gpu_pool] GPU:0 QueryEnd instance=0xfd127512aa00 connection=1 window=52 query=99 allocated=86704101120 bytes peak=193501846720 bytes reserved=0 bytes
[2026-07-31 08:20:05.357] [info] [sirius_context.cpp:416] [window] end instance=0xfd127512aa00 connection=1 window=52 query=99 outcome=ok
[2026-07-31 08:20:05.357] [info] [physical_sirius_execution.cpp:329] Transparent GPU execution: query completed
[2026-07-31 08:20:05.359] [info] [sirius_context.cpp:225] QueryBegin: instance=0xfd127512aa00 connection=1 query=100 SQL: SET gpu_execution = true;
[2026-07-31 08:20:05.360] [info] [sirius_context.cpp:225] QueryBegin: instance=0xfd127512aa00 connection=1 query=101 SQL: select o_year, sum(case when nation = 'EGYPT' then volume else 0 end) / sum(volume) as mkt_share from ( select extract(year from o.o_orderdate) as o_year, l.l_extendedprice * (1 - l.l_discount) as volume, n2.n_name as nation from lineitem l, part p, supplier s, orders o, customer c, nation n1, nation n2, region r where p.p_partkey = l.l_partkey and s.s_suppkey = l.l_suppkey and l.l_orderkey = o.o_orderkey and o.o_custkey = c.c_custkey and c.c_nationkey = n1.n_nationkey and n1.n_regionkey = r.r_regionkey and r.r_name = 'MIDDLE EAST' and s.s_nationkey = n2.n_nationkey and o.o_orderdate between date '1995-01-01' and date '1996-12-31' and p.p_type = 'PROMO BRUSHED COPPER' ) as all_nations group by o_year order by o_year
[2026-07-31 08:20:05.377] [info] [sirius_plan_get.cpp:498] [sirius_plan_get] LogicalGet has dynamic_filters attached (channel key=0xb45a72e1f1d0).
[2026-07-31 08:20:05.377] [info] [sirius_plan_get.cpp:498] [sirius_plan_get] LogicalGet has dynamic_filters attached (channel key=0xb45a72a72000).
[2026-07-31 08:20:05.377] [info] [sirius_plan_get.cpp:498] [sirius_plan_get] LogicalGet has dynamic_filters attached (channel key=0xb45a724e6d60).
[2026-07-31 08:20:05.377] [info] [sirius_plan_get.cpp:498] [sirius_plan_get] LogicalGet has dynamic_filters attached (channel key=0xb45a7273bf40).
[2026-07-31 08:20:05.377] [info] [sirius_plan_comparison_join.cpp:608] [sirius_plan_comparison_join] Wired hash join with 1 dynamic-filter probe target(s) (build est 5 rows).
[2026-07-31 08:20:05.377] [info] [sirius_plan_comparison_join.cpp:608] [sirius_plan_comparison_join] Wired hash join with 1 dynamic-filter probe target(s) (build est 25 rows).
[2026-07-31 08:20:05.377] [info] [sirius_plan_comparison_join.cpp:608] [sirius_plan_comparison_join] Wired hash join with 1 dynamic-filter probe target(s) (build est 149999850 rows).
[2026-07-31 08:20:05.377] [info] [sirius_plan_comparison_join.cpp:608] [sirius_plan_comparison_join] Wired hash join with 1 dynamic-filter probe target(s) (build est 1499999460 rows).
[2026-07-31 08:20:05.377] [info] [sirius_plan_comparison_join.cpp:608] [sirius_plan_comparison_join] Wired hash join with 1 dynamic-filter probe target(s) (build est 199999968 rows).
[2026-07-31 08:20:05.377] [info] [sirius_plan_get.cpp:498] [sirius_plan_get] LogicalGet has dynamic_filters attached (channel key=0xb45a7273a180).
[2026-07-31 08:20:05.377] [info] [sirius_plan_comparison_join.cpp:547] [sirius_plan_comparison_join] Not wiring dynamic filter(s): build side is unfiltered (build est 25 rows).
[2026-07-31 08:20:05.377] [info] [sirius_plan_comparison_join.cpp:547] [sirius_plan_comparison_join] Not wiring dynamic filter(s): build side is unfiltered (build est 10000000 rows).
[2026-07-31 08:20:05.378] [info] [sirius_context.cpp:1244] Transparent execution: Sirius physical plan generated successfully
[2026-07-31 08:20:05.378] [info] [sirius_context.cpp:1272] Transparent execution: physical plan replaced with GPU operator
[2026-07-31 08:20:05.378] [info] [physical_sirius_execution.cpp:155] Transparent GPU execution: executing query
[2026-07-31 08:20:05.378] [info] [sirius_context.cpp:416] [window] begin instance=0xfd127512aa00 connection=1 window=53 query=101 outcome=-
[2026-07-31 08:20:05.378] [info] [sirius_context.cpp:152] [host_pool] HOST:0 QueryBegin instance=0xfd127512aa00 connection=1 window=53 query=101 allocated=17515413504 bytes peak=30802968576 bytes free_blocks=2875
[2026-07-31 08:20:05.378] [info] [sirius_context.cpp:167] [gpu_pool] GPU:0 QueryBegin instance=0xfd127512aa00 connection=1 window=53 query=101 allocated=86704101120 bytes peak=193501846720 bytes reserved=0 bytes
[2026-07-31 08:20:05.378] [info] [sirius_context.cpp:285] QueryBegin: transparent_execution
[2026-07-31 08:20:05.383] [info] [sirius_plan_get.cpp:498] [sirius_plan_get] LogicalGet has dynamic_filters attached (channel key=0xb45a72e1f1d0).
[2026-07-31 08:20:05.383] [info] [sirius_plan_get.cpp:498] [sirius_plan_get] LogicalGet has dynamic_filters attached (channel key=0xb45a72a72000).
[2026-07-31 08:20:05.383] [info] [sirius_plan_get.cpp:498] [sirius_plan_get] LogicalGet has dynamic_filters attached (channel key=0xb45a724e6d60).
[2026-07-31 08:20:05.383] [info] [sirius_plan_get.cpp:498] [sirius_plan_get] LogicalGet has dynamic_filters attached (channel key=0xb45a7273bf40).
[2026-07-31 08:20:05.383] [info] [sirius_plan_comparison_join.cpp:608] [sirius_plan_comparison_join] Wired hash join with 1 dynamic-filter probe target(s) (build est 5 rows).
[2026-07-31 08:20:05.383] [info] [sirius_plan_comparison_join.cpp:608] [sirius_plan_comparison_join] Wired hash join with 1 dynamic-filter probe target(s) (build est 25 rows).
[2026-07-31 08:20:05.383] [info] [sirius_plan_comparison_join.cpp:608] [sirius_plan_comparison_join] Wired hash join with 1 dynamic-filter probe target(s) (build est 149999850 rows).
[2026-07-31 08:20:05.383] [info] [sirius_plan_comparison_join.cpp:608] [sirius_plan_comparison_join] Wired hash join with 1 dynamic-filter probe target(s) (build est 1499999460 rows).
[2026-07-31 08:20:05.383] [info] [sirius_plan_comparison_join.cpp:608] [sirius_plan_comparison_join] Wired hash join with 1 dynamic-filter probe target(s) (build est 199999968 rows).
[2026-07-31 08:20:05.383] [info] [sirius_plan_get.cpp:498] [sirius_plan_get] LogicalGet has dynamic_filters attached (channel key=0xb45a7273a180).
[2026-07-31 08:20:05.383] [info] [sirius_plan_comparison_join.cpp:547] [sirius_plan_comparison_join] Not wiring dynamic filter(s): build side is unfiltered (build est 25 rows).
[2026-07-31 08:20:05.383] [info] [sirius_plan_comparison_join.cpp:547] [sirius_plan_comparison_join] Not wiring dynamic filter(s): build side is unfiltered (build est 10000000 rows).
[2026-07-31 08:20:05.384] [info] [sirius_engine.cpp:265] Query Plan:
=== Pipeline Overview ===
Pipeline #0: GPU_SCAN (id=0)
  Output: -> PARTITION [port: default, barrier: FULL]
Pipeline #1: PARTITION (id=1)
  Input: <- Pipeline #0 [on: PARTITION (id=1), port: default, barrier: FULL]
  Dependencies: Pipeline #0
  Output: -> CONCAT [port: default, barrier: PARTIAL]
Pipeline #2: CONCAT (id=2)
  Input: <- Pipeline #1 [on: CONCAT (id=2), port: default, barrier: PARTIAL]
  Dependencies: Pipeline #1
  Output: -> HASH_JOIN [port: build, barrier: PARTIAL]
Pipeline #3: GPU_SCAN (id=3)
  Output: -> PARTITION [port: default, barrier: PARTIAL]
Pipeline #4: PARTITION (id=4)
  Input: <- Pipeline #3 [on: PARTITION (id=4), port: default, barrier: PARTIAL]
  Dependencies: Pipeline #3
  Output: -> CONCAT [port: default, barrier: PARTIAL]
Pipeline #5: CONCAT (id=5)
  Input: <- Pipeline #4 [on: CONCAT (id=5), port: default, barrier: PARTIAL]
  Dependencies: Pipeline #4
  Output: -> HASH_JOIN [port: default, barrier: PARTIAL]
Pipeline #6: HASH_JOIN (id=6)
  Input: <- Pipeline #2 [on: HASH_JOIN (id=6), port: build, barrier: PARTIAL]
  Input: <- Pipeline #5 [on: HASH_JOIN (id=6), port: default, barrier: PARTIAL]
  Dependencies: Pipeline #2, Pipeline #5
  Output: -> PARTITION [port: default, barrier: FULL]
Pipeline #7: PARTITION (id=7)
  Input: <- Pipeline #6 [on: PARTITION (id=7), port: default, barrier: FULL]
  Dependencies: Pipeline #6
  Output: -> CONCAT [port: default, barrier: PARTIAL]
Pipeline #8: CONCAT (id=8)
  Input: <- Pipeline #7 [on: CONCAT (id=8), port: default, barrier: PARTIAL]
  Dependencies: Pipeline #7
  Output: -> HASH_JOIN [port: build, barrier: PARTIAL]
Pipeline #9: GPU_SCAN (id=9)
  Output: -> PARTITION [port: default, barrier: FULL]
Pipeline #10: PARTITION (id=10)
  Input: <- Pipeline #9 [on: PARTITION (id=10), port: default, barrier: FULL]
  Dependencies: Pipeline #9
  Output: -> CONCAT [port: default, barrier: PARTIAL]
Pipeline #11: CONCAT (id=11)
  Input: <- Pipeline #10 [on: CONCAT (id=11), port: default, barrier: PARTIAL]
  Dependencies: Pipeline #10
  Output: -> HASH_JOIN [port: build, barrier: PARTIAL]
Pipeline #12: GPU_SCAN (id=12)
  Output: -> PARTITION [port: default, barrier: FULL]
Pipeline #13: PARTITION (id=13)
  Input: <- Pipeline #12 [on: PARTITION (id=13), port: default, barrier: FULL]
  Dependencies: Pipeline #12
  Output: -> CONCAT [port: default, barrier: PARTIAL]
Pipeline #14: CONCAT (id=14)
  Input: <- Pipeline #13 [on: CONCAT (id=14), port: default, barrier: PARTIAL]
  Dependencies: Pipeline #13
  Output: -> HASH_JOIN [port: build, barrier: PARTIAL]
Pipeline #15: GPU_SCAN (id=15) -> DYNAMIC_FILTER (id=16)
  Output: -> PARTITION [port: default, barrier: PARTIAL]
Pipeline #16: PARTITION (id=17)
  Input: <- Pipeline #15 [on: PARTITION (id=17), port: default, barrier: PARTIAL]
  Dependencies: Pipeline #15
  Output: -> CONCAT [port: default, barrier: PARTIAL]
Pipeline #17: CONCAT (id=18)
  Input: <- Pipeline #16 [on: CONCAT (id=18), port: default, barrier: PARTIAL]
  Dependencies: Pipeline #16
  Output: -> HASH_JOIN [port: default, barrier: PARTIAL]
Pipeline #18: HASH_JOIN (id=19)
  Input: <- Pipeline #14 [on: HASH_JOIN (id=19), port: build, barrier: PARTIAL]
  Input: <- Pipeline #17 [on: HASH_JOIN (id=19), port: default, barrier: PARTIAL]
  Dependencies: Pipeline #14, Pipeline #17
  Output: -> PARTITION [port: default, barrier: FULL]
Pipeline #19: PARTITION (id=20)
  Input: <- Pipeline #18 [on: PARTITION (id=20), port: default, barrier: FULL]
  Dependencies: Pipeline #18
  Output: -> CONCAT [port: default, barrier: PARTIAL]
Pipeline #20: CONCAT (id=21)
  Input: <- Pipeline #19 [on: CONCAT (id=21), port: default, barrier: PARTIAL]
  Dependencies: Pipeline #19
  Output: -> HASH_JOIN [port: build, barrier: PARTIAL]
Pipeline #21: GPU_SCAN (id=22) -> DYNAMIC_FILTER (id=23)
  Output: -> PARTITION [port: default, barrier: PARTIAL]
Pipeline #22: PARTITION (id=24)
  Input: <- Pipeline #21 [on: PARTITION (id=24), port: default, barrier: PARTIAL]
  Dependencies: Pipeline #21
  Output: -> CONCAT [port: default, barrier: PARTIAL]
Pipeline #23: CONCAT (id=25)
  Input: <- Pipeline #22 [on: CONCAT (id=25), port: default, barrier: PARTIAL]
  Dependencies: Pipeline #22
  Output: -> HASH_JOIN [port: default, barrier: PARTIAL]
Pipeline #24: HASH_JOIN (id=26)
  Input: <- Pipeline #20 [on: HASH_JOIN (id=26), port: build, barrier: PARTIAL]
  Input: <- Pipeline #23 [on: HASH_JOIN (id=26), port: default, barrier: PARTIAL]
  Dependencies: Pipeline #20, Pipeline #23
  Output: -> PARTITION [port: default, barrier: FULL]
Pipeline #25: PARTITION (id=27)
  Input: <- Pipeline #24 [on: PARTITION (id=27), port: default, barrier: FULL]
  Dependencies: Pipeline #24
  Output: -> CONCAT [port: default, barrier: PARTIAL]
Pipeline #26: CONCAT (id=28)
  Input: <- Pipeline #25 [on: CONCAT (id=28), port: default, barrier: PARTIAL]
  Dependencies: Pipeline #25
  Output: -> HASH_JOIN [port: build, barrier: PARTIAL]
Pipeline #27: GPU_SCAN (id=29) -> DYNAMIC_FILTER (id=30)
  Output: -> PARTITION [port: default, barrier: PARTIAL]
Pipeline #28: PARTITION (id=31)
  Input: <- Pipeline #27 [on: PARTITION (id=31), port: default, barrier: PARTIAL]
  Dependencies: Pipeline #27
  Output: -> CONCAT [port: default, barrier: PARTIAL]
Pipeline #29: CONCAT (id=32)
  Input: <- Pipeline #28 [on: CONCAT (id=32), port: default, barrier: PARTIAL]
  Dependencies: Pipeline #28
  Output: -> HASH_JOIN [port: default, barrier: PARTIAL]
Pipeline #30: HASH_JOIN (id=33)
  Input: <- Pipeline #26 [on: HASH_JOIN (id=33), port: build, barrier: PARTIAL]
  Input: <- Pipeline #29 [on: HASH_JOIN (id=33), port: default, barrier: PARTIAL]
  Dependencies: Pipeline #26, Pipeline #29
  Output: -> PARTITION [port: default, barrier: FULL]
Pipeline #31: PARTITION (id=34)
  Input: <- Pipeline #30 [on: PARTITION (id=34), port: default, barrier: FULL]
  Dependencies: Pipeline #30
  Output: -> CONCAT [port: default, barrier: PARTIAL]
Pipeline #32: CONCAT (id=35)
  Input: <- Pipeline #31 [on: CONCAT (id=35), port: default, barrier: PARTIAL]
  Dependencies: Pipeline #31
  Output: -> HASH_JOIN [port: build, barrier: PARTIAL]
Pipeline #33: GPU_SCAN (id=36) -> DYNAMIC_FILTER (id=37)
  Output: -> PARTITION [port: default, barrier: PARTIAL]
Pipeline #34: PARTITION (id=38)
  Input: <- Pipeline #33 [on: PARTITION (id=38), port: default, barrier: PARTIAL]
  Dependencies: Pipeline #33
  Output: -> CONCAT [port: default, barrier: PARTIAL]
Pipeline #35: CONCAT (id=39)
  Input: <- Pipeline #34 [on: CONCAT (id=39), port: default, barrier: PARTIAL]
  Dependencies: Pipeline #34
  Output: -> HASH_JOIN [port: default, barrier: PARTIAL]
Pipeline #36: HASH_JOIN (id=40)
  Input: <- Pipeline #32 [on: HASH_JOIN (id=40), port: build, barrier: PARTIAL]
  Input: <- Pipeline #35 [on: HASH_JOIN (id=40), port: default, barrier: PARTIAL]
  Dependencies: Pipeline #32, Pipeline #35
  Output: -> PARTITION [port: default, barrier: PARTIAL]
Pipeline #37: PARTITION (id=41)
  Input: <- Pipeline #36 [on: PARTITION (id=41), port: default, barrier: PARTIAL]
  Dependencies: Pipeline #36
  Output: -> CONCAT [port: default, barrier: PARTIAL]
Pipeline #38: CONCAT (id=42)
  Input: <- Pipeline #37 [on: CONCAT (id=42), port: default, barrier: PARTIAL]
  Dependencies: Pipeline #37
  Output: -> HASH_JOIN [port: default, barrier: PARTIAL]
Pipeline #39: HASH_JOIN (id=43)
  Input: <- Pipeline #11 [on: HASH_JOIN (id=43), port: build, barrier: PARTIAL]
  Input: <- Pipeline #38 [on: HASH_JOIN (id=43), port: default, barrier: PARTIAL]
  Dependencies: Pipeline #11, Pipeline #38
  Output: -> PARTITION [port: default, barrier: PARTIAL]
Pipeline #40: PARTITION (id=44)
  Input: <- Pipeline #39 [on: PARTITION (id=44), port: default, barrier: PARTIAL]
  Dependencies: Pipeline #39
  Output: -> CONCAT [port: default, barrier: PARTIAL]
Pipeline #41: CONCAT (id=45)
  Input: <- Pipeline #40 [on: CONCAT (id=45), port: default, barrier: PARTIAL]
  Dependencies: Pipeline #40
  Output: -> HASH_JOIN [port: default, barrier: PARTIAL]
Pipeline #42: HASH_JOIN (id=46) -> PROJECTION (id=47) -> PROJECTION (id=48) -> HASH_GROUP_BY (id=49)
  Input: <- Pipeline #8 [on: HASH_JOIN (id=46), port: build, barrier: PARTIAL]
  Input: <- Pipeline #41 [on: HASH_JOIN (id=46), port: default, barrier: PARTIAL]
  Dependencies: Pipeline #8, Pipeline #41
  Output: -> PARTITION [port: default, barrier: FULL]
Pipeline #43: PARTITION (id=50)
  Input: <- Pipeline #42 [on: PARTITION (id=50), port: default, barrier: FULL]
  Dependencies: Pipeline #42
  Output: -> MERGE_GROUP_BY [port: default, barrier: FULL]
Pipeline #44: MERGE_GROUP_BY (id=51) -> PROJECTION (id=52) -> ORDER_BY (id=53)
  Input: <- Pipeline #43 [on: MERGE_GROUP_BY (id=51), port: default, barrier: FULL]
  Dependencies: Pipeline #43
  Output: -> SORT_SAMPLE [port: default, barrier: PIPELINE]
Pipeline #45: SORT_SAMPLE (id=54) -> SORT_PARTITION (id=55)
  Input: <- Pipeline #44 [on: SORT_SAMPLE (id=54), port: default, barrier: PIPELINE]
  Dependencies: Pipeline #44
  Output: -> MERGE_SORT [port: default, barrier: FULL]
Pipeline #46: MERGE_SORT (id=56)
  Input: <- Pipeline #45 [on: MERGE_SORT (id=56), port: default, barrier: FULL]
  Dependencies: Pipeline #45
  Output: -> RESULT_COLLECTOR [port: default, barrier: FULL]
Pipeline #47: RESULT_COLLECTOR (id=57)
  Input: <- Pipeline #46 [on: RESULT_COLLECTOR (id=57), port: default, barrier: FULL]
  Dependencies: Pipeline #46

=== Query Plan DAG ===
┌──────────────────────────┐                                                                                                                                                                                                    
│ Pipeline #47             │                                                                                                                                                                                                    
│ RESULT_COLLECTOR (id=57) │                                                                                                                                                                                                    
│ Input(#46): FULL         │                                                                                                                                                                                                    
└────────────┬─────────────┘                                                                                                                                                                                                    
             │                                                                                                                                                                                                                  
┌──────────────────────────┐                                                                                                                                                                                                    
│ Pipeline #46             │                                                                                                                                                                                                    
│ MERGE_SORT (id=56)       │                                                                                                                                                                                                    
│ Input(#45): FULL         │                                                                                                                                                                                                    
└────────────┬─────────────┘                                                                                                                                                                                                    
             │                                                                                                                                                                                                                  
┌──────────────────────────┐                                                                                                                                                                                                    
│ Pipeline #45             │                                                                                                                                                                                                    
│ SORT_PARTITION (id=55)   │                                                                                                                                                                                                    
│ SORT_SAMPLE (id=54)      │                                                                                                                                                                                                    
│ Input(#44): PIPELINE     │                                                                                                                                                                                                    
└────────────┬─────────────┘                                                                                                                                                                                                    
             │                                                                                                                                                                                                                  
┌──────────────────────────┐                                                                                                                                                                                                    
│ Pipeline #44             │                                                                                                                                                                                                    
│ ORDER_BY (id=53)         │                                                                                                                                                                                                    
│ PROJECTION (id=52)       │                                                                                                                                                                                                    
│ MERGE_GROUP_BY (id=51)   │                                                                                                                                                                                                    
│ Input(#43): FULL         │                                                                                                                                                                                                    
└────────────┬─────────────┘                                                                                                                                                                                                    
             │                                                                                                                                                                                                                  
┌──────────────────────────┐                                                                                                                                                                                                    
│ Pipeline #43             │                                                                                                                                                                                                    
│ PARTITION (id=50)        │                                                                                                                                                                                                    
│ Input(#42): FULL         │                                                                                                                                                                                                    
└────────────┬─────────────┘                                                                                                                                                                                                    
             │                                                                                                                                                                                                                  
┌──────────────────────────┐                                                                                                                                                                                                    
│ Pipeline #42             │                                                                                                                                                                                                    
│ HASH_GROUP_BY (id=49)    │                                                                                                                                                                                                    
│ PROJECTION (id=48)       │                                                                                                                                                                                                    
│ PROJECTION (id=47)       │                                                                                                                                                                                                    
│ HASH_JOIN (id=46)        │                                                                                                                                                                                                    
│   type: INNER            │                                                                                                                                                                                                    
│ Input(#8): PARTIAL       │                                                                                                                                                                                                    
│ Input(#41): PARTIAL      │                                                                                                                                                                                                    
└────────────┬─────────────┘                                                                                                                                                                                                    
             ┌───────────────────────────────────────────────────────┐                                                                                                                                                          
             │                                                       │                                                                                                                                                          
┌──────────────────────────┐                            ┌──────────────────────────┐                                                                                                                                            
│ Pipeline #8              │                            │ Pipeline #41             │                                                                                                                                            
│ CONCAT (id=8)            │                            │ CONCAT (id=45)           │                                                                                                                                            
│ Input(#7): PARTIAL       │                            │ Input(#40): PARTIAL      │                                                                                                                                            
└────────────┬─────────────┘                            └────────────┬─────────────┘                                                                                                                                            
             │                                                       │                                                                                                                                                          
┌──────────────────────────┐                            ┌──────────────────────────┐                                                                                                                                            
│ Pipeline #7              │                            │ Pipeline #40             │                                                                                                                                            
│ PARTITION (id=7)         │                            │ PARTITION (id=44)        │                                                                                                                                            
│ Input(#6): FULL          │                            │ Input(#39): PARTIAL      │                                                                                                                                            
└────────────┬─────────────┘                            └────────────┬─────────────┘                                                                                                                                            
             │                                                       │                                                                                                                                                          
┌──────────────────────────┐                            ┌──────────────────────────┐                                                                                                                                            
│ Pipeline #6              │                            │ Pipeline #39             │                                                                                                                                            
│ HASH_JOIN (id=6)         │                            │ HASH_JOIN (id=43)        │                                                                                                                                            
│   type: INNER            │                            │   type: INNER            │                                                                                                                                            
│ Input(#2): PARTIAL       │                            │ Input(#11): PARTIAL      │                                                                                                                                            
│ Input(#5): PARTIAL       │                            │ Input(#38): PARTIAL      │                                                                                                                                            
└────────────┬─────────────┘                            └────────────┬─────────────┘                                                                                                                                            
             ┌───────────────────────────┐                           ┌───────────────────────────┐                                                                                                                              
             │                           │                           │                           │                                                                                                                              
┌──────────────────────────┐┌──────────────────────────┐┌──────────────────────────┐┌──────────────────────────┐                                                                                                                
│ Pipeline #2              ││ Pipeline #5              ││ Pipeline #11             ││ Pipeline #38             │                                                                                                                
│ CONCAT (id=2)            ││ CONCAT (id=5)            ││ CONCAT (id=11)           ││ CONCAT (id=42)           │                                                                                                                
│ Input(#1): PARTIAL       ││ Input(#4): PARTIAL       ││ Input(#10): PARTIAL      ││ Input(#37): PARTIAL      │                                                                                                                
└────────────┬─────────────┘└────────────┬─────────────┘└────────────┬─────────────┘└────────────┬─────────────┘                                                                                                                
             │                           │                           │                           │                                                                                                                              
┌──────────────────────────┐┌──────────────────────────┐┌──────────────────────────┐┌──────────────────────────┐                                                                                                                
│ Pipeline #1              ││ Pipeline #4              ││ Pipeline #10             ││ Pipeline #37             │                                                                                                                
│ PARTITION (id=1)         ││ PARTITION (id=4)         ││ PARTITION (id=10)        ││ PARTITION (id=41)        │                                                                                                                
│ Input(#0): FULL          ││ Input(#3): PARTIAL       ││ Input(#9): FULL          ││ Input(#36): PARTIAL      │                                                                                                                
└────────────┬─────────────┘└────────────┬─────────────┘└────────────┬─────────────┘└────────────┬─────────────┘                                                                                                                
             │                           │                           │                           │                                                                                                                              
┌──────────────────────────┐┌──────────────────────────┐┌──────────────────────────┐┌──────────────────────────┐                                                                                                                
│ Pipeline #0              ││ Pipeline #3              ││ Pipeline #9              ││ Pipeline #36             │                                                                                                                
│ GPU_SCAN (id=0)          ││ GPU_SCAN (id=3)          ││ GPU_SCAN (id=9)          ││ HASH_JOIN (id=40)        │                                                                                                                
│                          ││                          ││                          ││   type: INNER            │                                                                                                                
│                          ││                          ││                          ││ Input(#32): PARTIAL      │                                                                                                                
│                          ││                          ││                          ││ Input(#35): PARTIAL      │                                                                                                                
└──────────────────────────┘└──────────────────────────┘└──────────────────────────┘└────────────┬─────────────┘                                                                                                                
                                                                                                 ┌───────────────────────────────────────────────────────────────────────────────────────────────────────────────┐              
                                                                                                 │                                                                                                               │              
                                                                                    ┌──────────────────────────┐                                                                                    ┌──────────────────────────┐
                                                                                    │ Pipeline #32             │                                                                                    │ Pipeline #35             │
                                                                                    │ CONCAT (id=35)           │                                                                                    │ CONCAT (id=39)           │
                                                                                    │ Input(#31): PARTIAL      │                                                                                    │ Input(#34): PARTIAL      │
                                                                                    └────────────┬─────────────┘                                                                                    └────────────┬─────────────┘
                                                                                                 │                                                                                                               │              
                                                                                    ┌──────────────────────────┐                                                                                    ┌──────────────────────────┐
                                                                                    │ Pipeline #31             │                                                                                    │ Pipeline #34             │
                                                                                    │ PARTITION (id=34)        │                                                                                    │ PARTITION (id=38)        │
                                                                                    │ Input(#30): FULL         │                                                                                    │ Input(#33): PARTIAL      │
                                                                                    └────────────┬─────────────┘                                                                                    └────────────┬─────────────┘
                                                                                                 │                                                                                                               │              
                                                                                    ┌──────────────────────────┐                                                                                    ┌──────────────────────────┐
                                                                                    │ Pipeline #30             │                                                                                    │ Pipeline #33             │
                                                                                    │ HASH_JOIN (id=33)        │                                                                                    │ DYNAMIC_FILTER (id=37)   │
                                                                                    │   type: INNER            │                                                                                    │ GPU_SCAN (id=36)         │
                                                                                    │ Input(#26): PARTIAL      │                                                                                    │                          │
                                                                                    │ Input(#29): PARTIAL      │                                                                                    │                          │
                                                                                    └────────────┬─────────────┘                                                                                    └──────────────────────────┘
                                                                                                 ┌───────────────────────────────────────────────────────────────────────────────────┐                                          
                                                                                                 │                                                                                   │                                          
                                                                                    ┌──────────────────────────┐                                                        ┌──────────────────────────┐                            
                                                                                    │ Pipeline #26             │                                                        │ Pipeline #29             │                            
                                                                                    │ CONCAT (id=28)           │                                                        │ CONCAT (id=32)           │                            
                                                                                    │ Input(#25): PARTIAL      │                                                        │ Input(#28): PARTIAL      │                            
                                                                                    └────────────┬─────────────┘                                                        └────────────┬─────────────┘                            
                                                                                                 │                                                                                   │                                          
                                                                                    ┌──────────────────────────┐                                                        ┌──────────────────────────┐                            
                                                                                    │ Pipeline #25             │                                                        │ Pipeline #28             │                            
                                                                                    │ PARTITION (id=27)        │                                                        │ PARTITION (id=31)        │                            
                                                                                    │ Input(#24): FULL         │                                                        │ Input(#27): PARTIAL      │                            
                                                                                    └────────────┬─────────────┘                                                        └────────────┬─────────────┘                            
                                                                                                 │                                                                                   │                                          
                                                                                    ┌──────────────────────────┐                                                        ┌──────────────────────────┐                            
                                                                                    │ Pipeline #24             │                                                        │ Pipeline #27             │                            
                                                                                    │ HASH_JOIN (id=26)        │                                                        │ DYNAMIC_FILTER (id=30)   │                            
                                                                                    │   type: INNER            │                                                        │ GPU_SCAN (id=29)         │                            
                                                                                    │ Input(#20): PARTIAL      │                                                        │                          │                            
                                                                                    │ Input(#23): PARTIAL      │                                                        │                          │                            
                                                                                    └────────────┬─────────────┘                                                        └──────────────────────────┘                            
                                                                                                 ┌───────────────────────────────────────────────────────┐                                                                      
                                                                                                 │                                                       │                                                                      
                                                                                    ┌──────────────────────────┐                            ┌──────────────────────────┐                                                        
                                                                                    │ Pipeline #20             │                            │ Pipeline #23             │                                                        
                                                                                    │ CONCAT (id=21)           │                            │ CONCAT (id=25)           │                                                        
                                                                                    │ Input(#19): PARTIAL      │                            │ Input(#22): PARTIAL      │                                                        
                                                                                    └────────────┬─────────────┘                            └────────────┬─────────────┘                                                        
                                                                                                 │                                                       │                                                                      
                                                                                    ┌──────────────────────────┐                            ┌──────────────────────────┐                                                        
                                                                                    │ Pipeline #19             │                            │ Pipeline #22             │                                                        
                                                                                    │ PARTITION (id=20)        │                            │ PARTITION (id=24)        │                                                        
                                                                                    │ Input(#18): FULL         │                            │ Input(#21): PARTIAL      │                                                        
                                                                                    └────────────┬─────────────┘                            └────────────┬─────────────┘                                                        
                                                                                                 │                                                       │                                                                      
                                                                                    ┌──────────────────────────┐                            ┌──────────────────────────┐                                                        
                                                                                    │ Pipeline #18             │                            │ Pipeline #21             │                                                        
                                                                                    │ HASH_JOIN (id=19)        │                            │ DYNAMIC_FILTER (id=23)   │                                                        
                                                                                    │   type: INNER            │                            │ GPU_SCAN (id=22)         │                                                        
                                                                                    │ Input(#14): PARTIAL      │                            │                          │                                                        
                                                                                    │ Input(#17): PARTIAL      │                            │                          │                                                        
                                                                                    └────────────┬─────────────┘                            └──────────────────────────┘                                                        
                                                                                                 ┌───────────────────────────┐                                                                                                  
                                                                                                 │                           │                                                                                                  
                                                                                    ┌──────────────────────────┐┌──────────────────────────┐                                                                                    
                                                                                    │ Pipeline #14             ││ Pipeline #17             │                                                                                    
                                                                                    │ CONCAT (id=14)           ││ CONCAT (id=18)           │                                                                                    
                                                                                    │ Input(#13): PARTIAL      ││ Input(#16): PARTIAL      │                                                                                    
                                                                                    └────────────┬─────────────┘└────────────┬─────────────┘                                                                                    
                                                                                                 │                           │                                                                                                  
                                                                                    ┌──────────────────────────┐┌──────────────────────────┐                                                                                    
                                                                                    │ Pipeline #13             ││ Pipeline #16             │                                                                                    
                                                                                    │ PARTITION (id=13)        ││ PARTITION (id=17)        │                                                                                    
                                                                                    │ Input(#12): FULL         ││ Input(#15): PARTIAL      │                                                                                    
                                                                                    └────────────┬─────────────┘└────────────┬─────────────┘                                                                                    
                                                                                                 │                           │                                                                                                  
                                                                                    ┌──────────────────────────┐┌──────────────────────────┐                                                                                    
                                                                                    │ Pipeline #12             ││ Pipeline #15             │                                                                                    
                                                                                    │ GPU_SCAN (id=12)         ││ DYNAMIC_FILTER (id=16)   │                                                                                    
                                                                                    │                          ││ GPU_SCAN (id=15)         │                                                                                    
                                                                                    └──────────────────────────┘└──────────────────────────┘                                                                                    

[2026-07-31 08:20:05.384] [info] [sirius_engine.cpp:148] query 53 telemetry_query=019fb74254887e63acbc7969918b269e
[2026-07-31 08:20:05.384] [info] [sirius_scan_manager.cpp:1494] [sirius_scan_manager] assigned pinned entry 'nation' to operator '0'
[2026-07-31 08:20:05.384] [info] [sirius_scan_manager.cpp:1494] [sirius_scan_manager] assigned pinned entry 'supplier' to operator '3'
[2026-07-31 08:20:05.384] [info] [sirius_scan_manager.cpp:1494] [sirius_scan_manager] assigned pinned entry 'part' to operator '9'
[2026-07-31 08:20:05.384] [info] [sirius_scan_manager.cpp:1494] [sirius_scan_manager] assigned pinned entry 'region' to operator '12'
[2026-07-31 08:20:05.384] [info] [sirius_scan_manager.cpp:1494] [sirius_scan_manager] assigned pinned entry 'nation' to operator '15'
[2026-07-31 08:20:05.384] [info] [sirius_scan_manager.cpp:1494] [sirius_scan_manager] assigned pinned entry 'customer' to operator '22'
[2026-07-31 08:20:05.384] [info] [sirius_scan_manager.cpp:1494] [sirius_scan_manager] assigned pinned entry 'orders' to operator '29'
[2026-07-31 08:20:05.385] [info] [sirius_scan_manager.cpp:1494] [sirius_scan_manager] assigned pinned entry 'lineitem' to operator '36'
[2026-07-31 08:20:05.385] [info] [memory_prefetcher.cpp:52] [memory_prefetcher] started: 3 threads, 8 connectors, min_free_fraction=0.40
[2026-07-31 08:20:05.385] [warning] [sirius_physical_partition.cpp:304] slot_for_device: device_id 0 not found in active GPU list, falling back to slot 0
[2026-07-31 08:20:05.391] [info] [dynamic_filter_publisher.cpp:338] [sirius_physical_hash_join] Pushed 1 dynamic filter(s) across 1 active target(s) of 1 wired target(s) (1332415 build rows, 1 keys).
[2026-07-31 08:20:05.392] [info] [dynamic_filter_publisher.cpp:338] [sirius_physical_hash_join] Pushed 1 dynamic filter(s) across 1 active target(s) of 1 wired target(s) (1 build rows, 1 keys).
[2026-07-31 08:20:05.392] [warning] [sirius_physical_partition.cpp:304] slot_for_device: device_id 0 not found in active GPU list, falling back to slot 0
[2026-07-31 08:20:05.393] [info] [dynamic_filter_publisher.cpp:338] [sirius_physical_hash_join] Pushed 1 dynamic filter(s) across 1 active target(s) of 1 wired target(s) (5 build rows, 1 keys).
[2026-07-31 08:20:05.394] [warning] [sirius_physical_partition.cpp:304] slot_for_device: device_id 0 not found in active GPU list, falling back to slot 0
[2026-07-31 08:20:05.399] [info] [dynamic_filter_publisher.cpp:338] [sirius_physical_hash_join] Pushed 1 dynamic filter(s) across 1 active target(s) of 1 wired target(s) (30002171 build rows, 1 keys).
[2026-07-31 08:20:05.479] [info] [dynamic_filter_publisher.cpp:338] [sirius_physical_hash_join] Pushed 1 dynamic filter(s) across 1 active target(s) of 1 wired target(s) (91139462 build rows, 1 keys).
[2026-07-31 08:20:05.880] [warning] [sirius_physical_partition.cpp:304] slot_for_device: device_id 0 not found in active GPU list, falling back to slot 0
[2026-07-31 08:20:05.881] [warning] [sirius_physical_partition.cpp:304] slot_for_device: device_id 0 not found in active GPU list, falling back to slot 0
[2026-07-31 08:20:05.904] [info] [gpu_pipeline_executor.cpp:129] GPU Pipeline Executor: task queue interrupted, stopping manager loop
[2026-07-31 08:20:05.904] [info] [sirius_context.cpp:300] QueryEnd
[2026-07-31 08:20:05.911] [info] [memory_prefetcher.cpp:65] [memory_prefetcher] stopping: prefetched 0 batches / 0 bytes (stops: headroom=0 reservation=0, skips: lock=0 draining=921)
[2026-07-31 08:20:05.911] [info] [sirius_context.cpp:152] [host_pool] HOST:0 QueryEnd instance=0xfd127512aa00 connection=1 window=53 query=101 allocated=17515413504 bytes peak=30802968576 bytes free_blocks=2875
[2026-07-31 08:20:05.911] [info] [sirius_context.cpp:167] [gpu_pool] GPU:0 QueryEnd instance=0xfd127512aa00 connection=1 window=53 query=101 allocated=86704101120 bytes peak=193501846720 bytes reserved=0 bytes
[2026-07-31 08:20:05.911] [info] [sirius_context.cpp:416] [window] end instance=0xfd127512aa00 connection=1 window=53 query=101 outcome=ok
[2026-07-31 08:20:05.911] [info] [physical_sirius_execution.cpp:329] Transparent GPU execution: query completed
[2026-07-31 08:20:05.926] [info] [sirius_context.cpp:225] QueryBegin: instance=0xfd127512aa00 connection=1 query=102 SQL: SET gpu_execution = true;
[2026-07-31 08:20:05.927] [info] [sirius_context.cpp:225] QueryBegin: instance=0xfd127512aa00 connection=1 query=103 SQL: select o_year, sum(case when nation = 'EGYPT' then volume else 0 end) / sum(volume) as mkt_share from ( select extract(year from o.o_orderdate) as o_year, l.l_extendedprice * (1 - l.l_discount) as volume, n2.n_name as nation from lineitem l, part p, supplier s, orders o, customer c, nation n1, nation n2, region r where p.p_partkey = l.l_partkey and s.s_suppkey = l.l_suppkey and l.l_orderkey = o.o_orderkey and o.o_custkey = c.c_custkey and c.c_nationkey = n1.n_nationkey and n1.n_regionkey = r.r_regionkey and r.r_name = 'MIDDLE EAST' and s.s_nationkey = n2.n_nationkey and o.o_orderdate between date '1995-01-01' and date '1996-12-31' and p.p_type = 'PROMO BRUSHED COPPER' ) as all_nations group by o_year order by o_year
[2026-07-31 08:20:05.944] [info] [sirius_plan_get.cpp:498] [sirius_plan_get] LogicalGet has dynamic_filters attached (channel key=0xb45a721925e0).
[2026-07-31 08:20:05.944] [info] [sirius_plan_get.cpp:498] [sirius_plan_get] LogicalGet has dynamic_filters attached (channel key=0xb45a69b5f140).
[2026-07-31 08:20:05.944] [info] [sirius_plan_get.cpp:498] [sirius_plan_get] LogicalGet has dynamic_filters attached (channel key=0xb45a724e78a0).
[2026-07-31 08:20:05.944] [info] [sirius_plan_get.cpp:498] [sirius_plan_get] LogicalGet has dynamic_filters attached (channel key=0xb45a727e84d0).
[2026-07-31 08:20:05.944] [info] [sirius_plan_comparison_join.cpp:608] [sirius_plan_comparison_join] Wired hash join with 1 dynamic-filter probe target(s) (build est 5 rows).
[2026-07-31 08:20:05.944] [info] [sirius_plan_comparison_join.cpp:608] [sirius_plan_comparison_join] Wired hash join with 1 dynamic-filter probe target(s) (build est 25 rows).
[2026-07-31 08:20:05.944] [info] [sirius_plan_comparison_join.cpp:608] [sirius_plan_comparison_join] Wired hash join with 1 dynamic-filter probe target(s) (build est 149999850 rows).
[2026-07-31 08:20:05.944] [info] [sirius_plan_comparison_join.cpp:608] [sirius_plan_comparison_join] Wired hash join with 1 dynamic-filter probe target(s) (build est 1499999460 rows).
[2026-07-31 08:20:05.944] [info] [sirius_plan_comparison_join.cpp:608] [sirius_plan_comparison_join] Wired hash join with 1 dynamic-filter probe target(s) (build est 199999968 rows).
[2026-07-31 08:20:05.944] [info] [sirius_plan_get.cpp:498] [sirius_plan_get] LogicalGet has dynamic_filters attached (channel key=0xb45a729d34b0).
[2026-07-31 08:20:05.944] [info] [sirius_plan_comparison_join.cpp:547] [sirius_plan_comparison_join] Not wiring dynamic filter(s): build side is unfiltered (build est 25 rows).
[2026-07-31 08:20:05.944] [info] [sirius_plan_comparison_join.cpp:547] [sirius_plan_comparison_join] Not wiring dynamic filter(s): build side is unfiltered (build est 10000000 rows).
[2026-07-31 08:20:05.945] [info] [sirius_context.cpp:1244] Transparent execution: Sirius physical plan generated successfully
[2026-07-31 08:20:05.945] [info] [sirius_context.cpp:1272] Transparent execution: physical plan replaced with GPU operator
[2026-07-31 08:20:05.945] [info] [physical_sirius_execution.cpp:155] Transparent GPU execution: executing query
[2026-07-31 08:20:05.945] [info] [sirius_context.cpp:416] [window] begin instance=0xfd127512aa00 connection=1 window=54 query=103 outcome=-
[2026-07-31 08:20:05.945] [info] [sirius_context.cpp:152] [host_pool] HOST:0 QueryBegin instance=0xfd127512aa00 connection=1 window=54 query=103 allocated=17515413504 bytes peak=30802968576 bytes free_blocks=2875
[2026-07-31 08:20:05.945] [info] [sirius_context.cpp:167] [gpu_pool] GPU:0 QueryBegin instance=0xfd127512aa00 connection=1 window=54 query=103 allocated=86704101120 bytes peak=193501846720 bytes reserved=0 bytes
[2026-07-31 08:20:05.945] [info] [sirius_context.cpp:285] QueryBegin: transparent_execution
[2026-07-31 08:20:05.950] [info] [sirius_plan_get.cpp:498] [sirius_plan_get] LogicalGet has dynamic_filters attached (channel key=0xb45a721925e0).
[2026-07-31 08:20:05.950] [info] [sirius_plan_get.cpp:498] [sirius_plan_get] LogicalGet has dynamic_filters attached (channel key=0xb45a69b5f140).
[2026-07-31 08:20:05.950] [info] [sirius_plan_get.cpp:498] [sirius_plan_get] LogicalGet has dynamic_filters attached (channel key=0xb45a724e78a0).
[2026-07-31 08:20:05.950] [info] [sirius_plan_get.cpp:498] [sirius_plan_get] LogicalGet has dynamic_filters attached (channel key=0xb45a727e84d0).
[2026-07-31 08:20:05.950] [info] [sirius_plan_comparison_join.cpp:608] [sirius_plan_comparison_join] Wired hash join with 1 dynamic-filter probe target(s) (build est 5 rows).
[2026-07-31 08:20:05.950] [info] [sirius_plan_comparison_join.cpp:608] [sirius_plan_comparison_join] Wired hash join with 1 dynamic-filter probe target(s) (build est 25 rows).
[2026-07-31 08:20:05.950] [info] [sirius_plan_comparison_join.cpp:608] [sirius_plan_comparison_join] Wired hash join with 1 dynamic-filter probe target(s) (build est 149999850 rows).
[2026-07-31 08:20:05.950] [info] [sirius_plan_comparison_join.cpp:608] [sirius_plan_comparison_join] Wired hash join with 1 dynamic-filter probe target(s) (build est 1499999460 rows).
[2026-07-31 08:20:05.950] [info] [sirius_plan_comparison_join.cpp:608] [sirius_plan_comparison_join] Wired hash join with 1 dynamic-filter probe target(s) (build est 199999968 rows).
[2026-07-31 08:20:05.950] [info] [sirius_plan_get.cpp:498] [sirius_plan_get] LogicalGet has dynamic_filters attached (channel key=0xb45a729d34b0).
[2026-07-31 08:20:05.950] [info] [sirius_plan_comparison_join.cpp:547] [sirius_plan_comparison_join] Not wiring dynamic filter(s): build side is unfiltered (build est 25 rows).
[2026-07-31 08:20:05.950] [info] [sirius_plan_comparison_join.cpp:547] [sirius_plan_comparison_join] Not wiring dynamic filter(s): build side is unfiltered (build est 10000000 rows).
[2026-07-31 08:20:05.951] [info] [sirius_engine.cpp:265] Query Plan:
=== Pipeline Overview ===
Pipeline #0: GPU_SCAN (id=0)
  Output: -> PARTITION [port: default, barrier: FULL]
Pipeline #1: PARTITION (id=1)
  Input: <- Pipeline #0 [on: PARTITION (id=1), port: default, barrier: FULL]
  Dependencies: Pipeline #0
  Output: -> CONCAT [port: default, barrier: PARTIAL]
Pipeline #2: CONCAT (id=2)
  Input: <- Pipeline #1 [on: CONCAT (id=2), port: default, barrier: PARTIAL]
  Dependencies: Pipeline #1
  Output: -> HASH_JOIN [port: build, barrier: PARTIAL]
Pipeline #3: GPU_SCAN (id=3)
  Output: -> PARTITION [port: default, barrier: PARTIAL]
Pipeline #4: PARTITION (id=4)
  Input: <- Pipeline #3 [on: PARTITION (id=4), port: default, barrier: PARTIAL]
  Dependencies: Pipeline #3
  Output: -> CONCAT [port: default, barrier: PARTIAL]
Pipeline #5: CONCAT (id=5)
  Input: <- Pipeline #4 [on: CONCAT (id=5), port: default, barrier: PARTIAL]
  Dependencies: Pipeline #4
  Output: -> HASH_JOIN [port: default, barrier: PARTIAL]
Pipeline #6: HASH_JOIN (id=6)
  Input: <- Pipeline #2 [on: HASH_JOIN (id=6), port: build, barrier: PARTIAL]
  Input: <- Pipeline #5 [on: HASH_JOIN (id=6), port: default, barrier: PARTIAL]
  Dependencies: Pipeline #2, Pipeline #5
  Output: -> PARTITION [port: default, barrier: FULL]
Pipeline #7: PARTITION (id=7)
  Input: <- Pipeline #6 [on: PARTITION (id=7), port: default, barrier: FULL]
  Dependencies: Pipeline #6
  Output: -> CONCAT [port: default, barrier: PARTIAL]
Pipeline #8: CONCAT (id=8)
  Input: <- Pipeline #7 [on: CONCAT (id=8), port: default, barrier: PARTIAL]
  Dependencies: Pipeline #7
  Output: -> HASH_JOIN [port: build, barrier: PARTIAL]
Pipeline #9: GPU_SCAN (id=9)
  Output: -> PARTITION [port: default, barrier: FULL]
Pipeline #10: PARTITION (id=10)
  Input: <- Pipeline #9 [on: PARTITION (id=10), port: default, barrier: FULL]
  Dependencies: Pipeline #9
  Output: -> CONCAT [port: default, barrier: PARTIAL]
Pipeline #11: CONCAT (id=11)
  Input: <- Pipeline #10 [on: CONCAT (id=11), port: default, barrier: PARTIAL]
  Dependencies: Pipeline #10
  Output: -> HASH_JOIN [port: build, barrier: PARTIAL]
Pipeline #12: GPU_SCAN (id=12)
  Output: -> PARTITION [port: default, barrier: FULL]
Pipeline #13: PARTITION (id=13)
  Input: <- Pipeline #12 [on: PARTITION (id=13), port: default, barrier: FULL]
  Dependencies: Pipeline #12
  Output: -> CONCAT [port: default, barrier: PARTIAL]
Pipeline #14: CONCAT (id=14)
  Input: <- Pipeline #13 [on: CONCAT (id=14), port: default, barrier: PARTIAL]
  Dependencies: Pipeline #13
  Output: -> HASH_JOIN [port: build, barrier: PARTIAL]
Pipeline #15: GPU_SCAN (id=15) -> DYNAMIC_FILTER (id=16)
  Output: -> PARTITION [port: default, barrier: PARTIAL]
Pipeline #16: PARTITION (id=17)
  Input: <- Pipeline #15 [on: PARTITION (id=17), port: default, barrier: PARTIAL]
  Dependencies: Pipeline #15
  Output: -> CONCAT [port: default, barrier: PARTIAL]
Pipeline #17: CONCAT (id=18)
  Input: <- Pipeline #16 [on: CONCAT (id=18), port: default, barrier: PARTIAL]
  Dependencies: Pipeline #16
  Output: -> HASH_JOIN [port: default, barrier: PARTIAL]
Pipeline #18: HASH_JOIN (id=19)
  Input: <- Pipeline #14 [on: HASH_JOIN (id=19), port: build, barrier: PARTIAL]
  Input: <- Pipeline #17 [on: HASH_JOIN (id=19), port: default, barrier: PARTIAL]
  Dependencies: Pipeline #14, Pipeline #17
  Output: -> PARTITION [port: default, barrier: FULL]
Pipeline #19: PARTITION (id=20)
  Input: <- Pipeline #18 [on: PARTITION (id=20), port: default, barrier: FULL]
  Dependencies: Pipeline #18
  Output: -> CONCAT [port: default, barrier: PARTIAL]
Pipeline #20: CONCAT (id=21)
  Input: <- Pipeline #19 [on: CONCAT (id=21), port: default, barrier: PARTIAL]
  Dependencies: Pipeline #19
  Output: -> HASH_JOIN [port: build, barrier: PARTIAL]
Pipeline #21: GPU_SCAN (id=22) -> DYNAMIC_FILTER (id=23)
  Output: -> PARTITION [port: default, barrier: PARTIAL]
Pipeline #22: PARTITION (id=24)
  Input: <- Pipeline #21 [on: PARTITION (id=24), port: default, barrier: PARTIAL]
  Dependencies: Pipeline #21
  Output: -> CONCAT [port: default, barrier: PARTIAL]
Pipeline #23: CONCAT (id=25)
  Input: <- Pipeline #22 [on: CONCAT (id=25), port: default, barrier: PARTIAL]
  Dependencies: Pipeline #22
  Output: -> HASH_JOIN [port: default, barrier: PARTIAL]
Pipeline #24: HASH_JOIN (id=26)
  Input: <- Pipeline #20 [on: HASH_JOIN (id=26), port: build, barrier: PARTIAL]
  Input: <- Pipeline #23 [on: HASH_JOIN (id=26), port: default, barrier: PARTIAL]
  Dependencies: Pipeline #20, Pipeline #23
  Output: -> PARTITION [port: default, barrier: FULL]
Pipeline #25: PARTITION (id=27)
  Input: <- Pipeline #24 [on: PARTITION (id=27), port: default, barrier: FULL]
  Dependencies: Pipeline #24
  Output: -> CONCAT [port: default, barrier: PARTIAL]
Pipeline #26: CONCAT (id=28)
  Input: <- Pipeline #25 [on: CONCAT (id=28), port: default, barrier: PARTIAL]
  Dependencies: Pipeline #25
  Output: -> HASH_JOIN [port: build, barrier: PARTIAL]
Pipeline #27: GPU_SCAN (id=29) -> DYNAMIC_FILTER (id=30)
  Output: -> PARTITION [port: default, barrier: PARTIAL]
Pipeline #28: PARTITION (id=31)
  Input: <- Pipeline #27 [on: PARTITION (id=31), port: default, barrier: PARTIAL]
  Dependencies: Pipeline #27
  Output: -> CONCAT [port: default, barrier: PARTIAL]
Pipeline #29: CONCAT (id=32)
  Input: <- Pipeline #28 [on: CONCAT (id=32), port: default, barrier: PARTIAL]
  Dependencies: Pipeline #28
  Output: -> HASH_JOIN [port: default, barrier: PARTIAL]
Pipeline #30: HASH_JOIN (id=33)
  Input: <- Pipeline #26 [on: HASH_JOIN (id=33), port: build, barrier: PARTIAL]
  Input: <- Pipeline #29 [on: HASH_JOIN (id=33), port: default, barrier: PARTIAL]
  Dependencies: Pipeline #26, Pipeline #29
  Output: -> PARTITION [port: default, barrier: FULL]
Pipeline #31: PARTITION (id=34)
  Input: <- Pipeline #30 [on: PARTITION (id=34), port: default, barrier: FULL]
  Dependencies: Pipeline #30
  Output: -> CONCAT [port: default, barrier: PARTIAL]
Pipeline #32: CONCAT (id=35)
  Input: <- Pipeline #31 [on: CONCAT (id=35), port: default, barrier: PARTIAL]
  Dependencies: Pipeline #31
  Output: -> HASH_JOIN [port: build, barrier: PARTIAL]
Pipeline #33: GPU_SCAN (id=36) -> DYNAMIC_FILTER (id=37)
  Output: -> PARTITION [port: default, barrier: PARTIAL]
Pipeline #34: PARTITION (id=38)
  Input: <- Pipeline #33 [on: PARTITION (id=38), port: default, barrier: PARTIAL]
  Dependencies: Pipeline #33
  Output: -> CONCAT [port: default, barrier: PARTIAL]
Pipeline #35: CONCAT (id=39)
  Input: <- Pipeline #34 [on: CONCAT (id=39), port: default, barrier: PARTIAL]
  Dependencies: Pipeline #34
  Output: -> HASH_JOIN [port: default, barrier: PARTIAL]
Pipeline #36: HASH_JOIN (id=40)
  Input: <- Pipeline #32 [on: HASH_JOIN (id=40), port: build, barrier: PARTIAL]
  Input: <- Pipeline #35 [on: HASH_JOIN (id=40), port: default, barrier: PARTIAL]
  Dependencies: Pipeline #32, Pipeline #35
  Output: -> PARTITION [port: default, barrier: PARTIAL]
Pipeline #37: PARTITION (id=41)
  Input: <- Pipeline #36 [on: PARTITION (id=41), port: default, barrier: PARTIAL]
  Dependencies: Pipeline #36
  Output: -> CONCAT [port: default, barrier: PARTIAL]
Pipeline #38: CONCAT (id=42)
  Input: <- Pipeline #37 [on: CONCAT (id=42), port: default, barrier: PARTIAL]
  Dependencies: Pipeline #37
  Output: -> HASH_JOIN [port: default, barrier: PARTIAL]
Pipeline #39: HASH_JOIN (id=43)
  Input: <- Pipeline #11 [on: HASH_JOIN (id=43), port: build, barrier: PARTIAL]
  Input: <- Pipeline #38 [on: HASH_JOIN (id=43), port: default, barrier: PARTIAL]
  Dependencies: Pipeline #11, Pipeline #38
  Output: -> PARTITION [port: default, barrier: PARTIAL]
Pipeline #40: PARTITION (id=44)
  Input: <- Pipeline #39 [on: PARTITION (id=44), port: default, barrier: PARTIAL]
  Dependencies: Pipeline #39
  Output: -> CONCAT [port: default, barrier: PARTIAL]
Pipeline #41: CONCAT (id=45)
  Input: <- Pipeline #40 [on: CONCAT (id=45), port: default, barrier: PARTIAL]
  Dependencies: Pipeline #40
  Output: -> HASH_JOIN [port: default, barrier: PARTIAL]
Pipeline #42: HASH_JOIN (id=46) -> PROJECTION (id=47) -> PROJECTION (id=48) -> HASH_GROUP_BY (id=49)
  Input: <- Pipeline #8 [on: HASH_JOIN (id=46), port: build, barrier: PARTIAL]
  Input: <- Pipeline #41 [on: HASH_JOIN (id=46), port: default, barrier: PARTIAL]
  Dependencies: Pipeline #8, Pipeline #41
  Output: -> PARTITION [port: default, barrier: FULL]
Pipeline #43: PARTITION (id=50)
  Input: <- Pipeline #42 [on: PARTITION (id=50), port: default, barrier: FULL]
  Dependencies: Pipeline #42
  Output: -> MERGE_GROUP_BY [port: default, barrier: FULL]
Pipeline #44: MERGE_GROUP_BY (id=51) -> PROJECTION (id=52) -> ORDER_BY (id=53)
  Input: <- Pipeline #43 [on: MERGE_GROUP_BY (id=51), port: default, barrier: FULL]
  Dependencies: Pipeline #43
  Output: -> SORT_SAMPLE [port: default, barrier: PIPELINE]
Pipeline #45: SORT_SAMPLE (id=54) -> SORT_PARTITION (id=55)
  Input: <- Pipeline #44 [on: SORT_SAMPLE (id=54), port: default, barrier: PIPELINE]
  Dependencies: Pipeline #44
  Output: -> MERGE_SORT [port: default, barrier: FULL]
Pipeline #46: MERGE_SORT (id=56)
  Input: <- Pipeline #45 [on: MERGE_SORT (id=56), port: default, barrier: FULL]
  Dependencies: Pipeline #45
  Output: -> RESULT_COLLECTOR [port: default, barrier: FULL]
Pipeline #47: RESULT_COLLECTOR (id=57)
  Input: <- Pipeline #46 [on: RESULT_COLLECTOR (id=57), port: default, barrier: FULL]
  Dependencies: Pipeline #46

=== Query Plan DAG ===
┌──────────────────────────┐                                                                                                                                                                                                    
│ Pipeline #47             │                                                                                                                                                                                                    
│ RESULT_COLLECTOR (id=57) │                                                                                                                                                                                                    
│ Input(#46): FULL         │                                                                                                                                                                                                    
└────────────┬─────────────┘                                                                                                                                                                                                    
             │                                                                                                                                                                                                                  
┌──────────────────────────┐                                                                                                                                                                                                    
│ Pipeline #46             │                                                                                                                                                                                                    
│ MERGE_SORT (id=56)       │                                                                                                                                                                                                    
│ Input(#45): FULL         │                                                                                                                                                                                                    
└────────────┬─────────────┘                                                                                                                                                                                                    
             │                                                                                                                                                                                                                  
┌──────────────────────────┐                                                                                                                                                                                                    
│ Pipeline #45             │                                                                                                                                                                                                    
│ SORT_PARTITION (id=55)   │                                                                                                                                                                                                    
│ SORT_SAMPLE (id=54)      │                                                                                                                                                                                                    
│ Input(#44): PIPELINE     │                                                                                                                                                                                                    
└────────────┬─────────────┘                                                                                                                                                                                                    
             │                                                                                                                                                                                                                  
┌──────────────────────────┐                                                                                                                                                                                                    
│ Pipeline #44             │                                                                                                                                                                                                    
│ ORDER_BY (id=53)         │                                                                                                                                                                                                    
│ PROJECTION (id=52)       │                                                                                                                                                                                                    
│ MERGE_GROUP_BY (id=51)   │                                                                                                                                                                                                    
│ Input(#43): FULL         │                                                                                                                                                                                                    
└────────────┬─────────────┘                                                                                                                                                                                                    
             │                                                                                                                                                                                                                  
┌──────────────────────────┐                                                                                                                                                                                                    
│ Pipeline #43             │                                                                                                                                                                                                    
│ PARTITION (id=50)        │                                                                                                                                                                                                    
│ Input(#42): FULL         │                                                                                                                                                                                                    
└────────────┬─────────────┘                                                                                                                                                                                                    
             │                                                                                                                                                                                                                  
┌──────────────────────────┐                                                                                                                                                                                                    
│ Pipeline #42             │                                                                                                                                                                                                    
│ HASH_GROUP_BY (id=49)    │                                                                                                                                                                                                    
│ PROJECTION (id=48)       │                                                                                                                                                                                                    
│ PROJECTION (id=47)       │                                                                                                                                                                                                    
│ HASH_JOIN (id=46)        │                                                                                                                                                                                                    
│   type: INNER            │                                                                                                                                                                                                    
│ Input(#8): PARTIAL       │                                                                                                                                                                                                    
│ Input(#41): PARTIAL      │                                                                                                                                                                                                    
└────────────┬─────────────┘                                                                                                                                                                                                    
             ┌───────────────────────────────────────────────────────┐                                                                                                                                                          
             │                                                       │                                                                                                                                                          
┌──────────────────────────┐                            ┌──────────────────────────┐                                                                                                                                            
│ Pipeline #8              │                            │ Pipeline #41             │                                                                                                                                            
│ CONCAT (id=8)            │                            │ CONCAT (id=45)           │                                                                                                                                            
│ Input(#7): PARTIAL       │                            │ Input(#40): PARTIAL      │                                                                                                                                            
└────────────┬─────────────┘                            └────────────┬─────────────┘                                                                                                                                            
             │                                                       │                                                                                                                                                          
┌──────────────────────────┐                            ┌──────────────────────────┐                                                                                                                                            
│ Pipeline #7              │                            │ Pipeline #40             │                                                                                                                                            
│ PARTITION (id=7)         │                            │ PARTITION (id=44)        │                                                                                                                                            
│ Input(#6): FULL          │                            │ Input(#39): PARTIAL      │                                                                                                                                            
└────────────┬─────────────┘                            └────────────┬─────────────┘                                                                                                                                            
             │                                                       │                                                                                                                                                          
┌──────────────────────────┐                            ┌──────────────────────────┐                                                                                                                                            
│ Pipeline #6              │                            │ Pipeline #39             │                                                                                                                                            
│ HASH_JOIN (id=6)         │                            │ HASH_JOIN (id=43)        │                                                                                                                                            
│   type: INNER            │                            │   type: INNER            │                                                                                                                                            
│ Input(#2): PARTIAL       │                            │ Input(#11): PARTIAL      │                                                                                                                                            
│ Input(#5): PARTIAL       │                            │ Input(#38): PARTIAL      │                                                                                                                                            
└────────────┬─────────────┘                            └────────────┬─────────────┘                                                                                                                                            
             ┌───────────────────────────┐                           ┌───────────────────────────┐                                                                                                                              
             │                           │                           │                           │                                                                                                                              
┌──────────────────────────┐┌──────────────────────────┐┌──────────────────────────┐┌──────────────────────────┐                                                                                                                
│ Pipeline #2              ││ Pipeline #5              ││ Pipeline #11             ││ Pipeline #38             │                                                                                                                
│ CONCAT (id=2)            ││ CONCAT (id=5)            ││ CONCAT (id=11)           ││ CONCAT (id=42)           │                                                                                                                
│ Input(#1): PARTIAL       ││ Input(#4): PARTIAL       ││ Input(#10): PARTIAL      ││ Input(#37): PARTIAL      │                                                                                                                
└────────────┬─────────────┘└────────────┬─────────────┘└────────────┬─────────────┘└────────────┬─────────────┘                                                                                                                
             │                           │                           │                           │                                                                                                                              
┌──────────────────────────┐┌──────────────────────────┐┌──────────────────────────┐┌──────────────────────────┐                                                                                                                
│ Pipeline #1              ││ Pipeline #4              ││ Pipeline #10             ││ Pipeline #37             │                                                                                                                
│ PARTITION (id=1)         ││ PARTITION (id=4)         ││ PARTITION (id=10)        ││ PARTITION (id=41)        │                                                                                                                
│ Input(#0): FULL          ││ Input(#3): PARTIAL       ││ Input(#9): FULL          ││ Input(#36): PARTIAL      │                                                                                                                
└────────────┬─────────────┘└────────────┬─────────────┘└────────────┬─────────────┘└────────────┬─────────────┘                                                                                                                
             │                           │                           │                           │                                                                                                                              
┌──────────────────────────┐┌──────────────────────────┐┌──────────────────────────┐┌──────────────────────────┐                                                                                                                
│ Pipeline #0              ││ Pipeline #3              ││ Pipeline #9              ││ Pipeline #36             │                                                                                                                
│ GPU_SCAN (id=0)          ││ GPU_SCAN (id=3)          ││ GPU_SCAN (id=9)          ││ HASH_JOIN (id=40)        │                                                                                                                
│                          ││                          ││                          ││   type: INNER            │                                                                                                                
│                          ││                          ││                          ││ Input(#32): PARTIAL      │                                                                                                                
│                          ││                          ││                          ││ Input(#35): PARTIAL      │                                                                                                                
└──────────────────────────┘└──────────────────────────┘└──────────────────────────┘└────────────┬─────────────┘                                                                                                                
                                                                                                 ┌───────────────────────────────────────────────────────────────────────────────────────────────────────────────┐              
                                                                                                 │                                                                                                               │              
                                                                                    ┌──────────────────────────┐                                                                                    ┌──────────────────────────┐
                                                                                    │ Pipeline #32             │                                                                                    │ Pipeline #35             │
                                                                                    │ CONCAT (id=35)           │                                                                                    │ CONCAT (id=39)           │
                                                                                    │ Input(#31): PARTIAL      │                                                                                    │ Input(#34): PARTIAL      │
                                                                                    └────────────┬─────────────┘                                                                                    └────────────┬─────────────┘
                                                                                                 │                                                                                                               │              
                                                                                    ┌──────────────────────────┐                                                                                    ┌──────────────────────────┐
                                                                                    │ Pipeline #31             │                                                                                    │ Pipeline #34             │
                                                                                    │ PARTITION (id=34)        │                                                                                    │ PARTITION (id=38)        │
                                                                                    │ Input(#30): FULL         │                                                                                    │ Input(#33): PARTIAL      │
                                                                                    └────────────┬─────────────┘                                                                                    └────────────┬─────────────┘
                                                                                                 │                                                                                                               │              
                                                                                    ┌──────────────────────────┐                                                                                    ┌──────────────────────────┐
                                                                                    │ Pipeline #30             │                                                                                    │ Pipeline #33             │
                                                                                    │ HASH_JOIN (id=33)        │                                                                                    │ DYNAMIC_FILTER (id=37)   │
                                                                                    │   type: INNER            │                                                                                    │ GPU_SCAN (id=36)         │
                                                                                    │ Input(#26): PARTIAL      │                                                                                    │                          │
                                                                                    │ Input(#29): PARTIAL      │                                                                                    │                          │
                                                                                    └────────────┬─────────────┘                                                                                    └──────────────────────────┘
                                                                                                 ┌───────────────────────────────────────────────────────────────────────────────────┐                                          
                                                                                                 │                                                                                   │                                          
                                                                                    ┌──────────────────────────┐                                                        ┌──────────────────────────┐                            
                                                                                    │ Pipeline #26             │                                                        │ Pipeline #29             │                            
                                                                                    │ CONCAT (id=28)           │                                                        │ CONCAT (id=32)           │                            
                                                                                    │ Input(#25): PARTIAL      │                                                        │ Input(#28): PARTIAL      │                            
                                                                                    └────────────┬─────────────┘                                                        └────────────┬─────────────┘                            
                                                                                                 │                                                                                   │                                          
                                                                                    ┌──────────────────────────┐                                                        ┌──────────────────────────┐                            
                                                                                    │ Pipeline #25             │                                                        │ Pipeline #28             │                            
                                                                                    │ PARTITION (id=27)        │                                                        │ PARTITION (id=31)        │                            
                                                                                    │ Input(#24): FULL         │                                                        │ Input(#27): PARTIAL      │                            
                                                                                    └────────────┬─────────────┘                                                        └────────────┬─────────────┘                            
                                                                                                 │                                                                                   │                                          
                                                                                    ┌──────────────────────────┐                                                        ┌──────────────────────────┐                            
                                                                                    │ Pipeline #24             │                                                        │ Pipeline #27             │                            
                                                                                    │ HASH_JOIN (id=26)        │                                                        │ DYNAMIC_FILTER (id=30)   │                            
                                                                                    │   type: INNER            │                                                        │ GPU_SCAN (id=29)         │                            
                                                                                    │ Input(#20): PARTIAL      │                                                        │                          │                            
                                                                                    │ Input(#23): PARTIAL      │                                                        │                          │                            
                                                                                    └────────────┬─────────────┘                                                        └──────────────────────────┘                            
                                                                                                 ┌───────────────────────────────────────────────────────┐                                                                      
                                                                                                 │                                                       │                                                                      
                                                                                    ┌──────────────────────────┐                            ┌──────────────────────────┐                                                        
                                                                                    │ Pipeline #20             │                            │ Pipeline #23             │                                                        
                                                                                    │ CONCAT (id=21)           │                            │ CONCAT (id=25)           │                                                        
                                                                                    │ Input(#19): PARTIAL      │                            │ Input(#22): PARTIAL      │                                                        
                                                                                    └────────────┬─────────────┘                            └────────────┬─────────────┘                                                        
                                                                                                 │                                                       │                                                                      
                                                                                    ┌──────────────────────────┐                            ┌──────────────────────────┐                                                        
                                                                                    │ Pipeline #19             │                            │ Pipeline #22             │                                                        
                                                                                    │ PARTITION (id=20)        │                            │ PARTITION (id=24)        │                                                        
                                                                                    │ Input(#18): FULL         │                            │ Input(#21): PARTIAL      │                                                        
                                                                                    └────────────┬─────────────┘                            └────────────┬─────────────┘                                                        
                                                                                                 │                                                       │                                                                      
                                                                                    ┌──────────────────────────┐                            ┌──────────────────────────┐                                                        
                                                                                    │ Pipeline #18             │                            │ Pipeline #21             │                                                        
                                                                                    │ HASH_JOIN (id=19)        │                            │ DYNAMIC_FILTER (id=23)   │                                                        
                                                                                    │   type: INNER            │                            │ GPU_SCAN (id=22)         │                                                        
                                                                                    │ Input(#14): PARTIAL      │                            │                          │                                                        
                                                                                    │ Input(#17): PARTIAL      │                            │                          │                                                        
                                                                                    └────────────┬─────────────┘                            └──────────────────────────┘                                                        
                                                                                                 ┌───────────────────────────┐                                                                                                  
                                                                                                 │                           │                                                                                                  
                                                                                    ┌──────────────────────────┐┌──────────────────────────┐                                                                                    
                                                                                    │ Pipeline #14             ││ Pipeline #17             │                                                                                    
                                                                                    │ CONCAT (id=14)           ││ CONCAT (id=18)           │                                                                                    
                                                                                    │ Input(#13): PARTIAL      ││ Input(#16): PARTIAL      │                                                                                    
                                                                                    └────────────┬─────────────┘└────────────┬─────────────┘                                                                                    
                                                                                                 │                           │                                                                                                  
                                                                                    ┌──────────────────────────┐┌──────────────────────────┐                                                                                    
                                                                                    │ Pipeline #13             ││ Pipeline #16             │                                                                                    
                                                                                    │ PARTITION (id=13)        ││ PARTITION (id=17)        │                                                                                    
                                                                                    │ Input(#12): FULL         ││ Input(#15): PARTIAL      │                                                                                    
                                                                                    └────────────┬─────────────┘└────────────┬─────────────┘                                                                                    
                                                                                                 │                           │                                                                                                  
                                                                                    ┌──────────────────────────┐┌──────────────────────────┐                                                                                    
                                                                                    │ Pipeline #12             ││ Pipeline #15             │                                                                                    
                                                                                    │ GPU_SCAN (id=12)         ││ DYNAMIC_FILTER (id=16)   │                                                                                    
                                                                                    │                          ││ GPU_SCAN (id=15)         │                                                                                    
                                                                                    └──────────────────────────┘└──────────────────────────┘                                                                                    

[2026-07-31 08:20:05.951] [info] [sirius_engine.cpp:148] query 54 telemetry_query=019fb74256bf76d09e2ed5cd0a0b45a3
[2026-07-31 08:20:05.951] [info] [sirius_scan_manager.cpp:1494] [sirius_scan_manager] assigned pinned entry 'nation' to operator '0'
[2026-07-31 08:20:05.951] [info] [sirius_scan_manager.cpp:1494] [sirius_scan_manager] assigned pinned entry 'supplier' to operator '3'
[2026-07-31 08:20:05.951] [info] [sirius_scan_manager.cpp:1494] [sirius_scan_manager] assigned pinned entry 'part' to operator '9'
[2026-07-31 08:20:05.951] [info] [sirius_scan_manager.cpp:1494] [sirius_scan_manager] assigned pinned entry 'region' to operator '12'
[2026-07-31 08:20:05.951] [info] [sirius_scan_manager.cpp:1494] [sirius_scan_manager] assigned pinned entry 'nation' to operator '15'
[2026-07-31 08:20:05.951] [info] [sirius_scan_manager.cpp:1494] [sirius_scan_manager] assigned pinned entry 'customer' to operator '22'
[2026-07-31 08:20:05.951] [info] [sirius_scan_manager.cpp:1494] [sirius_scan_manager] assigned pinned entry 'orders' to operator '29'
[2026-07-31 08:20:05.952] [info] [sirius_scan_manager.cpp:1494] [sirius_scan_manager] assigned pinned entry 'lineitem' to operator '36'
[2026-07-31 08:20:05.952] [info] [memory_prefetcher.cpp:52] [memory_prefetcher] started: 3 threads, 8 connectors, min_free_fraction=0.40
[2026-07-31 08:20:05.952] [warning] [sirius_physical_partition.cpp:304] slot_for_device: device_id 0 not found in active GPU list, falling back to slot 0
[2026-07-31 08:20:05.958] [info] [dynamic_filter_publisher.cpp:338] [sirius_physical_hash_join] Pushed 1 dynamic filter(s) across 1 active target(s) of 1 wired target(s) (1332415 build rows, 1 keys).
[2026-07-31 08:20:05.959] [info] [dynamic_filter_publisher.cpp:338] [sirius_physical_hash_join] Pushed 1 dynamic filter(s) across 1 active target(s) of 1 wired target(s) (1 build rows, 1 keys).
[2026-07-31 08:20:05.959] [warning] [sirius_physical_partition.cpp:304] slot_for_device: device_id 0 not found in active GPU list, falling back to slot 0
[2026-07-31 08:20:05.960] [info] [dynamic_filter_publisher.cpp:338] [sirius_physical_hash_join] Pushed 1 dynamic filter(s) across 1 active target(s) of 1 wired target(s) (5 build rows, 1 keys).
[2026-07-31 08:20:05.961] [warning] [sirius_physical_partition.cpp:304] slot_for_device: device_id 0 not found in active GPU list, falling back to slot 0
[2026-07-31 08:20:05.966] [info] [dynamic_filter_publisher.cpp:338] [sirius_physical_hash_join] Pushed 1 dynamic filter(s) across 1 active target(s) of 1 wired target(s) (30002171 build rows, 1 keys).
[2026-07-31 08:20:06.047] [info] [dynamic_filter_publisher.cpp:338] [sirius_physical_hash_join] Pushed 1 dynamic filter(s) across 1 active target(s) of 1 wired target(s) (91139462 build rows, 1 keys).
[2026-07-31 08:20:06.447] [warning] [sirius_physical_partition.cpp:304] slot_for_device: device_id 0 not found in active GPU list, falling back to slot 0
[2026-07-31 08:20:06.448] [warning] [sirius_physical_partition.cpp:304] slot_for_device: device_id 0 not found in active GPU list, falling back to slot 0
[2026-07-31 08:20:06.471] [info] [gpu_pipeline_executor.cpp:129] GPU Pipeline Executor: task queue interrupted, stopping manager loop
[2026-07-31 08:20:06.472] [info] [sirius_context.cpp:300] QueryEnd
[2026-07-31 08:20:06.484] [info] [memory_prefetcher.cpp:65] [memory_prefetcher] stopping: prefetched 0 batches / 0 bytes (stops: headroom=0 reservation=0, skips: lock=0 draining=943)
[2026-07-31 08:20:06.484] [info] [sirius_context.cpp:152] [host_pool] HOST:0 QueryEnd instance=0xfd127512aa00 connection=1 window=54 query=103 allocated=17515413504 bytes peak=30802968576 bytes free_blocks=2875
[2026-07-31 08:20:06.484] [info] [sirius_context.cpp:167] [gpu_pool] GPU:0 QueryEnd instance=0xfd127512aa00 connection=1 window=54 query=103 allocated=86704101120 bytes peak=193501846720 bytes reserved=0 bytes
[2026-07-31 08:20:06.484] [info] [sirius_context.cpp:416] [window] end instance=0xfd127512aa00 connection=1 window=54 query=103 outcome=ok
[2026-07-31 08:20:06.484] [info] [physical_sirius_execution.cpp:329] Transparent GPU execution: query completed
[2026-07-31 08:20:06.500] [info] [sirius_context.cpp:225] QueryBegin: instance=0xfd127512aa00 connection=1 query=104 SQL: CALL unpin_table('lineitem')
[2026-07-31 08:20:06.501] [info] [sirius_context.cpp:225] QueryBegin: instance=0xfd127512aa00 connection=1 query=105 SQL: CALL unpin_table('part')
[2026-07-31 08:20:06.501] [info] [sirius_context.cpp:225] QueryBegin: instance=0xfd127512aa00 connection=1 query=106 SQL: CALL unpin_table('supplier')
[2026-07-31 08:20:06.501] [info] [sirius_context.cpp:225] QueryBegin: instance=0xfd127512aa00 connection=1 query=107 SQL: CALL unpin_table('orders')
[2026-07-31 08:20:06.502] [info] [sirius_context.cpp:225] QueryBegin: instance=0xfd127512aa00 connection=1 query=108 SQL: CALL unpin_table('customer')
[2026-07-31 08:20:06.502] [info] [sirius_context.cpp:225] QueryBegin: instance=0xfd127512aa00 connection=1 query=109 SQL: CALL unpin_table('nation')
[2026-07-31 08:20:06.503] [info] [sirius_context.cpp:225] QueryBegin: instance=0xfd127512aa00 connection=1 query=110 SQL: CALL unpin_table('region')
[2026-07-31 08:20:06.503] [info] [sirius_context.cpp:225] QueryBegin: instance=0xfd127512aa00 connection=1 query=111 SQL: CALL pin_table('/home/nvidia/tpch_parquet_sf1000/part/*.parquet', tier='gpu', name='part', cols=['p_partkey','p_name'])
[2026-07-31 08:20:06.504] [info] [sirius_context.cpp:416] [window] begin instance=0xfd127512aa00 connection=1 window=55 query=111 outcome=-
[2026-07-31 08:20:06.504] [info] [sirius_context.cpp:152] [host_pool] HOST:0 QueryBegin instance=0xfd127512aa00 connection=1 window=55 query=111 allocated=17515413504 bytes peak=30802968576 bytes free_blocks=2875
[2026-07-31 08:20:06.504] [info] [sirius_context.cpp:167] [gpu_pool] GPU:0 QueryBegin instance=0xfd127512aa00 connection=1 window=55 query=111 allocated=0 bytes peak=193501846720 bytes reserved=0 bytes
[2026-07-31 08:20:06.504] [info] [sirius_context.cpp:285] QueryBegin: pin_table
[2026-07-31 08:20:06.504] [warning] [sirius_extension.cpp:1348] [pin_table] 'part': pin_table_compression is enabled but no plan file was found in '/home/nvidia/felipe/sirius/.claude/worktrees/combo-prefetch-comp/bench_out/plans_gpu_facts'; pinning uncompressed
[2026-07-31 08:20:06.666] [info] [sirius_context.cpp:300] QueryEnd
[2026-07-31 08:20:06.675] [info] [sirius_context.cpp:152] [host_pool] HOST:0 QueryEnd instance=0xfd127512aa00 connection=1 window=55 query=111 allocated=17515413504 bytes peak=30802968576 bytes free_blocks=2875
[2026-07-31 08:20:06.675] [info] [sirius_context.cpp:167] [gpu_pool] GPU:0 QueryEnd instance=0xfd127512aa00 connection=1 window=55 query=111 allocated=8999909888 bytes peak=193501846720 bytes reserved=0 bytes
[2026-07-31 08:20:06.675] [info] [sirius_context.cpp:416] [window] end instance=0xfd127512aa00 connection=1 window=55 query=111 outcome=ok
[2026-07-31 08:20:06.676] [info] [sirius_context.cpp:225] QueryBegin: instance=0xfd127512aa00 connection=1 query=112 SQL: CALL pin_table('/home/nvidia/tpch_parquet_sf1000/supplier/*.parquet', tier='gpu', name='supplier', cols=['s_suppkey','s_nationkey'])
[2026-07-31 08:20:06.676] [info] [sirius_context.cpp:416] [window] begin instance=0xfd127512aa00 connection=1 window=56 query=112 outcome=-
[2026-07-31 08:20:06.676] [info] [sirius_context.cpp:152] [host_pool] HOST:0 QueryBegin instance=0xfd127512aa00 connection=1 window=56 query=112 allocated=17515413504 bytes peak=30802968576 bytes free_blocks=2875
[2026-07-31 08:20:06.676] [info] [sirius_context.cpp:167] [gpu_pool] GPU:0 QueryBegin instance=0xfd127512aa00 connection=1 window=56 query=112 allocated=8999909888 bytes peak=193501846720 bytes reserved=0 bytes
[2026-07-31 08:20:06.676] [info] [sirius_context.cpp:285] QueryBegin: pin_table
[2026-07-31 08:20:06.676] [warning] [sirius_extension.cpp:1348] [pin_table] 'supplier': pin_table_compression is enabled but no plan file was found in '/home/nvidia/felipe/sirius/.claude/worktrees/combo-prefetch-comp/bench_out/plans_gpu_facts'; pinning uncompressed
[2026-07-31 08:20:06.680] [info] [sirius_context.cpp:300] QueryEnd
[2026-07-31 08:20:06.685] [info] [sirius_context.cpp:152] [host_pool] HOST:0 QueryEnd instance=0xfd127512aa00 connection=1 window=56 query=112 allocated=17515413504 bytes peak=30802968576 bytes free_blocks=2875
[2026-07-31 08:20:06.685] [info] [sirius_context.cpp:167] [gpu_pool] GPU:0 QueryEnd instance=0xfd127512aa00 connection=1 window=56 query=112 allocated=9082409984 bytes peak=193501846720 bytes reserved=0 bytes
[2026-07-31 08:20:06.685] [info] [sirius_context.cpp:416] [window] end instance=0xfd127512aa00 connection=1 window=56 query=112 outcome=ok
[2026-07-31 08:20:06.685] [info] [sirius_context.cpp:225] QueryBegin: instance=0xfd127512aa00 connection=1 query=113 SQL: CALL pin_table('/home/nvidia/tpch_parquet_sf1000/lineitem/*.parquet', tier='gpu', name='lineitem', cols=['l_suppkey','l_partkey','l_orderkey','l_extendedprice','l_discount','l_quantity'])
[2026-07-31 08:20:06.686] [info] [sirius_context.cpp:416] [window] begin instance=0xfd127512aa00 connection=1 window=57 query=113 outcome=-
[2026-07-31 08:20:06.686] [info] [sirius_context.cpp:152] [host_pool] HOST:0 QueryBegin instance=0xfd127512aa00 connection=1 window=57 query=113 allocated=17515413504 bytes peak=30802968576 bytes free_blocks=2875
[2026-07-31 08:20:06.686] [info] [sirius_context.cpp:167] [gpu_pool] GPU:0 QueryBegin instance=0xfd127512aa00 connection=1 window=57 query=113 allocated=9082409984 bytes peak=193501846720 bytes reserved=0 bytes
[2026-07-31 08:20:06.686] [info] [sirius_context.cpp:285] QueryBegin: pin_table
[2026-07-31 08:20:06.686] [info] [sirius_extension.cpp:1338] [pin_table] 'lineitem' tier=gpu: compressing with plan for 6 column(s)
[2026-07-31 08:20:11.566] [info] [sirius_context.cpp:300] QueryEnd
[2026-07-31 08:20:11.574] [info] [sirius_context.cpp:152] [host_pool] HOST:0 QueryEnd instance=0xfd127512aa00 connection=1 window=57 query=113 allocated=17515413504 bytes peak=30802968576 bytes free_blocks=2875
[2026-07-31 08:20:11.574] [info] [sirius_context.cpp:167] [gpu_pool] GPU:0 QueryEnd instance=0xfd127512aa00 connection=1 window=57 query=113 allocated=90503759360 bytes peak=193501846720 bytes reserved=0 bytes
[2026-07-31 08:20:11.574] [info] [sirius_context.cpp:416] [window] end instance=0xfd127512aa00 connection=1 window=57 query=113 outcome=ok
[2026-07-31 08:20:11.575] [info] [sirius_context.cpp:225] QueryBegin: instance=0xfd127512aa00 connection=1 query=114 SQL: CALL pin_table('/home/nvidia/tpch_parquet_sf1000/partsupp/*.parquet', tier='host', name='partsupp', cols=['ps_suppkey','ps_partkey','ps_supplycost'])
[2026-07-31 08:20:11.575] [info] [sirius_context.cpp:416] [window] begin instance=0xfd127512aa00 connection=1 window=58 query=114 outcome=-
[2026-07-31 08:20:11.575] [info] [sirius_context.cpp:152] [host_pool] HOST:0 QueryBegin instance=0xfd127512aa00 connection=1 window=58 query=114 allocated=17515413504 bytes peak=30802968576 bytes free_blocks=2875
[2026-07-31 08:20:11.575] [info] [sirius_context.cpp:167] [gpu_pool] GPU:0 QueryBegin instance=0xfd127512aa00 connection=1 window=58 query=114 allocated=90503759360 bytes peak=193501846720 bytes reserved=0 bytes
[2026-07-31 08:20:11.575] [info] [sirius_context.cpp:285] QueryBegin: pin_table
[2026-07-31 08:20:11.575] [warning] [sirius_extension.cpp:1348] [pin_table] 'partsupp': pin_table_compression is enabled but no plan file was found in '/home/nvidia/felipe/sirius/.claude/worktrees/combo-prefetch-comp/bench_out/plans_gpu_facts'; pinning uncompressed
[2026-07-31 08:20:11.871] [info] [sirius_context.cpp:300] QueryEnd
[2026-07-31 08:20:11.876] [info] [sirius_context.cpp:152] [host_pool] HOST:0 QueryEnd instance=0xfd127512aa00 connection=1 window=58 query=114 allocated=30735859712 bytes peak=30802968576 bytes free_blocks=2678
[2026-07-31 08:20:11.876] [info] [sirius_context.cpp:167] [gpu_pool] GPU:0 QueryEnd instance=0xfd127512aa00 connection=1 window=58 query=114 allocated=90503759360 bytes peak=193501846720 bytes reserved=0 bytes
[2026-07-31 08:20:11.876] [info] [sirius_context.cpp:416] [window] end instance=0xfd127512aa00 connection=1 window=58 query=114 outcome=ok
[2026-07-31 08:20:11.877] [info] [sirius_context.cpp:225] QueryBegin: instance=0xfd127512aa00 connection=1 query=115 SQL: CALL pin_table('/home/nvidia/tpch_parquet_sf1000/orders/*.parquet', tier='gpu', name='orders', cols=['o_orderkey','o_orderdate'])
[2026-07-31 08:20:11.877] [info] [sirius_context.cpp:416] [window] begin instance=0xfd127512aa00 connection=1 window=59 query=115 outcome=-
[2026-07-31 08:20:11.877] [info] [sirius_context.cpp:152] [host_pool] HOST:0 QueryBegin instance=0xfd127512aa00 connection=1 window=59 query=115 allocated=30735859712 bytes peak=30802968576 bytes free_blocks=2678
[2026-07-31 08:20:11.877] [info] [sirius_context.cpp:167] [gpu_pool] GPU:0 QueryBegin instance=0xfd127512aa00 connection=1 window=59 query=115 allocated=90503759360 bytes peak=193501846720 bytes reserved=0 bytes
[2026-07-31 08:20:11.877] [info] [sirius_context.cpp:285] QueryBegin: pin_table
[2026-07-31 08:20:11.877] [info] [sirius_extension.cpp:1338] [pin_table] 'orders' tier=gpu: compressing with plan for 2 column(s)
[2026-07-31 08:20:12.123] [info] [sirius_context.cpp:300] QueryEnd
[2026-07-31 08:20:12.128] [info] [sirius_context.cpp:152] [host_pool] HOST:0 QueryEnd instance=0xfd127512aa00 connection=1 window=59 query=115 allocated=30735859712 bytes peak=30802968576 bytes free_blocks=2678
[2026-07-31 08:20:12.128] [info] [sirius_context.cpp:167] [gpu_pool] GPU:0 QueryEnd instance=0xfd127512aa00 connection=1 window=59 query=115 allocated=92879747328 bytes peak=193501846720 bytes reserved=0 bytes
[2026-07-31 08:20:12.128] [info] [sirius_context.cpp:416] [window] end instance=0xfd127512aa00 connection=1 window=59 query=115 outcome=ok
[2026-07-31 08:20:12.128] [info] [sirius_context.cpp:225] QueryBegin: instance=0xfd127512aa00 connection=1 query=116 SQL: CALL pin_table('/home/nvidia/tpch_parquet_sf1000/nation/*.parquet', tier='gpu', name='nation', cols=['n_nationkey','n_name'])
[2026-07-31 08:20:12.129] [info] [sirius_context.cpp:416] [window] begin instance=0xfd127512aa00 connection=1 window=60 query=116 outcome=-
[2026-07-31 08:20:12.129] [info] [sirius_context.cpp:152] [host_pool] HOST:0 QueryBegin instance=0xfd127512aa00 connection=1 window=60 query=116 allocated=30735859712 bytes peak=30802968576 bytes free_blocks=2678
[2026-07-31 08:20:12.129] [info] [sirius_context.cpp:167] [gpu_pool] GPU:0 QueryBegin instance=0xfd127512aa00 connection=1 window=60 query=116 allocated=92879747328 bytes peak=193501846720 bytes reserved=0 bytes
[2026-07-31 08:20:12.129] [info] [sirius_context.cpp:285] QueryBegin: pin_table
[2026-07-31 08:20:12.129] [warning] [sirius_extension.cpp:1348] [pin_table] 'nation': pin_table_compression is enabled but no plan file was found in '/home/nvidia/felipe/sirius/.claude/worktrees/combo-prefetch-comp/bench_out/plans_gpu_facts'; pinning uncompressed
[2026-07-31 08:20:12.131] [info] [sirius_context.cpp:300] QueryEnd
[2026-07-31 08:20:12.138] [info] [sirius_context.cpp:152] [host_pool] HOST:0 QueryEnd instance=0xfd127512aa00 connection=1 window=60 query=116 allocated=30735859712 bytes peak=30802968576 bytes free_blocks=2678
[2026-07-31 08:20:12.138] [info] [sirius_context.cpp:167] [gpu_pool] GPU:0 QueryEnd instance=0xfd127512aa00 connection=1 window=60 query=116 allocated=92879748608 bytes peak=193501846720 bytes reserved=0 bytes
[2026-07-31 08:20:12.138] [info] [sirius_context.cpp:416] [window] end instance=0xfd127512aa00 connection=1 window=60 query=116 outcome=ok
[2026-07-31 08:20:12.138] [info] [sirius_context.cpp:225] QueryBegin: instance=0xfd127512aa00 connection=1 query=117 SQL: SET gpu_execution = true;
